#
# There is insufficient memory for the Java Runtime Environment to continue.
# Native memory allocation (mmap) failed to map 40265318400 bytes. Error detail: committing reserved memory.
# Possible reasons:
#   The system is out of physical RAM or swap space
#   This process has exceeded the maximum number of memory mappings (check below
#     for `/proc/sys/vm/max_map_count` and `Total number of mappings`)
# Possible solutions:
#   Reduce memory load on the system
#   Increase physical memory or swap space
#   Check if swap backing store is full
#   Decrease Java heap size (-Xmx/-Xms)
#   Decrease number of Java threads
#   Decrease Java thread stack sizes (-Xss)
#   Set larger code cache with -XX:ReservedCodeCacheSize=
# This output file may be truncated or incomplete.
#
#  Out of Memory Error (os_linux.cpp:2857), pid=95881, tid=95894
#
# JRE version: OpenJDK Runtime Environment (26.0.2) (build 26.0.2)
# Java VM: OpenJDK 64-Bit Server VM (26.0.2, mixed mode, sharing, tiered, compressed class ptrs, g1 gc, linux-amd64)
# Core dump will be written. Default location: Determined by the following: "/usr/lib/systemd/systemd-coredump %P %u %g %s %t %c %h %d %F %I" (alternatively, falling back to /home/sainenco/code/onto-recomender/backend/core.95881)
#

---------------  S U M M A R Y ------------

Command Line: -Xmx8388608M pellet.Pellet realize --loader Jena --input-format N-Triples --infer-prop-values --infer-data-prop-values --ignore-imports /var/tmp/tmpzily2z36

Host: 11th Gen Intel(R) Core(TM) i5-11400H @ 2.70GHz, 12 cores, 15G, CachyOS
Time: Wed Aug 12 20:39:04 2026 EEST elapsed time: 81.263415 seconds (0d 0h 1m 21s)

---------------  T H R E A D  ---------------

Current thread (0x00007fe3880f3700):  VMThread "VM Thread"          [id=95894, stack(0x00007fe36f7f9000,0x00007fe36f8f9000) (1024K)]

Stack: [0x00007fe36f7f9000,0x00007fe36f8f9000],  sp=0x00007fe36f8f6bc0,  free space=1014k
Native frames: (J=compiled Java code, j=interpreted, Vv=VM code, C=native code)
V  [libjvm.so+0xfc6ae7]  (os_linux.cpp:2857)
V  [libjvm.so+0x535c39]
V  [libjvm.so+0xbf80a8]
V  [libjvm.so+0x6b6ad6]
V  [libjvm.so+0x6b6e9d]
V  [libjvm.so+0x69f221]
V  [libjvm.so+0x64aea7]
V  [libjvm.so+0x660a58]
V  [libjvm.so+0x6dccb9]
V  [libjvm.so+0xfcd91e]
V  [libjvm.so+0xfcf51e]
V  [libjvm.so+0xbf5978]
VM_Operation (0x00007fe38f1fdfb0): G1CollectForAllocation, mode: safepoint, requested by thread 0x00007fe388019c70


---------------  P R O C E S S  ---------------

Threads class SMR info:
_java_thread_list=0x00005608557915e0, length=10, elements={
0x00007fe388019c70, 0x00007fe3880fc770, 0x00007fe3880fde30, 0x00007fe3880ff960,
0x00007fe3881011d0, 0x00007fe388102a20, 0x00007fe388104070, 0x00007fe388104d20,
0x00007fe388111370, 0x00007fe3881139f0
}

Java Threads: ( => current thread )
  0x00007fe388019c70 JavaThread "main"                              [_thread_blocked, id=95882, stack(0x00007fe38f100000,0x00007fe38f200000) (1024K)]
  0x00007fe3880fc770 JavaThread "Reference Handler"          daemon [_thread_blocked, id=95895, stack(0x00007fe36f54f000,0x00007fe36f64f000) (1024K)]
  0x00007fe3880fde30 JavaThread "Finalizer"                  daemon [_thread_blocked, id=95896, stack(0x00007fe36f100000,0x00007fe36f200000) (1024K)]
  0x00007fe3880ff960 JavaThread "Signal Dispatcher"          daemon [_thread_blocked, id=95897, stack(0x00007fe36efff000,0x00007fe36f0ff000) (1024K)]
  0x00007fe3881011d0 JavaThread "Service Thread"             daemon [_thread_blocked, id=95898, stack(0x00007fe36f6f8000,0x00007fe36f7f8000) (1024K)]
  0x00007fe388102a20 JavaThread "Monitor Deflation Thread"   daemon [_thread_blocked, id=95899, stack(0x00007fe36eefe000,0x00007fe36effe000) (1024K)]
  0x00007fe388104070 JavaThread "C2 CompilerThread0"         daemon [_thread_blocked, id=95900, stack(0x00007fe36f8fa000,0x00007fe36f9fa000) (1024K)]
  0x00007fe388104d20 JavaThread "C1 CompilerThread0"         daemon [_thread_blocked, id=95901, stack(0x00007fe36edfd000,0x00007fe36eefd000) (1024K)]
  0x00007fe388111370 JavaThread "Notification Thread"        daemon [_thread_blocked, id=95902, stack(0x00007fe36ecfc000,0x00007fe36edfc000) (1024K)]
  0x00007fe3881139f0 JavaThread "Common-Cleaner"             daemon [_thread_blocked, id=95903, stack(0x00007fe36ebfb000,0x00007fe36ecfb000) (1024K)]
Total: 10

Other Threads:
=>0x00007fe3880f3700 VMThread "VM Thread"                           [id=95894, stack(0x00007fe36f7f9000,0x00007fe36f8f9000) (1024K)]
  0x00007fe3880d7f20 WatcherThread "VM Periodic Task Thread"        [id=95893, stack(0x00007fe36f9fb000,0x00007fe36fafb000) (1024K)]
  0x00007fe388075bd0 WorkerThread "GC Thread#0"                     [id=95883, stack(0x00007fe38d959000,0x00007fe38da59000) (1024K)]
  0x000077b738008d50 WorkerThread "GC Thread#1"                     [id=95906, stack(0x00007fe36e8f8000,0x00007fe36e9f8000) (1024K)]
  0x000077b7383a1c10 WorkerThread "GC Thread#2"                     [id=95907, stack(0x00007fe36e7f7000,0x00007fe36e8f7000) (1024K)]
  0x000077b7383a2870 WorkerThread "GC Thread#3"                     [id=95908, stack(0x00007fe36e6f6000,0x00007fe36e7f6000) (1024K)]
  0x000077b7383a3590 WorkerThread "GC Thread#4"                     [id=95909, stack(0x00007fe36e5f5000,0x00007fe36e6f5000) (1024K)]
  0x000077b7383a42f0 WorkerThread "GC Thread#5"                     [id=95910, stack(0x00007fe36e4f4000,0x00007fe36e5f4000) (1024K)]
  0x000077b7383a5050 WorkerThread "GC Thread#6"                     [id=95911, stack(0x00007fe36e3f3000,0x00007fe36e4f3000) (1024K)]
  0x000077b7383a61f0 WorkerThread "GC Thread#7"                     [id=95912, stack(0x00007fe36e2f2000,0x00007fe36e3f2000) (1024K)]
  0x000077b7383a6f50 WorkerThread "GC Thread#8"                     [id=95913, stack(0x00007fe36e1f1000,0x00007fe36e2f1000) (1024K)]
  0x000077b7383a7cb0 WorkerThread "GC Thread#9"                     [id=95914, stack(0x00007fe36e0f0000,0x00007fe36e1f0000) (1024K)]
  0x00007fe388077320 ConcurrentGCThread "G1 Main Marker"            [id=95884, stack(0x00007fe38cc54000,0x00007fe38cd54000) (1024K)]
  0x00007fe3880783e0 WorkerThread "G1 Conc#0"                       [id=95885, stack(0x00007fe38cb53000,0x00007fe38cc53000) (1024K)]
  0x000077b74c005780 WorkerThread "G1 Conc#1"                       [id=95915, stack(0x00007fe36eafa000,0x00007fe36ebfa000) (1024K)]
  0x000077b74c005ec0 WorkerThread "G1 Conc#2"                       [id=95916, stack(0x00007fe36e9f9000,0x00007fe36eaf9000) (1024K)]
  0x00007fe3880b97f0 WorkerThread "G1 Refinement Workers#0"         [id=95887, stack(0x00007fe36fcfe000,0x00007fe36fdfe000) (1024K)]
  0x00007fe3880b85a0 ConcurrentGCThread "G1 Refine Control"         [id=95886, stack(0x00007fe387f00000,0x00007fe388000000) (1024K)]
  0x00007fe3880ba8f0 ConcurrentGCThread "G1 Service"                [id=95888, stack(0x00007fe36fbfd000,0x00007fe36fcfd000) (1024K)]
Total: 19

Threads with active compile tasks:
Total: 0

VM state: at safepoint (normal execution)

VM Mutex/Monitor currently owned by a thread:  ([mutex/lock_event])
[0x00007fe390a44278] Threads_lock - owner thread: 0x00007fe3880f3700
[0x00007fe390a43ff8] Heap_lock - owner thread: 0x00007fe388019c70

CDS archive(s) mapped at: [0x0000000008000000-0x0000000008d95000-0x0000000008d95000), size 14241792, SharedBaseAddress: 0x0000000008000000, ArchiveRelocationMode: 1.
Compressed class space mapped at: 0x0000000009000000-0x0000000049000000, reserved size: 1073741824
UseCompressedClassPointers 1, UseCompactObjectHeaders 0
Narrow klass pointer bits 32, Max shift 3
Narrow klass base: 0x0000000008000000, Narrow klass shift: 0
Encoding Range: [0x0000000008000000 - 0x0000000108000000), (4294967296 bytes)
Klass Range:    [0x0000000008000000 - 0x0000000049000000), (1090519040 bytes)
Klass ID Range:  [8 - 1090519033) (1090519025)
Protection zone: [0x0000000008000000 - 0x0000000008001000), (4096 bytes)

GC Precious Log:
 CardTable entry size: 512
 Card Set container configuration: InlinePtr #cards 3 size 8 Array Of Cards #cards 256 size 528 Howl #buckets 8 coarsen threshold 58982 Howl Bitmap #cards 8192 size 1040 coarsen threshold 7372 Card regions per heap region 1 cards per card region 65536
 CPUs: 12 total, 12 available
 Memory: 15723M
 Large Page Support: Disabled
 NUMA Support: Disabled
 Compressed Oops: Disabled
 Heap Region Size: 32M
 Heap Min Capacity: 32M
 Heap Initial Capacity: 32M
 Heap Max Capacity: 8192G
 Pre-touch: Disabled
 Parallel Workers: 10
 Concurrent Workers: 3
 Concurrent Refinement Workers: 10
 Periodic GC: Disabled

Heap:
 garbage-first heap   total reserved 8589934592K, committed 30474240K, used 10622517K [0x000077e36e000000, 0x00007fe36e000000)
  region size 32M, 0 eden (0M), 5 survivor (160M), 295 old (9440M), 29 humongous (928M), 601 free (19232M)

Heap Regions: E=young(eden), S=young(survivor), O=old, HS=humongous(starts), HC=humongous(continues), CS=collection set, F=free, TAMS=top-at-mark-start, PB=parsable bottom
|    0|0x000077e36e000000, 0x000077e370000000, 0x000077e370000000|100%|HS|  |TAMS 0x000077e36e000000| PB 0x000077e36e000000| Untracked |  0
|    1|0x000077e370000000, 0x000077e371ffffb8, 0x000077e372000000| 99%| O|  |TAMS 0x000077e370000000| PB 0x000077e370000000| Untracked |  0
|    2|0x000077e372000000, 0x000077e373ffffd0, 0x000077e374000000| 99%| O|  |TAMS 0x000077e372000000| PB 0x000077e372000000| Untracked |  0
|    3|0x000077e374000000, 0x000077e375fffff8, 0x000077e376000000| 99%| O|  |TAMS 0x000077e374000000| PB 0x000077e374000000| Untracked |  0
|    4|0x000077e376000000, 0x000077e377fffff8, 0x000077e378000000| 99%| O|  |TAMS 0x000077e376000000| PB 0x000077e376000000| Untracked |  0
|    5|0x000077e378000000, 0x000077e37a000000, 0x000077e37a000000|100%| O|  |TAMS 0x000077e378000000| PB 0x000077e378000000| Untracked |  0
|    6|0x000077e37a000000, 0x000077e37bfffff0, 0x000077e37c000000| 99%| O|  |TAMS 0x000077e37a000000| PB 0x000077e37a000000| Untracked |  0
|    7|0x000077e37c000000, 0x000077e37dffffb0, 0x000077e37e000000| 99%| O|  |TAMS 0x000077e37c000000| PB 0x000077e37c000000| Untracked |  0
|    8|0x000077e37e000000, 0x000077e37ffffff0, 0x000077e380000000| 99%| O|  |TAMS 0x000077e37e000000| PB 0x000077e37e000000| Untracked |  0
|    9|0x000077e380000000, 0x000077e382000000, 0x000077e382000000|100%| O|  |TAMS 0x000077e380000000| PB 0x000077e380000000| Untracked |  0
|   10|0x000077e382000000, 0x000077e383fffff0, 0x000077e384000000| 99%| O|  |TAMS 0x000077e382000000| PB 0x000077e382000000| Untracked |  0
|   11|0x000077e384000000, 0x000077e385ffffb0, 0x000077e386000000| 99%| O|  |TAMS 0x000077e384000000| PB 0x000077e384000000| Untracked |  0
|   12|0x000077e386000000, 0x000077e388000000, 0x000077e388000000|100%| O|  |TAMS 0x000077e386000000| PB 0x000077e386000000| Untracked |  0
|   13|0x000077e388000000, 0x000077e389ffffb8, 0x000077e38a000000| 99%| O|  |TAMS 0x000077e388000000| PB 0x000077e388000000| Untracked |  0
|   14|0x000077e38a000000, 0x000077e38bffffc0, 0x000077e38c000000| 99%| O|  |TAMS 0x000077e38a000000| PB 0x000077e38a000000| Untracked |  0
|   15|0x000077e38c000000, 0x000077e38dffffd0, 0x000077e38e000000| 99%| O|  |TAMS 0x000077e38c000000| PB 0x000077e38c000000| Untracked |  0
|   16|0x000077e38e000000, 0x000077e38fffffe0, 0x000077e390000000| 99%| O|  |TAMS 0x000077e38e000000| PB 0x000077e38e000000| Untracked |  0
|   17|0x000077e390000000, 0x000077e391ffffd8, 0x000077e392000000| 99%| O|  |TAMS 0x000077e390000000| PB 0x000077e390000000| Untracked |  0
|   18|0x000077e392000000, 0x000077e394000000, 0x000077e394000000|100%| O|  |TAMS 0x000077e392000000| PB 0x000077e392000000| Untracked |  0
|   19|0x000077e394000000, 0x000077e395ffffe8, 0x000077e396000000| 99%| O|  |TAMS 0x000077e394000000| PB 0x000077e394000000| Untracked |  0
|   20|0x000077e396000000, 0x000077e397fffff0, 0x000077e398000000| 99%| O|  |TAMS 0x000077e396000000| PB 0x000077e396000000| Untracked |  0
|   21|0x000077e398000000, 0x000077e399fffff8, 0x000077e39a000000| 99%| O|  |TAMS 0x000077e398000000| PB 0x000077e398000000| Untracked |  0
|   22|0x000077e39a000000, 0x000077e39bfffff0, 0x000077e39c000000| 99%| O|  |TAMS 0x000077e39a000000| PB 0x000077e39a000000| Untracked |  0
|   23|0x000077e39c000000, 0x000077e39e000000, 0x000077e39e000000|100%| O|  |TAMS 0x000077e39c000000| PB 0x000077e39c000000| Untracked |  0
|   24|0x000077e39e000000, 0x000077e3a0000000, 0x000077e3a0000000|100%| O|  |TAMS 0x000077e39e000000| PB 0x000077e39e000000| Untracked |  0
|   25|0x000077e3a0000000, 0x000077e3a2000000, 0x000077e3a2000000|100%| O|  |TAMS 0x000077e3a0000000| PB 0x000077e3a0000000| Untracked |  0
|   26|0x000077e3a2000000, 0x000077e3a4000000, 0x000077e3a4000000|100%| O|  |TAMS 0x000077e3a2000000| PB 0x000077e3a2000000| Untracked |  0
|   27|0x000077e3a4000000, 0x000077e3a6000000, 0x000077e3a6000000|100%| O|  |TAMS 0x000077e3a4000000| PB 0x000077e3a4000000| Untracked |  0
|   28|0x000077e3a6000000, 0x000077e3a8000000, 0x000077e3a8000000|100%| O|  |TAMS 0x000077e3a6000000| PB 0x000077e3a6000000| Untracked |  0
|   29|0x000077e3a8000000, 0x000077e3aa000000, 0x000077e3aa000000|100%| O|  |TAMS 0x000077e3a8000000| PB 0x000077e3a8000000| Untracked |  0
|   30|0x000077e3aa000000, 0x000077e3ac000000, 0x000077e3ac000000|100%| O|  |TAMS 0x000077e3aa000000| PB 0x000077e3aa000000| Untracked |  0
|   31|0x000077e3ac000000, 0x000077e3ae000000, 0x000077e3ae000000|100%| O|  |TAMS 0x000077e3ac000000| PB 0x000077e3ac000000| Untracked |  0
|   32|0x000077e3ae000000, 0x000077e3b0000000, 0x000077e3b0000000|100%| O|  |TAMS 0x000077e3ae000000| PB 0x000077e3ae000000| Untracked |  0
|   33|0x000077e3b0000000, 0x000077e3b1fffff8, 0x000077e3b2000000| 99%| O|  |TAMS 0x000077e3b0000000| PB 0x000077e3b0000000| Untracked |  0
|   34|0x000077e3b2000000, 0x000077e3b3fffff0, 0x000077e3b4000000| 99%| O|  |TAMS 0x000077e3b2000000| PB 0x000077e3b2000000| Untracked |  0
|   35|0x000077e3b4000000, 0x000077e3b5fffff8, 0x000077e3b6000000| 99%| O|  |TAMS 0x000077e3b4000000| PB 0x000077e3b4000000| Untracked |  0
|   36|0x000077e3b6000000, 0x000077e3b7ffffe0, 0x000077e3b8000000| 99%| O|  |TAMS 0x000077e3b6000000| PB 0x000077e3b6000000| Untracked |  0
|   37|0x000077e3b8000000, 0x000077e3ba000000, 0x000077e3ba000000|100%| O|  |TAMS 0x000077e3b8000000| PB 0x000077e3b8000000| Untracked |  0
|   38|0x000077e3ba000000, 0x000077e3bc000000, 0x000077e3bc000000|100%| O|  |TAMS 0x000077e3ba000000| PB 0x000077e3ba000000| Untracked |  0
|   39|0x000077e3bc000000, 0x000077e3be000000, 0x000077e3be000000|100%| O|  |TAMS 0x000077e3bc000000| PB 0x000077e3bc000000| Untracked |  0
|   40|0x000077e3be000000, 0x000077e3c0000000, 0x000077e3c0000000|100%| O|  |TAMS 0x000077e3be000000| PB 0x000077e3be000000| Untracked |  0
|   41|0x000077e3c0000000, 0x000077e3c2000000, 0x000077e3c2000000|100%| O|  |TAMS 0x000077e3c0000000| PB 0x000077e3c0000000| Untracked |  0
|   42|0x000077e3c2000000, 0x000077e3c3ffffe0, 0x000077e3c4000000| 99%| O|  |TAMS 0x000077e3c2000000| PB 0x000077e3c2000000| Untracked |  0
|   43|0x000077e3c4000000, 0x000077e3c5fffaf0, 0x000077e3c6000000| 99%| O|  |TAMS 0x000077e3c4000000| PB 0x000077e3c4000000| Untracked |  0
|   44|0x000077e3c6000000, 0x000077e3c8000000, 0x000077e3c8000000|100%| O|  |TAMS 0x000077e3c6000000| PB 0x000077e3c6000000| Untracked |  0
|   45|0x000077e3c8000000, 0x000077e3ca000000, 0x000077e3ca000000|100%| O|  |TAMS 0x000077e3c8000000| PB 0x000077e3c8000000| Untracked |  0
|   46|0x000077e3ca000000, 0x000077e3cc000000, 0x000077e3cc000000|100%| O|  |TAMS 0x000077e3ca000000| PB 0x000077e3ca000000| Untracked |  0
|   47|0x000077e3cc000000, 0x000077e3ce000000, 0x000077e3ce000000|100%| O|  |TAMS 0x000077e3cc000000| PB 0x000077e3cc000000| Untracked |  0
|   48|0x000077e3ce000000, 0x000077e3d0000000, 0x000077e3d0000000|100%| O|  |TAMS 0x000077e3ce000000| PB 0x000077e3ce000000| Untracked |  0
|   49|0x000077e3d0000000, 0x000077e3d2000000, 0x000077e3d2000000|100%| O|  |TAMS 0x000077e3d0000000| PB 0x000077e3d0000000| Untracked |  0
|   50|0x000077e3d2000000, 0x000077e3d3fffff8, 0x000077e3d4000000| 99%| O|  |TAMS 0x000077e3d2000000| PB 0x000077e3d2000000| Untracked |  0
|   51|0x000077e3d4000000, 0x000077e3d5fffff0, 0x000077e3d6000000| 99%| O|  |TAMS 0x000077e3d4000000| PB 0x000077e3d4000000| Untracked |  0
|   52|0x000077e3d6000000, 0x000077e3d7ffffe8, 0x000077e3d8000000| 99%| O|  |TAMS 0x000077e3d6000000| PB 0x000077e3d6000000| Untracked |  0
|   53|0x000077e3d8000000, 0x000077e3da000000, 0x000077e3da000000|100%| O|  |TAMS 0x000077e3d8000000| PB 0x000077e3d8000000| Untracked |  0
|   54|0x000077e3da000000, 0x000077e3dc000000, 0x000077e3dc000000|100%| O|  |TAMS 0x000077e3da000000| PB 0x000077e3da000000| Untracked |  0
|   55|0x000077e3dc000000, 0x000077e3de000000, 0x000077e3de000000|100%| O|  |TAMS 0x000077e3dc000000| PB 0x000077e3dc000000| Untracked |  0
|   56|0x000077e3de000000, 0x000077e3e0000000, 0x000077e3e0000000|100%| O|  |TAMS 0x000077e3de000000| PB 0x000077e3de000000| Untracked |  0
|   57|0x000077e3e0000000, 0x000077e3e2000000, 0x000077e3e2000000|100%| O|  |TAMS 0x000077e3e0000000| PB 0x000077e3e0000000| Untracked |  0
|   58|0x000077e3e2000000, 0x000077e3e4000000, 0x000077e3e4000000|100%| O|  |TAMS 0x000077e3e2000000| PB 0x000077e3e2000000| Untracked |  0
|   59|0x000077e3e4000000, 0x000077e3e6000000, 0x000077e3e6000000|100%| O|  |TAMS 0x000077e3e4000000| PB 0x000077e3e4000000| Untracked |  0
|   60|0x000077e3e6000000, 0x000077e3e8000000, 0x000077e3e8000000|100%| O|  |TAMS 0x000077e3e6000000| PB 0x000077e3e6000000| Untracked |  0
|   61|0x000077e3e8000000, 0x000077e3ea000000, 0x000077e3ea000000|100%| O|  |TAMS 0x000077e3e8000000| PB 0x000077e3e8000000| Untracked |  0
|   62|0x000077e3ea000000, 0x000077e3ebfffff0, 0x000077e3ec000000| 99%| O|  |TAMS 0x000077e3ea000000| PB 0x000077e3ea000000| Untracked |  0
|   63|0x000077e3ec000000, 0x000077e3edfffff8, 0x000077e3ee000000| 99%| O|  |TAMS 0x000077e3ec000000| PB 0x000077e3ec000000| Untracked |  0
|   64|0x000077e3ee000000, 0x000077e3efffffe8, 0x000077e3f0000000| 99%| O|  |TAMS 0x000077e3ee000000| PB 0x000077e3ee000000| Untracked |  0
|   65|0x000077e3f0000000, 0x000077e3f2000000, 0x000077e3f2000000|100%|HS|  |TAMS 0x000077e3f0000000| PB 0x000077e3f0000000| Untracked |  0
|   66|0x000077e3f2000000, 0x000077e3f4000000, 0x000077e3f4000000|100%| O|  |TAMS 0x000077e3f2000000| PB 0x000077e3f2000000| Untracked |  0
|   67|0x000077e3f4000000, 0x000077e3f6000000, 0x000077e3f6000000|100%| O|  |TAMS 0x000077e3f4000000| PB 0x000077e3f4000000| Untracked |  0
|   68|0x000077e3f6000000, 0x000077e3f8000000, 0x000077e3f8000000|100%| O|  |TAMS 0x000077e3f6000000| PB 0x000077e3f6000000| Untracked |  0
|   69|0x000077e3f8000000, 0x000077e3f9fffff8, 0x000077e3fa000000| 99%| O|  |TAMS 0x000077e3f8000000| PB 0x000077e3f8000000| Untracked |  0
|   70|0x000077e3fa000000, 0x000077e3fc000000, 0x000077e3fc000000|100%| O|  |TAMS 0x000077e3fa000000| PB 0x000077e3fa000000| Untracked |  0
|   71|0x000077e3fc000000, 0x000077e3fe000000, 0x000077e3fe000000|100%| O|  |TAMS 0x000077e3fc000000| PB 0x000077e3fc000000| Untracked |  0
|   72|0x000077e3fe000000, 0x000077e400000000, 0x000077e400000000|100%| O|  |TAMS 0x000077e3fe000000| PB 0x000077e3fe000000| Untracked |  0
|   73|0x000077e400000000, 0x000077e402000000, 0x000077e402000000|100%| O|  |TAMS 0x000077e400000000| PB 0x000077e400000000| Untracked |  0
|   74|0x000077e402000000, 0x000077e403fffff0, 0x000077e404000000| 99%| O|  |TAMS 0x000077e402000000| PB 0x000077e402000000| Untracked |  0
|   75|0x000077e404000000, 0x000077e405ffffe8, 0x000077e406000000| 99%| O|  |TAMS 0x000077e404000000| PB 0x000077e404000000| Untracked |  0
|   76|0x000077e406000000, 0x000077e407fffff0, 0x000077e408000000| 99%| O|  |TAMS 0x000077e406000000| PB 0x000077e406000000| Untracked |  0
|   77|0x000077e408000000, 0x000077e40a000000, 0x000077e40a000000|100%|HS|  |TAMS 0x000077e408000000| PB 0x000077e408000000| Untracked |  0
|   78|0x000077e40a000000, 0x000077e40c000000, 0x000077e40c000000|100%|HC|  |TAMS 0x000077e40a000000| PB 0x000077e40a000000| Untracked |  0
|   79|0x000077e40c000000, 0x000077e40dfffff8, 0x000077e40e000000| 99%| O|  |TAMS 0x000077e40c000000| PB 0x000077e40c000000| Untracked |  0
|   80|0x000077e40e000000, 0x000077e40fffffd0, 0x000077e410000000| 99%| O|  |TAMS 0x000077e40e000000| PB 0x000077e40e000000| Untracked |  0
|   81|0x000077e410000000, 0x000077e411ffffd8, 0x000077e412000000| 99%| O|  |TAMS 0x000077e410000000| PB 0x000077e410000000| Untracked |  0
|   82|0x000077e412000000, 0x000077e413fffff0, 0x000077e414000000| 99%| O|  |TAMS 0x000077e412000000| PB 0x000077e412000000| Untracked |  0
|   83|0x000077e414000000, 0x000077e416000000, 0x000077e416000000|100%|HS|  |TAMS 0x000077e414000000| PB 0x000077e414000000| Untracked |  0
|   84|0x000077e416000000, 0x000077e418000000, 0x000077e418000000|100%|HC|  |TAMS 0x000077e416000000| PB 0x000077e416000000| Untracked |  0
|   85|0x000077e418000000, 0x000077e41a000000, 0x000077e41a000000|100%|HS|  |TAMS 0x000077e418000000| PB 0x000077e418000000| Untracked |  0
|   86|0x000077e41a000000, 0x000077e41c000000, 0x000077e41c000000|100%|HC|  |TAMS 0x000077e41a000000| PB 0x000077e41a000000| Untracked |  0
|   87|0x000077e41c000000, 0x000077e41e000000, 0x000077e41e000000|100%| O|  |TAMS 0x000077e41c000000| PB 0x000077e41c000000| Untracked |  0
|   88|0x000077e41e000000, 0x000077e420000000, 0x000077e420000000|100%| O|  |TAMS 0x000077e41e000000| PB 0x000077e41e000000| Untracked |  0
|   89|0x000077e420000000, 0x000077e422000000, 0x000077e422000000|100%| O|  |TAMS 0x000077e420000000| PB 0x000077e420000000| Untracked |  0
|   90|0x000077e422000000, 0x000077e424000000, 0x000077e424000000|100%| O|  |TAMS 0x000077e422000000| PB 0x000077e422000000| Untracked |  0
|   91|0x000077e424000000, 0x000077e426000000, 0x000077e426000000|100%| O|  |TAMS 0x000077e424000000| PB 0x000077e424000000| Untracked |  0
|   92|0x000077e426000000, 0x000077e427ffffd8, 0x000077e428000000| 99%| O|  |TAMS 0x000077e426000000| PB 0x000077e426000000| Untracked |  0
|   93|0x000077e428000000, 0x000077e42a000000, 0x000077e42a000000|100%| O|  |TAMS 0x000077e428000000| PB 0x000077e428000000| Untracked |  0
|   94|0x000077e42a000000, 0x000077e42bffffe8, 0x000077e42c000000| 99%| O|  |TAMS 0x000077e42a000000| PB 0x000077e42a000000| Untracked |  0
|   95|0x000077e42c000000, 0x000077e42e000000, 0x000077e42e000000|100%| O|  |TAMS 0x000077e42c000000| PB 0x000077e42c000000| Untracked |  0
|   96|0x000077e42e000000, 0x000077e430000000, 0x000077e430000000|100%| O|  |TAMS 0x000077e42e000000| PB 0x000077e42e000000| Untracked |  0
|   97|0x000077e430000000, 0x000077e432000000, 0x000077e432000000|100%| O|  |TAMS 0x000077e430000000| PB 0x000077e430000000| Untracked |  0
|   98|0x000077e432000000, 0x000077e433fffff0, 0x000077e434000000| 99%| O|  |TAMS 0x000077e432000000| PB 0x000077e432000000| Untracked |  0
|   99|0x000077e434000000, 0x000077e435ffffe0, 0x000077e436000000| 99%| O|  |TAMS 0x000077e434000000| PB 0x000077e434000000| Untracked |  0
|  100|0x000077e436000000, 0x000077e438000000, 0x000077e438000000|100%| O|  |TAMS 0x000077e436000000| PB 0x000077e436000000| Untracked |  0
|  101|0x000077e438000000, 0x000077e43a000000, 0x000077e43a000000|100%| O|  |TAMS 0x000077e438000000| PB 0x000077e438000000| Untracked |  0
|  102|0x000077e43a000000, 0x000077e43c000000, 0x000077e43c000000|100%| O|  |TAMS 0x000077e43a000000| PB 0x000077e43a000000| Untracked |  0
|  103|0x000077e43c000000, 0x000077e43e000000, 0x000077e43e000000|100%| O|  |TAMS 0x000077e43c000000| PB 0x000077e43c000000| Untracked |  0
|  104|0x000077e43e000000, 0x000077e440000000, 0x000077e440000000|100%| O|  |TAMS 0x000077e43e000000| PB 0x000077e43e000000| Untracked |  0
|  105|0x000077e440000000, 0x000077e442000000, 0x000077e442000000|100%| O|  |TAMS 0x000077e440000000| PB 0x000077e440000000| Untracked |  0
|  106|0x000077e442000000, 0x000077e444000000, 0x000077e444000000|100%| O|  |TAMS 0x000077e442000000| PB 0x000077e442000000| Untracked |  0
|  107|0x000077e444000000, 0x000077e446000000, 0x000077e446000000|100%| O|  |TAMS 0x000077e444000000| PB 0x000077e444000000| Untracked |  0
|  108|0x000077e446000000, 0x000077e448000000, 0x000077e448000000|100%| O|  |TAMS 0x000077e446000000| PB 0x000077e446000000| Untracked |  0
|  109|0x000077e448000000, 0x000077e44a000000, 0x000077e44a000000|100%| O|  |TAMS 0x000077e448000000| PB 0x000077e448000000| Untracked |  0
|  110|0x000077e44a000000, 0x000077e44c000000, 0x000077e44c000000|100%| O|  |TAMS 0x000077e44a000000| PB 0x000077e44a000000| Untracked |  0
|  111|0x000077e44c000000, 0x000077e44e000000, 0x000077e44e000000|100%| O|  |TAMS 0x000077e44c000000| PB 0x000077e44c000000| Untracked |  0
|  112|0x000077e44e000000, 0x000077e450000000, 0x000077e450000000|100%| O|  |TAMS 0x000077e44e000000| PB 0x000077e44e000000| Untracked |  0
|  113|0x000077e450000000, 0x000077e452000000, 0x000077e452000000|100%| O|  |TAMS 0x000077e450000000| PB 0x000077e450000000| Untracked |  0
|  114|0x000077e452000000, 0x000077e453fffff8, 0x000077e454000000| 99%| O|  |TAMS 0x000077e452000000| PB 0x000077e452000000| Untracked |  0
|  115|0x000077e454000000, 0x000077e456000000, 0x000077e456000000|100%| O|  |TAMS 0x000077e454000000| PB 0x000077e454000000| Untracked |  0
|  116|0x000077e456000000, 0x000077e458000000, 0x000077e458000000|100%| O|  |TAMS 0x000077e456000000| PB 0x000077e456000000| Untracked |  0
|  117|0x000077e458000000, 0x000077e45a000000, 0x000077e45a000000|100%| O|  |TAMS 0x000077e458000000| PB 0x000077e458000000| Untracked |  0
|  118|0x000077e45a000000, 0x000077e45c000000, 0x000077e45c000000|100%| O|  |TAMS 0x000077e45a000000| PB 0x000077e45a000000| Untracked |  0
|  119|0x000077e45c000000, 0x000077e45e000000, 0x000077e45e000000|100%| O|  |TAMS 0x000077e45c000000| PB 0x000077e45c000000| Untracked |  0
|  120|0x000077e45e000000, 0x000077e460000000, 0x000077e460000000|100%| O|  |TAMS 0x000077e45e000000| PB 0x000077e45e000000| Untracked |  0
|  121|0x000077e460000000, 0x000077e462000000, 0x000077e462000000|100%| O|  |TAMS 0x000077e460000000| PB 0x000077e460000000| Untracked |  0
|  122|0x000077e462000000, 0x000077e463fffff8, 0x000077e464000000| 99%| O|  |TAMS 0x000077e462000000| PB 0x000077e462000000| Untracked |  0
|  123|0x000077e464000000, 0x000077e466000000, 0x000077e466000000|100%| O|  |TAMS 0x000077e464000000| PB 0x000077e464000000| Untracked |  0
|  124|0x000077e466000000, 0x000077e468000000, 0x000077e468000000|100%| O|  |TAMS 0x000077e466000000| PB 0x000077e466000000| Untracked |  0
|  125|0x000077e468000000, 0x000077e46a000000, 0x000077e46a000000|100%| O|  |TAMS 0x000077e468000000| PB 0x000077e468000000| Untracked |  0
|  126|0x000077e46a000000, 0x000077e46c000000, 0x000077e46c000000|100%| O|  |TAMS 0x000077e46a000000| PB 0x000077e46a000000| Untracked |  0
|  127|0x000077e46c000000, 0x000077e46df93908, 0x000077e46e000000| 98%| O|  |TAMS 0x000077e46c000000| PB 0x000077e46c000000| Untracked |  0
|  128|0x000077e46e000000, 0x000077e46fffffd0, 0x000077e470000000| 99%| O|  |TAMS 0x000077e46e000000| PB 0x000077e46e000000| Untracked |  0
|  129|0x000077e470000000, 0x000077e471ffffd0, 0x000077e472000000| 99%| O|  |TAMS 0x000077e470000000| PB 0x000077e470000000| Untracked |  0
|  130|0x000077e472000000, 0x000077e473ffffb0, 0x000077e474000000| 99%| O|  |TAMS 0x000077e472000000| PB 0x000077e472000000| Untracked |  0
|  131|0x000077e474000000, 0x000077e476000000, 0x000077e476000000|100%|HS|  |TAMS 0x000077e474000000| PB 0x000077e474000000| Untracked |  0
|  132|0x000077e476000000, 0x000077e478000000, 0x000077e478000000|100%|HC|  |TAMS 0x000077e476000000| PB 0x000077e476000000| Untracked |  0
|  133|0x000077e478000000, 0x000077e47a000000, 0x000077e47a000000|100%|HC|  |TAMS 0x000077e478000000| PB 0x000077e478000000| Untracked |  0
|  134|0x000077e47a000000, 0x000077e47c000000, 0x000077e47c000000|100%|HS|  |TAMS 0x000077e47a000000| PB 0x000077e47a000000| Untracked |  0
|  135|0x000077e47c000000, 0x000077e47e000000, 0x000077e47e000000|100%|HC|  |TAMS 0x000077e47c000000| PB 0x000077e47c000000| Untracked |  0
|  136|0x000077e47e000000, 0x000077e480000000, 0x000077e480000000|100%|HC|  |TAMS 0x000077e47e000000| PB 0x000077e47e000000| Untracked |  0
|  137|0x000077e480000000, 0x000077e482000000, 0x000077e482000000|100%|HS|  |TAMS 0x000077e480000000| PB 0x000077e480000000| Untracked |  0
|  138|0x000077e482000000, 0x000077e484000000, 0x000077e484000000|100%| O|  |TAMS 0x000077e482000000| PB 0x000077e482000000| Untracked |  0
|  139|0x000077e484000000, 0x000077e486000000, 0x000077e486000000|100%| O|  |TAMS 0x000077e484000000| PB 0x000077e484000000| Untracked |  0
|  140|0x000077e486000000, 0x000077e488000000, 0x000077e488000000|100%| O|  |TAMS 0x000077e486000000| PB 0x000077e486000000| Untracked |  0
|  141|0x000077e488000000, 0x000077e48a000000, 0x000077e48a000000|100%| O|  |TAMS 0x000077e488000000| PB 0x000077e488000000| Untracked |  0
|  142|0x000077e48a000000, 0x000077e48c000000, 0x000077e48c000000|100%| O|  |TAMS 0x000077e48a000000| PB 0x000077e48a000000| Untracked |  0
|  143|0x000077e48c000000, 0x000077e48e000000, 0x000077e48e000000|100%| O|  |TAMS 0x000077e48c000000| PB 0x000077e48c000000| Untracked |  0
|  144|0x000077e48e000000, 0x000077e490000000, 0x000077e490000000|100%| O|  |TAMS 0x000077e48e000000| PB 0x000077e48e000000| Untracked |  0
|  145|0x000077e490000000, 0x000077e492000000, 0x000077e492000000|100%| O|  |TAMS 0x000077e490000000| PB 0x000077e490000000| Untracked |  0
|  146|0x000077e492000000, 0x000077e494000000, 0x000077e494000000|100%| O|  |TAMS 0x000077e492000000| PB 0x000077e492000000| Untracked |  0
|  147|0x000077e494000000, 0x000077e496000000, 0x000077e496000000|100%| O|  |TAMS 0x000077e494000000| PB 0x000077e494000000| Untracked |  0
|  148|0x000077e496000000, 0x000077e498000000, 0x000077e498000000|100%| O|  |TAMS 0x000077e496000000| PB 0x000077e496000000| Untracked |  0
|  149|0x000077e498000000, 0x000077e49a000000, 0x000077e49a000000|100%| O|  |TAMS 0x000077e498000000| PB 0x000077e498000000| Untracked |  0
|  150|0x000077e49a000000, 0x000077e49c000000, 0x000077e49c000000|100%| O|  |TAMS 0x000077e49a000000| PB 0x000077e49a000000| Untracked |  0
|  151|0x000077e49c000000, 0x000077e49e000000, 0x000077e49e000000|100%| O|  |TAMS 0x000077e49c000000| PB 0x000077e49c000000| Untracked |  0
|  152|0x000077e49e000000, 0x000077e4a0000000, 0x000077e4a0000000|100%| O|  |TAMS 0x000077e49e000000| PB 0x000077e49e000000| Untracked |  0
|  153|0x000077e4a0000000, 0x000077e4a2000000, 0x000077e4a2000000|100%| O|  |TAMS 0x000077e4a0000000| PB 0x000077e4a0000000| Untracked |  0
|  154|0x000077e4a2000000, 0x000077e4a4000000, 0x000077e4a4000000|100%| O|  |TAMS 0x000077e4a2000000| PB 0x000077e4a2000000| Untracked |  0
|  155|0x000077e4a4000000, 0x000077e4a5fffff8, 0x000077e4a6000000| 99%| O|  |TAMS 0x000077e4a4000000| PB 0x000077e4a4000000| Untracked |  0
|  156|0x000077e4a6000000, 0x000077e4a7fffff8, 0x000077e4a8000000| 99%| O|  |TAMS 0x000077e4a6000000| PB 0x000077e4a6000000| Untracked |  0
|  157|0x000077e4a8000000, 0x000077e4a9ffffc0, 0x000077e4aa000000| 99%| O|  |TAMS 0x000077e4a8000000| PB 0x000077e4a8000000| Untracked |  0
|  158|0x000077e4aa000000, 0x000077e4abffffe0, 0x000077e4ac000000| 99%| O|  |TAMS 0x000077e4aa000000| PB 0x000077e4aa000000| Untracked |  0
|  159|0x000077e4ac000000, 0x000077e4adffffe8, 0x000077e4ae000000| 99%| O|  |TAMS 0x000077e4ac000000| PB 0x000077e4ac000000| Untracked |  0
|  160|0x000077e4ae000000, 0x000077e4b0000000, 0x000077e4b0000000|100%| O|  |TAMS 0x000077e4ae000000| PB 0x000077e4ae000000| Untracked |  0
|  161|0x000077e4b0000000, 0x000077e4b2000000, 0x000077e4b2000000|100%|HS|  |TAMS 0x000077e4b0000000| PB 0x000077e4b0000000| Untracked |  0
|  162|0x000077e4b2000000, 0x000077e4b4000000, 0x000077e4b4000000|100%|HC|  |TAMS 0x000077e4b2000000| PB 0x000077e4b2000000| Untracked |  0
|  163|0x000077e4b4000000, 0x000077e4b5fffff8, 0x000077e4b6000000| 99%| O|  |TAMS 0x000077e4b4000000| PB 0x000077e4b4000000| Untracked |  0
|  164|0x000077e4b6000000, 0x000077e4b7ffffe0, 0x000077e4b8000000| 99%| O|  |TAMS 0x000077e4b6000000| PB 0x000077e4b6000000| Untracked |  0
|  165|0x000077e4b8000000, 0x000077e4b9fffff0, 0x000077e4ba000000| 99%| O|  |TAMS 0x000077e4b8000000| PB 0x000077e4b8000000| Untracked |  0
|  166|0x000077e4ba000000, 0x000077e4bc000000, 0x000077e4bc000000|100%| O|  |TAMS 0x000077e4ba000000| PB 0x000077e4ba000000| Untracked |  0
|  167|0x000077e4bc000000, 0x000077e4be000000, 0x000077e4be000000|100%| O|  |TAMS 0x000077e4bc000000| PB 0x000077e4bc000000| Untracked |  0
|  168|0x000077e4be000000, 0x000077e4c0000000, 0x000077e4c0000000|100%| O|  |TAMS 0x000077e4be000000| PB 0x000077e4be000000| Untracked |  0
|  169|0x000077e4c0000000, 0x000077e4c2000000, 0x000077e4c2000000|100%| O|  |TAMS 0x000077e4c0000000| PB 0x000077e4c0000000| Untracked |  0
|  170|0x000077e4c2000000, 0x000077e4c4000000, 0x000077e4c4000000|100%| O|  |TAMS 0x000077e4c2000000| PB 0x000077e4c2000000| Untracked |  0
|  171|0x000077e4c4000000, 0x000077e4c6000000, 0x000077e4c6000000|100%| O|  |TAMS 0x000077e4c4000000| PB 0x000077e4c4000000| Untracked |  0
|  172|0x000077e4c6000000, 0x000077e4c8000000, 0x000077e4c8000000|100%| O|  |TAMS 0x000077e4c6000000| PB 0x000077e4c6000000| Untracked |  0
|  173|0x000077e4c8000000, 0x000077e4ca000000, 0x000077e4ca000000|100%| O|  |TAMS 0x000077e4c8000000| PB 0x000077e4c8000000| Untracked |  0
|  174|0x000077e4ca000000, 0x000077e4cc000000, 0x000077e4cc000000|100%| O|  |TAMS 0x000077e4ca000000| PB 0x000077e4ca000000| Untracked |  0
|  175|0x000077e4cc000000, 0x000077e4cdffffe8, 0x000077e4ce000000| 99%| O|  |TAMS 0x000077e4cc000000| PB 0x000077e4cc000000| Untracked |  0
|  176|0x000077e4ce000000, 0x000077e4cfffffd8, 0x000077e4d0000000| 99%| O|  |TAMS 0x000077e4ce000000| PB 0x000077e4ce000000| Untracked |  0
|  177|0x000077e4d0000000, 0x000077e4d1ffffe8, 0x000077e4d2000000| 99%| O|  |TAMS 0x000077e4d0000000| PB 0x000077e4d0000000| Untracked |  0
|  178|0x000077e4d2000000, 0x000077e4d3ffffd0, 0x000077e4d4000000| 99%| O|  |TAMS 0x000077e4d2000000| PB 0x000077e4d2000000| Untracked |  0
|  179|0x000077e4d4000000, 0x000077e4d6000000, 0x000077e4d6000000|100%| O|  |TAMS 0x000077e4d4000000| PB 0x000077e4d4000000| Untracked |  0
|  180|0x000077e4d6000000, 0x000077e4d8000000, 0x000077e4d8000000|100%| O|  |TAMS 0x000077e4d6000000| PB 0x000077e4d6000000| Untracked |  0
|  181|0x000077e4d8000000, 0x000077e4d9ffffa8, 0x000077e4da000000| 99%| O|  |TAMS 0x000077e4d8000000| PB 0x000077e4d8000000| Untracked |  0
|  182|0x000077e4da000000, 0x000077e4dbffffd8, 0x000077e4dc000000| 99%| O|  |TAMS 0x000077e4da000000| PB 0x000077e4da000000| Untracked |  0
|  183|0x000077e4dc000000, 0x000077e4ddffffd0, 0x000077e4de000000| 99%| O|  |TAMS 0x000077e4dc000000| PB 0x000077e4dc000000| Untracked |  0
|  184|0x000077e4de000000, 0x000077e4e0000000, 0x000077e4e0000000|100%| O|  |TAMS 0x000077e4de000000| PB 0x000077e4de000000| Untracked |  0
|  185|0x000077e4e0000000, 0x000077e4e2000000, 0x000077e4e2000000|100%| O|  |TAMS 0x000077e4e0000000| PB 0x000077e4e0000000| Untracked |  0
|  186|0x000077e4e2000000, 0x000077e4e4000000, 0x000077e4e4000000|100%| O|  |TAMS 0x000077e4e2000000| PB 0x000077e4e2000000| Untracked |  0
|  187|0x000077e4e4000000, 0x000077e4e6000000, 0x000077e4e6000000|100%| O|  |TAMS 0x000077e4e4000000| PB 0x000077e4e4000000| Untracked |  0
|  188|0x000077e4e6000000, 0x000077e4e8000000, 0x000077e4e8000000|100%| O|  |TAMS 0x000077e4e6000000| PB 0x000077e4e6000000| Untracked |  0
|  189|0x000077e4e8000000, 0x000077e4ea000000, 0x000077e4ea000000|100%| O|  |TAMS 0x000077e4e8000000| PB 0x000077e4e8000000| Untracked |  0
|  190|0x000077e4ea000000, 0x000077e4ec000000, 0x000077e4ec000000|100%| O|  |TAMS 0x000077e4ea000000| PB 0x000077e4ea000000| Untracked |  0
|  191|0x000077e4ec000000, 0x000077e4edffffc8, 0x000077e4ee000000| 99%| O|  |TAMS 0x000077e4ec000000| PB 0x000077e4ec000000| Untracked |  0
|  192|0x000077e4ee000000, 0x000077e4effffff8, 0x000077e4f0000000| 99%| O|  |TAMS 0x000077e4ee000000| PB 0x000077e4ee000000| Untracked |  0
|  193|0x000077e4f0000000, 0x000077e4f1ffffe8, 0x000077e4f2000000| 99%| O|  |TAMS 0x000077e4f0000000| PB 0x000077e4f0000000| Untracked |  0
|  194|0x000077e4f2000000, 0x000077e4f3fffff0, 0x000077e4f4000000| 99%| O|  |TAMS 0x000077e4f2000000| PB 0x000077e4f2000000| Untracked |  0
|  195|0x000077e4f4000000, 0x000077e4f5ffffd8, 0x000077e4f6000000| 99%| O|  |TAMS 0x000077e4f4000000| PB 0x000077e4f4000000| Untracked |  0
|  196|0x000077e4f6000000, 0x000077e4f7ffffd0, 0x000077e4f8000000| 99%| O|  |TAMS 0x000077e4f6000000| PB 0x000077e4f6000000| Untracked |  0
|  197|0x000077e4f8000000, 0x000077e4f9ffffd0, 0x000077e4fa000000| 99%| O|  |TAMS 0x000077e4f8000000| PB 0x000077e4f8000000| Untracked |  0
|  198|0x000077e4fa000000, 0x000077e4fbffffe8, 0x000077e4fc000000| 99%| O|  |TAMS 0x000077e4fa000000| PB 0x000077e4fa000000| Untracked |  0
|  199|0x000077e4fc000000, 0x000077e4fdffffe0, 0x000077e4fe000000| 99%| O|  |TAMS 0x000077e4fc000000| PB 0x000077e4fc000000| Untracked |  0
|  200|0x000077e4fe000000, 0x000077e4fffffff8, 0x000077e500000000| 99%| O|  |TAMS 0x000077e4fe000000| PB 0x000077e4fe000000| Untracked |  0
|  201|0x000077e500000000, 0x000077e501ffffe8, 0x000077e502000000| 99%| O|  |TAMS 0x000077e500000000| PB 0x000077e500000000| Untracked |  0
|  202|0x000077e502000000, 0x000077e504000000, 0x000077e504000000|100%|HS|  |TAMS 0x000077e502000000| PB 0x000077e502000000| Untracked |  0
|  203|0x000077e504000000, 0x000077e506000000, 0x000077e506000000|100%|HC|  |TAMS 0x000077e504000000| PB 0x000077e504000000| Untracked |  0
|  204|0x000077e506000000, 0x000077e508000000, 0x000077e508000000|100%|HS|  |TAMS 0x000077e506000000| PB 0x000077e506000000| Untracked |  0
|  205|0x000077e508000000, 0x000077e509ffffd8, 0x000077e50a000000| 99%| O|  |TAMS 0x000077e508000000| PB 0x000077e508000000| Untracked |  0
|  206|0x000077e50a000000, 0x000077e50c000000, 0x000077e50c000000|100%| O|  |TAMS 0x000077e50a000000| PB 0x000077e50a000000| Untracked |  0
|  207|0x000077e50c000000, 0x000077e50e000000, 0x000077e50e000000|100%| O|  |TAMS 0x000077e50c000000| PB 0x000077e50c000000| Untracked |  0
|  208|0x000077e50e000000, 0x000077e510000000, 0x000077e510000000|100%| O|  |TAMS 0x000077e50e000000| PB 0x000077e50e000000| Untracked |  0
|  209|0x000077e510000000, 0x000077e512000000, 0x000077e512000000|100%| O|  |TAMS 0x000077e510000000| PB 0x000077e510000000| Untracked |  0
|  210|0x000077e512000000, 0x000077e514000000, 0x000077e514000000|100%| O|  |TAMS 0x000077e512000000| PB 0x000077e512000000| Untracked |  0
|  211|0x000077e514000000, 0x000077e516000000, 0x000077e516000000|100%| O|  |TAMS 0x000077e514000000| PB 0x000077e514000000| Untracked |  0
|  212|0x000077e516000000, 0x000077e518000000, 0x000077e518000000|100%| O|  |TAMS 0x000077e516000000| PB 0x000077e516000000| Untracked |  0
|  213|0x000077e518000000, 0x000077e51a000000, 0x000077e51a000000|100%| O|  |TAMS 0x000077e518000000| PB 0x000077e518000000| Untracked |  0
|  214|0x000077e51a000000, 0x000077e51c000000, 0x000077e51c000000|100%| O|  |TAMS 0x000077e51a000000| PB 0x000077e51a000000| Untracked |  0
|  215|0x000077e51c000000, 0x000077e51e000000, 0x000077e51e000000|100%| O|  |TAMS 0x000077e51c000000| PB 0x000077e51c000000| Untracked |  0
|  216|0x000077e51e000000, 0x000077e520000000, 0x000077e520000000|100%| O|  |TAMS 0x000077e51e000000| PB 0x000077e51e000000| Untracked |  0
|  217|0x000077e520000000, 0x000077e522000000, 0x000077e522000000|100%| O|  |TAMS 0x000077e520000000| PB 0x000077e520000000| Untracked |  0
|  218|0x000077e522000000, 0x000077e524000000, 0x000077e524000000|100%| O|  |TAMS 0x000077e522000000| PB 0x000077e522000000| Untracked |  0
|  219|0x000077e524000000, 0x000077e525fffff0, 0x000077e526000000| 99%| O|  |TAMS 0x000077e524000000| PB 0x000077e524000000| Untracked |  0
|  220|0x000077e526000000, 0x000077e528000000, 0x000077e528000000|100%| O|  |TAMS 0x000077e526000000| PB 0x000077e526000000| Untracked |  0
|  221|0x000077e528000000, 0x000077e529fffff8, 0x000077e52a000000| 99%| O|  |TAMS 0x000077e528000000| PB 0x000077e528000000| Untracked |  0
|  222|0x000077e52a000000, 0x000077e52bfffff8, 0x000077e52c000000| 99%| O|  |TAMS 0x000077e52a000000| PB 0x000077e52a000000| Untracked |  0
|  223|0x000077e52c000000, 0x000077e52dfffff0, 0x000077e52e000000| 99%| O|  |TAMS 0x000077e52c000000| PB 0x000077e52c000000| Untracked |  0
|  224|0x000077e52e000000, 0x000077e52fffffd8, 0x000077e530000000| 99%| O|  |TAMS 0x000077e52e000000| PB 0x000077e52e000000| Untracked |  0
|  225|0x000077e530000000, 0x000077e531ffffe8, 0x000077e532000000| 99%| O|  |TAMS 0x000077e530000000| PB 0x000077e530000000| Untracked |  0
|  226|0x000077e532000000, 0x000077e533ffffe0, 0x000077e534000000| 99%| O|  |TAMS 0x000077e532000000| PB 0x000077e532000000| Untracked |  0
|  227|0x000077e534000000, 0x000077e536000000, 0x000077e536000000|100%| O|  |TAMS 0x000077e534000000| PB 0x000077e534000000| Untracked |  0
|  228|0x000077e536000000, 0x000077e537ffffd8, 0x000077e538000000| 99%| O|  |TAMS 0x000077e536000000| PB 0x000077e536000000| Untracked |  0
|  229|0x000077e538000000, 0x000077e539b28b88, 0x000077e53a000000| 84%| O|  |TAMS 0x000077e538000000| PB 0x000077e538000000| Untracked |  0
|  230|0x000077e53a000000, 0x000077e53c000000, 0x000077e53c000000|100%|HS|  |TAMS 0x000077e53a000000| PB 0x000077e53a000000| Untracked |  0
|  231|0x000077e53c000000, 0x000077e53e000000, 0x000077e53e000000|100%| O|  |TAMS 0x000077e53c000000| PB 0x000077e53c000000| Untracked |  0
|  232|0x000077e53e000000, 0x000077e540000000, 0x000077e540000000|100%| O|  |TAMS 0x000077e53e000000| PB 0x000077e53e000000| Untracked |  0
|  233|0x000077e540000000, 0x000077e542000000, 0x000077e542000000|100%| O|  |TAMS 0x000077e540000000| PB 0x000077e540000000| Untracked |  0
|  234|0x000077e542000000, 0x000077e544000000, 0x000077e544000000|100%| O|  |TAMS 0x000077e542000000| PB 0x000077e542000000| Untracked |  0
|  235|0x000077e544000000, 0x000077e546000000, 0x000077e546000000|100%| O|  |TAMS 0x000077e544000000| PB 0x000077e544000000| Untracked |  0
|  236|0x000077e546000000, 0x000077e548000000, 0x000077e548000000|100%| O|  |TAMS 0x000077e546000000| PB 0x000077e546000000| Untracked |  0
|  237|0x000077e548000000, 0x000077e54a000000, 0x000077e54a000000|100%| O|  |TAMS 0x000077e548000000| PB 0x000077e548000000| Untracked |  0
|  238|0x000077e54a000000, 0x000077e54c000000, 0x000077e54c000000|100%| O|  |TAMS 0x000077e54a000000| PB 0x000077e54a000000| Untracked |  0
|  239|0x000077e54c000000, 0x000077e54e000000, 0x000077e54e000000|100%| O|  |TAMS 0x000077e54c000000| PB 0x000077e54c000000| Untracked |  0
|  240|0x000077e54e000000, 0x000077e54fffffd8, 0x000077e550000000| 99%| O|  |TAMS 0x000077e54e000000| PB 0x000077e54e000000| Untracked |  0
|  241|0x000077e550000000, 0x000077e552000000, 0x000077e552000000|100%| O|  |TAMS 0x000077e550000000| PB 0x000077e550000000| Untracked |  0
|  242|0x000077e552000000, 0x000077e554000000, 0x000077e554000000|100%| O|  |TAMS 0x000077e552000000| PB 0x000077e552000000| Untracked |  0
|  243|0x000077e554000000, 0x000077e556000000, 0x000077e556000000|100%| O|  |TAMS 0x000077e554000000| PB 0x000077e554000000| Untracked |  0
|  244|0x000077e556000000, 0x000077e558000000, 0x000077e558000000|100%| O|  |TAMS 0x000077e556000000| PB 0x000077e556000000| Untracked |  0
|  245|0x000077e558000000, 0x000077e559ffffc0, 0x000077e55a000000| 99%| O|  |TAMS 0x000077e558000000| PB 0x000077e558000000| Untracked |  0
|  246|0x000077e55a000000, 0x000077e55bffffb0, 0x000077e55c000000| 99%| O|  |TAMS 0x000077e55a000000| PB 0x000077e55a000000| Untracked |  0
|  247|0x000077e55c000000, 0x000077e55dffffe0, 0x000077e55e000000| 99%| O|  |TAMS 0x000077e55c000000| PB 0x000077e55c000000| Untracked |  0
|  248|0x000077e55e000000, 0x000077e560000000, 0x000077e560000000|100%| O|  |TAMS 0x000077e55e000000| PB 0x000077e55e000000| Untracked |  0
|  249|0x000077e560000000, 0x000077e561fffff8, 0x000077e562000000| 99%| O|  |TAMS 0x000077e560000000| PB 0x000077e560000000| Untracked |  0
|  250|0x000077e562000000, 0x000077e563ffffe8, 0x000077e564000000| 99%| O|  |TAMS 0x000077e562000000| PB 0x000077e562000000| Untracked |  0
|  251|0x000077e564000000, 0x000077e565ffffe8, 0x000077e566000000| 99%| O|  |TAMS 0x000077e564000000| PB 0x000077e564000000| Untracked |  0
|  252|0x000077e566000000, 0x000077e566c81138, 0x000077e568000000| 39%| O|  |TAMS 0x000077e566000000| PB 0x000077e566000000| Untracked |  0
|  253|0x000077e568000000, 0x000077e56a000000, 0x000077e56a000000|100%| O|  |TAMS 0x000077e568000000| PB 0x000077e568000000| Untracked |  0
|  254|0x000077e56a000000, 0x000077e56bfffff0, 0x000077e56c000000| 99%| O|  |TAMS 0x000077e56a000000| PB 0x000077e56a000000| Untracked |  0
|  255|0x000077e56c000000, 0x000077e56e000000, 0x000077e56e000000|100%|HS|  |TAMS 0x000077e56c000000| PB 0x000077e56c000000| Untracked |  0
|  256|0x000077e56e000000, 0x000077e570000000, 0x000077e570000000|100%|HC|  |TAMS 0x000077e56e000000| PB 0x000077e56e000000| Untracked |  0
|  257|0x000077e570000000, 0x000077e572000000, 0x000077e572000000|100%|HS|  |TAMS 0x000077e570000000| PB 0x000077e570000000| Untracked |  0
|  258|0x000077e572000000, 0x000077e574000000, 0x000077e574000000|100%| O|  |TAMS 0x000077e572000000| PB 0x000077e572000000| Untracked |  0
|  259|0x000077e574000000, 0x000077e576000000, 0x000077e576000000|100%| O|  |TAMS 0x000077e574000000| PB 0x000077e574000000| Untracked |  0
|  260|0x000077e576000000, 0x000077e578000000, 0x000077e578000000|100%| O|  |TAMS 0x000077e576000000| PB 0x000077e576000000| Untracked |  0
|  261|0x000077e578000000, 0x000077e57a000000, 0x000077e57a000000|100%| O|  |TAMS 0x000077e578000000| PB 0x000077e578000000| Untracked |  0
|  262|0x000077e57a000000, 0x000077e57c000000, 0x000077e57c000000|100%| O|  |TAMS 0x000077e57a000000| PB 0x000077e57a000000| Untracked |  0
|  263|0x000077e57c000000, 0x000077e57e000000, 0x000077e57e000000|100%| O|  |TAMS 0x000077e57c000000| PB 0x000077e57c000000| Untracked |  0
|  264|0x000077e57e000000, 0x000077e580000000, 0x000077e580000000|100%| O|  |TAMS 0x000077e57e000000| PB 0x000077e57e000000| Untracked |  0
|  265|0x000077e580000000, 0x000077e582000000, 0x000077e582000000|100%| O|  |TAMS 0x000077e580000000| PB 0x000077e580000000| Untracked |  0
|  266|0x000077e582000000, 0x000077e584000000, 0x000077e584000000|100%| O|  |TAMS 0x000077e582000000| PB 0x000077e582000000| Untracked |  0
|  267|0x000077e584000000, 0x000077e586000000, 0x000077e586000000|100%| O|  |TAMS 0x000077e584000000| PB 0x000077e584000000| Untracked |  0
|  268|0x000077e586000000, 0x000077e588000000, 0x000077e588000000|100%| O|  |TAMS 0x000077e586000000| PB 0x000077e586000000| Untracked |  0
|  269|0x000077e588000000, 0x000077e58a000000, 0x000077e58a000000|100%| O|  |TAMS 0x000077e588000000| PB 0x000077e588000000| Untracked |  0
|  270|0x000077e58a000000, 0x000077e58c000000, 0x000077e58c000000|100%| O|  |TAMS 0x000077e58a000000| PB 0x000077e58a000000| Untracked |  0
|  271|0x000077e58c000000, 0x000077e58e000000, 0x000077e58e000000|100%| O|  |TAMS 0x000077e58c000000| PB 0x000077e58c000000| Untracked |  0
|  272|0x000077e58e000000, 0x000077e58fffff98, 0x000077e590000000| 99%| O|  |TAMS 0x000077e58e000000| PB 0x000077e58e000000| Untracked |  0
|  273|0x000077e590000000, 0x000077e591ffffd8, 0x000077e592000000| 99%| O|  |TAMS 0x000077e590000000| PB 0x000077e590000000| Untracked |  0
|  274|0x000077e592000000, 0x000077e594000000, 0x000077e594000000|100%| O|  |TAMS 0x000077e592000000| PB 0x000077e592000000| Untracked |  0
|  275|0x000077e594000000, 0x000077e595a1fcf8, 0x000077e596000000| 81%| O|  |TAMS 0x000077e594000000| PB 0x000077e594000000| Untracked |  0
|  276|0x000077e596000000, 0x000077e597ffffd8, 0x000077e598000000| 99%| O|  |TAMS 0x000077e596000000| PB 0x000077e596000000| Untracked |  0
|  277|0x000077e598000000, 0x000077e599547808, 0x000077e59a000000| 66%| O|  |TAMS 0x000077e598000000| PB 0x000077e598000000| Untracked |  0
|  278|0x000077e59a000000, 0x000077e59a848570, 0x000077e59c000000| 25%| O|  |TAMS 0x000077e59a000000| PB 0x000077e59a000000| Untracked |  0
|  279|0x000077e59c000000, 0x000077e59e000000, 0x000077e59e000000|100%|HS|  |TAMS 0x000077e59c000000| PB 0x000077e59c000000| Complete  |  0
|  280|0x000077e59e000000, 0x000077e5a0000000, 0x000077e5a0000000|100%|HC|  |TAMS 0x000077e59e000000| PB 0x000077e59e000000| Complete  |  0
|  281|0x000077e5a0000000, 0x000077e5a0fce340, 0x000077e5a2000000| 49%| O|  |TAMS 0x000077e5a0000000| PB 0x000077e5a0000000| Untracked |  0
|  282|0x000077e5a2000000, 0x000077e5a2dae818, 0x000077e5a4000000| 42%| O|  |TAMS 0x000077e5a2000000| PB 0x000077e5a2000000| Untracked |  0
|  283|0x000077e5a4000000, 0x000077e5a4dc3990, 0x000077e5a6000000| 43%| O|  |TAMS 0x000077e5a4000000| PB 0x000077e5a4000000| Untracked |  0
|  284|0x000077e5a6000000, 0x000077e5a682ddf8, 0x000077e5a8000000| 25%| O|  |TAMS 0x000077e5a6000000| PB 0x000077e5a6000000| Untracked |  0
|  285|0x000077e5a8000000, 0x000077e5aa000000, 0x000077e5aa000000|100%| O|  |TAMS 0x000077e5a8000000| PB 0x000077e5a8000000| Untracked |  0
|  286|0x000077e5aa000000, 0x000077e5ab7c8a08, 0x000077e5ac000000| 74%| O|  |TAMS 0x000077e5aa000000| PB 0x000077e5aa000000| Untracked |  0
|  287|0x000077e5ac000000, 0x000077e5ae000000, 0x000077e5ae000000|100%|HS|  |TAMS 0x000077e5ac000000| PB 0x000077e5ac000000| Complete  |  0
|  288|0x000077e5ae000000, 0x000077e5b0000000, 0x000077e5b0000000|100%|HC|  |TAMS 0x000077e5ae000000| PB 0x000077e5ae000000| Complete  |  0
|  289|0x000077e5b0000000, 0x000077e5b2000000, 0x000077e5b2000000|100%|HC|  |TAMS 0x000077e5b0000000| PB 0x000077e5b0000000| Complete  |  0
|  290|0x000077e5b2000000, 0x000077e5b4000000, 0x000077e5b4000000|100%| O|  |TAMS 0x000077e5b2000000| PB 0x000077e5b2000000| Untracked |  0
|  291|0x000077e5b4000000, 0x000077e5b6000000, 0x000077e5b6000000|100%| O|  |TAMS 0x000077e5b4000000| PB 0x000077e5b4000000| Untracked |  0
|  292|0x000077e5b6000000, 0x000077e5b8000000, 0x000077e5b8000000|100%| O|  |TAMS 0x000077e5b6000000| PB 0x000077e5b6000000| Untracked |  0
|  293|0x000077e5b8000000, 0x000077e5ba000000, 0x000077e5ba000000|100%| O|  |TAMS 0x000077e5b8000000| PB 0x000077e5b8000000| Untracked |  0
|  294|0x000077e5ba000000, 0x000077e5bc000000, 0x000077e5bc000000|100%| O|  |TAMS 0x000077e5ba000000| PB 0x000077e5ba000000| Untracked |  0
|  295|0x000077e5bc000000, 0x000077e5be000000, 0x000077e5be000000|100%| O|  |TAMS 0x000077e5bc000000| PB 0x000077e5bc000000| Untracked |  0
|  296|0x000077e5be000000, 0x000077e5c0000000, 0x000077e5c0000000|100%| O|  |TAMS 0x000077e5be000000| PB 0x000077e5be000000| Untracked |  0
|  297|0x000077e5c0000000, 0x000077e5c2000000, 0x000077e5c2000000|100%| O|  |TAMS 0x000077e5c0000000| PB 0x000077e5c0000000| Untracked |  0
|  298|0x000077e5c2000000, 0x000077e5c4000000, 0x000077e5c4000000|100%| O|  |TAMS 0x000077e5c2000000| PB 0x000077e5c2000000| Untracked |  0
|  299|0x000077e5c4000000, 0x000077e5c6000000, 0x000077e5c6000000|100%| O|  |TAMS 0x000077e5c4000000| PB 0x000077e5c4000000| Untracked |  0
|  300|0x000077e5c6000000, 0x000077e5c8000000, 0x000077e5c8000000|100%| O|  |TAMS 0x000077e5c6000000| PB 0x000077e5c6000000| Untracked |  0
|  301|0x000077e5c8000000, 0x000077e5ca000000, 0x000077e5ca000000|100%| O|  |TAMS 0x000077e5c8000000| PB 0x000077e5c8000000| Untracked |  0
|  302|0x000077e5ca000000, 0x000077e5cc000000, 0x000077e5cc000000|100%| O|  |TAMS 0x000077e5ca000000| PB 0x000077e5ca000000| Untracked |  0
|  303|0x000077e5cc000000, 0x000077e5ce000000, 0x000077e5ce000000|100%| O|  |TAMS 0x000077e5cc000000| PB 0x000077e5cc000000| Untracked |  0
|  304|0x000077e5ce000000, 0x000077e5d0000000, 0x000077e5d0000000|100%| O|  |TAMS 0x000077e5ce000000| PB 0x000077e5ce000000| Untracked |  0
|  305|0x000077e5d0000000, 0x000077e5d2000000, 0x000077e5d2000000|100%| O|  |TAMS 0x000077e5d0000000| PB 0x000077e5d0000000| Untracked |  0
|  306|0x000077e5d2000000, 0x000077e5d4000000, 0x000077e5d4000000|100%| O|  |TAMS 0x000077e5d2000000| PB 0x000077e5d2000000| Untracked |  0
|  307|0x000077e5d4000000, 0x000077e5d6000000, 0x000077e5d6000000|100%| O|  |TAMS 0x000077e5d4000000| PB 0x000077e5d4000000| Untracked |  0
|  308|0x000077e5d6000000, 0x000077e5d8000000, 0x000077e5d8000000|100%| O|  |TAMS 0x000077e5d6000000| PB 0x000077e5d6000000| Untracked |  0
|  309|0x000077e5d8000000, 0x000077e5d9b6a830, 0x000077e5da000000| 85%| O|  |TAMS 0x000077e5d8000000| PB 0x000077e5d8000000| Untracked |  0
|  310|0x000077e5da000000, 0x000077e5da000000, 0x000077e5dc000000|  0%| F|  |TAMS 0x000077e5da000000| PB 0x000077e5da000000| Untracked |  0
|  311|0x000077e5dc000000, 0x000077e5dc000000, 0x000077e5de000000|  0%| F|  |TAMS 0x000077e5dc000000| PB 0x000077e5dc000000| Untracked |  0
|  312|0x000077e5de000000, 0x000077e5de000000, 0x000077e5e0000000|  0%| F|  |TAMS 0x000077e5de000000| PB 0x000077e5de000000| Untracked |  0
|  313|0x000077e5e0000000, 0x000077e5e0000000, 0x000077e5e2000000|  0%| F|  |TAMS 0x000077e5e0000000| PB 0x000077e5e0000000| Untracked |  0
|  314|0x000077e5e2000000, 0x000077e5e2000000, 0x000077e5e4000000|  0%| F|  |TAMS 0x000077e5e2000000| PB 0x000077e5e2000000| Untracked |  0
|  315|0x000077e5e4000000, 0x000077e5e4000000, 0x000077e5e6000000|  0%| F|  |TAMS 0x000077e5e4000000| PB 0x000077e5e4000000| Untracked |  0
|  316|0x000077e5e6000000, 0x000077e5e6000000, 0x000077e5e8000000|  0%| F|  |TAMS 0x000077e5e6000000| PB 0x000077e5e6000000| Untracked |  0
|  317|0x000077e5e8000000, 0x000077e5e8000000, 0x000077e5ea000000|  0%| F|  |TAMS 0x000077e5e8000000| PB 0x000077e5e8000000| Untracked |  0
|  318|0x000077e5ea000000, 0x000077e5ea000000, 0x000077e5ec000000|  0%| F|  |TAMS 0x000077e5ea000000| PB 0x000077e5ea000000| Untracked |  0
|  319|0x000077e5ec000000, 0x000077e5ec000000, 0x000077e5ee000000|  0%| F|  |TAMS 0x000077e5ec000000| PB 0x000077e5ec000000| Untracked |  0
|  320|0x000077e5ee000000, 0x000077e5ee000000, 0x000077e5f0000000|  0%| F|  |TAMS 0x000077e5ee000000| PB 0x000077e5ee000000| Untracked |  0
|  321|0x000077e5f0000000, 0x000077e5f0000000, 0x000077e5f2000000|  0%| F|  |TAMS 0x000077e5f0000000| PB 0x000077e5f0000000| Untracked |  0
|  322|0x000077e5f2000000, 0x000077e5f2000000, 0x000077e5f4000000|  0%| F|  |TAMS 0x000077e5f2000000| PB 0x000077e5f2000000| Untracked |  0
|  323|0x000077e5f4000000, 0x000077e5f4000000, 0x000077e5f6000000|  0%| F|  |TAMS 0x000077e5f4000000| PB 0x000077e5f4000000| Untracked |  0
|  324|0x000077e5f6000000, 0x000077e5f6000000, 0x000077e5f8000000|  0%| F|  |TAMS 0x000077e5f6000000| PB 0x000077e5f6000000| Untracked |  0
|  325|0x000077e5f8000000, 0x000077e5f8000000, 0x000077e5fa000000|  0%| F|  |TAMS 0x000077e5f8000000| PB 0x000077e5f8000000| Untracked |  0
|  326|0x000077e5fa000000, 0x000077e5fa000000, 0x000077e5fc000000|  0%| F|  |TAMS 0x000077e5fa000000| PB 0x000077e5fa000000| Untracked |  0
|  327|0x000077e5fc000000, 0x000077e5fc000000, 0x000077e5fe000000|  0%| F|  |TAMS 0x000077e5fc000000| PB 0x000077e5fc000000| Untracked |  0
|  328|0x000077e5fe000000, 0x000077e5fe000000, 0x000077e600000000|  0%| F|  |TAMS 0x000077e5fe000000| PB 0x000077e5fe000000| Untracked |  0
|  329|0x000077e600000000, 0x000077e600000000, 0x000077e602000000|  0%| F|  |TAMS 0x000077e600000000| PB 0x000077e600000000| Untracked |  0
|  330|0x000077e602000000, 0x000077e602000000, 0x000077e604000000|  0%| F|  |TAMS 0x000077e602000000| PB 0x000077e602000000| Untracked |  0
|  331|0x000077e604000000, 0x000077e604000000, 0x000077e606000000|  0%| F|  |TAMS 0x000077e604000000| PB 0x000077e604000000| Untracked |  0
|  332|0x000077e606000000, 0x000077e606000000, 0x000077e608000000|  0%| F|  |TAMS 0x000077e606000000| PB 0x000077e606000000| Untracked |  0
|  333|0x000077e608000000, 0x000077e608000000, 0x000077e60a000000|  0%| F|  |TAMS 0x000077e608000000| PB 0x000077e608000000| Untracked |  0
|  334|0x000077e60a000000, 0x000077e60a000000, 0x000077e60c000000|  0%| F|  |TAMS 0x000077e60a000000| PB 0x000077e60a000000| Untracked |  0
|  335|0x000077e60c000000, 0x000077e60c000000, 0x000077e60e000000|  0%| F|  |TAMS 0x000077e60c000000| PB 0x000077e60c000000| Untracked |  0
|  336|0x000077e60e000000, 0x000077e60e000000, 0x000077e610000000|  0%| F|  |TAMS 0x000077e60e000000| PB 0x000077e60e000000| Untracked |  0
|  337|0x000077e610000000, 0x000077e610000000, 0x000077e612000000|  0%| F|  |TAMS 0x000077e610000000| PB 0x000077e610000000| Untracked |  0
|  338|0x000077e612000000, 0x000077e612000000, 0x000077e614000000|  0%| F|  |TAMS 0x000077e612000000| PB 0x000077e612000000| Untracked |  0
|  339|0x000077e614000000, 0x000077e614000000, 0x000077e616000000|  0%| F|  |TAMS 0x000077e614000000| PB 0x000077e614000000| Untracked |  0
|  340|0x000077e616000000, 0x000077e616000000, 0x000077e618000000|  0%| F|  |TAMS 0x000077e616000000| PB 0x000077e616000000| Untracked |  0
|  341|0x000077e618000000, 0x000077e618000000, 0x000077e61a000000|  0%| F|  |TAMS 0x000077e618000000| PB 0x000077e618000000| Untracked |  0
|  342|0x000077e61a000000, 0x000077e61a000000, 0x000077e61c000000|  0%| F|  |TAMS 0x000077e61a000000| PB 0x000077e61a000000| Untracked |  0
|  343|0x000077e61c000000, 0x000077e61c000000, 0x000077e61e000000|  0%| F|  |TAMS 0x000077e61c000000| PB 0x000077e61c000000| Untracked |  0
|  344|0x000077e61e000000, 0x000077e61e000000, 0x000077e620000000|  0%| F|  |TAMS 0x000077e61e000000| PB 0x000077e61e000000| Untracked |  0
|  345|0x000077e620000000, 0x000077e620000000, 0x000077e622000000|  0%| F|  |TAMS 0x000077e620000000| PB 0x000077e620000000| Untracked |  0
|  346|0x000077e622000000, 0x000077e622000000, 0x000077e624000000|  0%| F|  |TAMS 0x000077e622000000| PB 0x000077e622000000| Untracked |  0
|  347|0x000077e624000000, 0x000077e624000000, 0x000077e626000000|  0%| F|  |TAMS 0x000077e624000000| PB 0x000077e624000000| Untracked |  0
|  348|0x000077e626000000, 0x000077e626000000, 0x000077e628000000|  0%| F|  |TAMS 0x000077e626000000| PB 0x000077e626000000| Untracked |  0
|  349|0x000077e628000000, 0x000077e628000000, 0x000077e62a000000|  0%| F|  |TAMS 0x000077e628000000| PB 0x000077e628000000| Untracked |  0
|  350|0x000077e62a000000, 0x000077e62a000000, 0x000077e62c000000|  0%| F|  |TAMS 0x000077e62a000000| PB 0x000077e62a000000| Untracked |  0
|  351|0x000077e62c000000, 0x000077e62c000000, 0x000077e62e000000|  0%| F|  |TAMS 0x000077e62c000000| PB 0x000077e62c000000| Untracked |  0
|  352|0x000077e62e000000, 0x000077e62e000000, 0x000077e630000000|  0%| F|  |TAMS 0x000077e62e000000| PB 0x000077e62e000000| Untracked |  0
|  353|0x000077e630000000, 0x000077e630000000, 0x000077e632000000|  0%| F|  |TAMS 0x000077e630000000| PB 0x000077e630000000| Untracked |  0
|  354|0x000077e632000000, 0x000077e632000000, 0x000077e634000000|  0%| F|  |TAMS 0x000077e632000000| PB 0x000077e632000000| Untracked |  0
|  355|0x000077e634000000, 0x000077e634000000, 0x000077e636000000|  0%| F|  |TAMS 0x000077e634000000| PB 0x000077e634000000| Untracked |  0
|  356|0x000077e636000000, 0x000077e636000000, 0x000077e638000000|  0%| F|  |TAMS 0x000077e636000000| PB 0x000077e636000000| Untracked |  0
|  357|0x000077e638000000, 0x000077e638000000, 0x000077e63a000000|  0%| F|  |TAMS 0x000077e638000000| PB 0x000077e638000000| Untracked |  0
|  358|0x000077e63a000000, 0x000077e63a000000, 0x000077e63c000000|  0%| F|  |TAMS 0x000077e63a000000| PB 0x000077e63a000000| Untracked |  0
|  359|0x000077e63c000000, 0x000077e63c000000, 0x000077e63e000000|  0%| F|  |TAMS 0x000077e63c000000| PB 0x000077e63c000000| Untracked |  0
|  360|0x000077e63e000000, 0x000077e63e000000, 0x000077e640000000|  0%| F|  |TAMS 0x000077e63e000000| PB 0x000077e63e000000| Untracked |  0
|  361|0x000077e640000000, 0x000077e640000000, 0x000077e642000000|  0%| F|  |TAMS 0x000077e640000000| PB 0x000077e640000000| Untracked |  0
|  362|0x000077e642000000, 0x000077e642000000, 0x000077e644000000|  0%| F|  |TAMS 0x000077e642000000| PB 0x000077e642000000| Untracked |  0
|  363|0x000077e644000000, 0x000077e644000000, 0x000077e646000000|  0%| F|  |TAMS 0x000077e644000000| PB 0x000077e644000000| Untracked |  0
|  364|0x000077e646000000, 0x000077e646000000, 0x000077e648000000|  0%| F|  |TAMS 0x000077e646000000| PB 0x000077e646000000| Untracked |  0
|  365|0x000077e648000000, 0x000077e648000000, 0x000077e64a000000|  0%| F|  |TAMS 0x000077e648000000| PB 0x000077e648000000| Untracked |  0
|  366|0x000077e64a000000, 0x000077e64a000000, 0x000077e64c000000|  0%| F|  |TAMS 0x000077e64a000000| PB 0x000077e64a000000| Untracked |  0
|  367|0x000077e64c000000, 0x000077e64c000000, 0x000077e64e000000|  0%| F|  |TAMS 0x000077e64c000000| PB 0x000077e64c000000| Untracked |  0
|  368|0x000077e64e000000, 0x000077e64e000000, 0x000077e650000000|  0%| F|  |TAMS 0x000077e64e000000| PB 0x000077e64e000000| Untracked |  0
|  369|0x000077e650000000, 0x000077e650000000, 0x000077e652000000|  0%| F|  |TAMS 0x000077e650000000| PB 0x000077e650000000| Untracked |  0
|  370|0x000077e652000000, 0x000077e652000000, 0x000077e654000000|  0%| F|  |TAMS 0x000077e652000000| PB 0x000077e652000000| Untracked |  0
|  371|0x000077e654000000, 0x000077e654000000, 0x000077e656000000|  0%| F|  |TAMS 0x000077e654000000| PB 0x000077e654000000| Untracked |  0
|  372|0x000077e656000000, 0x000077e656000000, 0x000077e658000000|  0%| F|  |TAMS 0x000077e656000000| PB 0x000077e656000000| Untracked |  0
|  373|0x000077e658000000, 0x000077e658000000, 0x000077e65a000000|  0%| F|  |TAMS 0x000077e658000000| PB 0x000077e658000000| Untracked |  0
|  374|0x000077e65a000000, 0x000077e65a000000, 0x000077e65c000000|  0%| F|  |TAMS 0x000077e65a000000| PB 0x000077e65a000000| Untracked |  0
|  375|0x000077e65c000000, 0x000077e65c000000, 0x000077e65e000000|  0%| F|  |TAMS 0x000077e65c000000| PB 0x000077e65c000000| Untracked |  0
|  376|0x000077e65e000000, 0x000077e65e000000, 0x000077e660000000|  0%| F|  |TAMS 0x000077e65e000000| PB 0x000077e65e000000| Untracked |  0
|  377|0x000077e660000000, 0x000077e660000000, 0x000077e662000000|  0%| F|  |TAMS 0x000077e660000000| PB 0x000077e660000000| Untracked |  0
|  378|0x000077e662000000, 0x000077e662000000, 0x000077e664000000|  0%| F|  |TAMS 0x000077e662000000| PB 0x000077e662000000| Untracked |  0
|  379|0x000077e664000000, 0x000077e664000000, 0x000077e666000000|  0%| F|  |TAMS 0x000077e664000000| PB 0x000077e664000000| Untracked |  0
|  380|0x000077e666000000, 0x000077e666000000, 0x000077e668000000|  0%| F|  |TAMS 0x000077e666000000| PB 0x000077e666000000| Untracked |  0
|  381|0x000077e668000000, 0x000077e668000000, 0x000077e66a000000|  0%| F|  |TAMS 0x000077e668000000| PB 0x000077e668000000| Untracked |  0
|  382|0x000077e66a000000, 0x000077e66a000000, 0x000077e66c000000|  0%| F|  |TAMS 0x000077e66a000000| PB 0x000077e66a000000| Untracked |  0
|  383|0x000077e66c000000, 0x000077e66c000000, 0x000077e66e000000|  0%| F|  |TAMS 0x000077e66c000000| PB 0x000077e66c000000| Untracked |  0
|  384|0x000077e66e000000, 0x000077e66e000000, 0x000077e670000000|  0%| F|  |TAMS 0x000077e66e000000| PB 0x000077e66e000000| Untracked |  0
|  385|0x000077e670000000, 0x000077e670000000, 0x000077e672000000|  0%| F|  |TAMS 0x000077e670000000| PB 0x000077e670000000| Untracked |  0
|  386|0x000077e672000000, 0x000077e672000000, 0x000077e674000000|  0%| F|  |TAMS 0x000077e672000000| PB 0x000077e672000000| Untracked |  0
|  387|0x000077e674000000, 0x000077e674000000, 0x000077e676000000|  0%| F|  |TAMS 0x000077e674000000| PB 0x000077e674000000| Untracked |  0
|  388|0x000077e676000000, 0x000077e676000000, 0x000077e678000000|  0%| F|  |TAMS 0x000077e676000000| PB 0x000077e676000000| Untracked |  0
|  389|0x000077e678000000, 0x000077e678000000, 0x000077e67a000000|  0%| F|  |TAMS 0x000077e678000000| PB 0x000077e678000000| Untracked |  0
|  390|0x000077e67a000000, 0x000077e67a000000, 0x000077e67c000000|  0%| F|  |TAMS 0x000077e67a000000| PB 0x000077e67a000000| Untracked |  0
|  391|0x000077e67c000000, 0x000077e67c000000, 0x000077e67e000000|  0%| F|  |TAMS 0x000077e67c000000| PB 0x000077e67c000000| Untracked |  0
|  392|0x000077e67e000000, 0x000077e67e000000, 0x000077e680000000|  0%| F|  |TAMS 0x000077e67e000000| PB 0x000077e67e000000| Untracked |  0
|  393|0x000077e680000000, 0x000077e680000000, 0x000077e682000000|  0%| F|  |TAMS 0x000077e680000000| PB 0x000077e680000000| Untracked |  0
|  394|0x000077e682000000, 0x000077e682000000, 0x000077e684000000|  0%| F|  |TAMS 0x000077e682000000| PB 0x000077e682000000| Untracked |  0
|  395|0x000077e684000000, 0x000077e684000000, 0x000077e686000000|  0%| F|  |TAMS 0x000077e684000000| PB 0x000077e684000000| Untracked |  0
|  396|0x000077e686000000, 0x000077e686000000, 0x000077e688000000|  0%| F|  |TAMS 0x000077e686000000| PB 0x000077e686000000| Untracked |  0
|  397|0x000077e688000000, 0x000077e688000000, 0x000077e68a000000|  0%| F|  |TAMS 0x000077e688000000| PB 0x000077e688000000| Untracked |  0
|  398|0x000077e68a000000, 0x000077e68a000000, 0x000077e68c000000|  0%| F|  |TAMS 0x000077e68a000000| PB 0x000077e68a000000| Untracked |  0
|  399|0x000077e68c000000, 0x000077e68c000000, 0x000077e68e000000|  0%| F|  |TAMS 0x000077e68c000000| PB 0x000077e68c000000| Untracked |  0
|  400|0x000077e68e000000, 0x000077e68e000000, 0x000077e690000000|  0%| F|  |TAMS 0x000077e68e000000| PB 0x000077e68e000000| Untracked |  0
|  401|0x000077e690000000, 0x000077e690000000, 0x000077e692000000|  0%| F|  |TAMS 0x000077e690000000| PB 0x000077e690000000| Untracked |  0
|  402|0x000077e692000000, 0x000077e692000000, 0x000077e694000000|  0%| F|  |TAMS 0x000077e692000000| PB 0x000077e692000000| Untracked |  0
|  403|0x000077e694000000, 0x000077e694000000, 0x000077e696000000|  0%| F|  |TAMS 0x000077e694000000| PB 0x000077e694000000| Untracked |  0
|  404|0x000077e696000000, 0x000077e696000000, 0x000077e698000000|  0%| F|  |TAMS 0x000077e696000000| PB 0x000077e696000000| Untracked |  0
|  405|0x000077e698000000, 0x000077e698000000, 0x000077e69a000000|  0%| F|  |TAMS 0x000077e698000000| PB 0x000077e698000000| Untracked |  0
|  406|0x000077e69a000000, 0x000077e69a000000, 0x000077e69c000000|  0%| F|  |TAMS 0x000077e69a000000| PB 0x000077e69a000000| Untracked |  0
|  407|0x000077e69c000000, 0x000077e69c000000, 0x000077e69e000000|  0%| F|  |TAMS 0x000077e69c000000| PB 0x000077e69c000000| Untracked |  0
|  408|0x000077e69e000000, 0x000077e69e000000, 0x000077e6a0000000|  0%| F|  |TAMS 0x000077e69e000000| PB 0x000077e69e000000| Untracked |  0
|  409|0x000077e6a0000000, 0x000077e6a0000000, 0x000077e6a2000000|  0%| F|  |TAMS 0x000077e6a0000000| PB 0x000077e6a0000000| Untracked |  0
|  410|0x000077e6a2000000, 0x000077e6a2000000, 0x000077e6a4000000|  0%| F|  |TAMS 0x000077e6a2000000| PB 0x000077e6a2000000| Untracked |  0
|  411|0x000077e6a4000000, 0x000077e6a4000000, 0x000077e6a6000000|  0%| F|  |TAMS 0x000077e6a4000000| PB 0x000077e6a4000000| Untracked |  0
|  412|0x000077e6a6000000, 0x000077e6a6000000, 0x000077e6a8000000|  0%| F|  |TAMS 0x000077e6a6000000| PB 0x000077e6a6000000| Untracked |  0
|  413|0x000077e6a8000000, 0x000077e6a8000000, 0x000077e6aa000000|  0%| F|  |TAMS 0x000077e6a8000000| PB 0x000077e6a8000000| Untracked |  0
|  414|0x000077e6aa000000, 0x000077e6aa000000, 0x000077e6ac000000|  0%| F|  |TAMS 0x000077e6aa000000| PB 0x000077e6aa000000| Untracked |  0
|  415|0x000077e6ac000000, 0x000077e6ac000000, 0x000077e6ae000000|  0%| F|  |TAMS 0x000077e6ac000000| PB 0x000077e6ac000000| Untracked |  0
|  416|0x000077e6ae000000, 0x000077e6ae000000, 0x000077e6b0000000|  0%| F|  |TAMS 0x000077e6ae000000| PB 0x000077e6ae000000| Untracked |  0
|  417|0x000077e6b0000000, 0x000077e6b0000000, 0x000077e6b2000000|  0%| F|  |TAMS 0x000077e6b0000000| PB 0x000077e6b0000000| Untracked |  0
|  418|0x000077e6b2000000, 0x000077e6b2000000, 0x000077e6b4000000|  0%| F|  |TAMS 0x000077e6b2000000| PB 0x000077e6b2000000| Untracked |  0
|  419|0x000077e6b4000000, 0x000077e6b4000000, 0x000077e6b6000000|  0%| F|  |TAMS 0x000077e6b4000000| PB 0x000077e6b4000000| Untracked |  0
|  420|0x000077e6b6000000, 0x000077e6b6000000, 0x000077e6b8000000|  0%| F|  |TAMS 0x000077e6b6000000| PB 0x000077e6b6000000| Untracked |  0
|  421|0x000077e6b8000000, 0x000077e6b8000000, 0x000077e6ba000000|  0%| F|  |TAMS 0x000077e6b8000000| PB 0x000077e6b8000000| Untracked |  0
|  422|0x000077e6ba000000, 0x000077e6ba000000, 0x000077e6bc000000|  0%| F|  |TAMS 0x000077e6ba000000| PB 0x000077e6ba000000| Untracked |  0
|  423|0x000077e6bc000000, 0x000077e6bc000000, 0x000077e6be000000|  0%| F|  |TAMS 0x000077e6bc000000| PB 0x000077e6bc000000| Untracked |  0
|  424|0x000077e6be000000, 0x000077e6be000000, 0x000077e6c0000000|  0%| F|  |TAMS 0x000077e6be000000| PB 0x000077e6be000000| Untracked |  0
|  425|0x000077e6c0000000, 0x000077e6c0000000, 0x000077e6c2000000|  0%| F|  |TAMS 0x000077e6c0000000| PB 0x000077e6c0000000| Untracked |  0
|  426|0x000077e6c2000000, 0x000077e6c2000000, 0x000077e6c4000000|  0%| F|  |TAMS 0x000077e6c2000000| PB 0x000077e6c2000000| Untracked |  0
|  427|0x000077e6c4000000, 0x000077e6c4000000, 0x000077e6c6000000|  0%| F|  |TAMS 0x000077e6c4000000| PB 0x000077e6c4000000| Untracked |  0
|  428|0x000077e6c6000000, 0x000077e6c6000000, 0x000077e6c8000000|  0%| F|  |TAMS 0x000077e6c6000000| PB 0x000077e6c6000000| Untracked |  0
|  429|0x000077e6c8000000, 0x000077e6c8000000, 0x000077e6ca000000|  0%| F|  |TAMS 0x000077e6c8000000| PB 0x000077e6c8000000| Untracked |  0
|  430|0x000077e6ca000000, 0x000077e6ca000000, 0x000077e6cc000000|  0%| F|  |TAMS 0x000077e6ca000000| PB 0x000077e6ca000000| Untracked |  0
|  431|0x000077e6cc000000, 0x000077e6cc000000, 0x000077e6ce000000|  0%| F|  |TAMS 0x000077e6cc000000| PB 0x000077e6cc000000| Untracked |  0
|  432|0x000077e6ce000000, 0x000077e6ce000000, 0x000077e6d0000000|  0%| F|  |TAMS 0x000077e6ce000000| PB 0x000077e6ce000000| Untracked |  0
|  433|0x000077e6d0000000, 0x000077e6d0000000, 0x000077e6d2000000|  0%| F|  |TAMS 0x000077e6d0000000| PB 0x000077e6d0000000| Untracked |  0
|  434|0x000077e6d2000000, 0x000077e6d2000000, 0x000077e6d4000000|  0%| F|  |TAMS 0x000077e6d2000000| PB 0x000077e6d2000000| Untracked |  0
|  435|0x000077e6d4000000, 0x000077e6d4000000, 0x000077e6d6000000|  0%| F|  |TAMS 0x000077e6d4000000| PB 0x000077e6d4000000| Untracked |  0
|  436|0x000077e6d6000000, 0x000077e6d6000000, 0x000077e6d8000000|  0%| F|  |TAMS 0x000077e6d6000000| PB 0x000077e6d6000000| Untracked |  0
|  437|0x000077e6d8000000, 0x000077e6d8000000, 0x000077e6da000000|  0%| F|  |TAMS 0x000077e6d8000000| PB 0x000077e6d8000000| Untracked |  0
|  438|0x000077e6da000000, 0x000077e6da000000, 0x000077e6dc000000|  0%| F|  |TAMS 0x000077e6da000000| PB 0x000077e6da000000| Untracked |  0
|  439|0x000077e6dc000000, 0x000077e6dc000000, 0x000077e6de000000|  0%| F|  |TAMS 0x000077e6dc000000| PB 0x000077e6dc000000| Untracked |  0
|  440|0x000077e6de000000, 0x000077e6de000000, 0x000077e6e0000000|  0%| F|  |TAMS 0x000077e6de000000| PB 0x000077e6de000000| Untracked |  0
|  441|0x000077e6e0000000, 0x000077e6e0000000, 0x000077e6e2000000|  0%| F|  |TAMS 0x000077e6e0000000| PB 0x000077e6e0000000| Untracked |  0
|  442|0x000077e6e2000000, 0x000077e6e2000000, 0x000077e6e4000000|  0%| F|  |TAMS 0x000077e6e2000000| PB 0x000077e6e2000000| Untracked |  0
|  443|0x000077e6e4000000, 0x000077e6e4000000, 0x000077e6e6000000|  0%| F|  |TAMS 0x000077e6e4000000| PB 0x000077e6e4000000| Untracked |  0
|  444|0x000077e6e6000000, 0x000077e6e6000000, 0x000077e6e8000000|  0%| F|  |TAMS 0x000077e6e6000000| PB 0x000077e6e6000000| Untracked |  0
|  445|0x000077e6e8000000, 0x000077e6e8000000, 0x000077e6ea000000|  0%| F|  |TAMS 0x000077e6e8000000| PB 0x000077e6e8000000| Untracked |  0
|  446|0x000077e6ea000000, 0x000077e6ea000000, 0x000077e6ec000000|  0%| F|  |TAMS 0x000077e6ea000000| PB 0x000077e6ea000000| Untracked |  0
|  447|0x000077e6ec000000, 0x000077e6ec000000, 0x000077e6ee000000|  0%| F|  |TAMS 0x000077e6ec000000| PB 0x000077e6ec000000| Untracked |  0
|  448|0x000077e6ee000000, 0x000077e6ee000000, 0x000077e6f0000000|  0%| F|  |TAMS 0x000077e6ee000000| PB 0x000077e6ee000000| Untracked |  0
|  449|0x000077e6f0000000, 0x000077e6f0000000, 0x000077e6f2000000|  0%| F|  |TAMS 0x000077e6f0000000| PB 0x000077e6f0000000| Untracked |  0
|  450|0x000077e6f2000000, 0x000077e6f2000000, 0x000077e6f4000000|  0%| F|  |TAMS 0x000077e6f2000000| PB 0x000077e6f2000000| Untracked |  0
|  451|0x000077e6f4000000, 0x000077e6f4000000, 0x000077e6f6000000|  0%| F|  |TAMS 0x000077e6f4000000| PB 0x000077e6f4000000| Untracked |  0
|  452|0x000077e6f6000000, 0x000077e6f6000000, 0x000077e6f8000000|  0%| F|  |TAMS 0x000077e6f6000000| PB 0x000077e6f6000000| Untracked |  0
|  453|0x000077e6f8000000, 0x000077e6f8000000, 0x000077e6fa000000|  0%| F|  |TAMS 0x000077e6f8000000| PB 0x000077e6f8000000| Untracked |  0
|  454|0x000077e6fa000000, 0x000077e6fa000000, 0x000077e6fc000000|  0%| F|  |TAMS 0x000077e6fa000000| PB 0x000077e6fa000000| Untracked |  0
|  455|0x000077e6fc000000, 0x000077e6fc000000, 0x000077e6fe000000|  0%| F|  |TAMS 0x000077e6fc000000| PB 0x000077e6fc000000| Untracked |  0
|  456|0x000077e6fe000000, 0x000077e6fe000000, 0x000077e700000000|  0%| F|  |TAMS 0x000077e6fe000000| PB 0x000077e6fe000000| Untracked |  0
|  457|0x000077e700000000, 0x000077e700000000, 0x000077e702000000|  0%| F|  |TAMS 0x000077e700000000| PB 0x000077e700000000| Untracked |  0
|  458|0x000077e702000000, 0x000077e702000000, 0x000077e704000000|  0%| F|  |TAMS 0x000077e702000000| PB 0x000077e702000000| Untracked |  0
|  459|0x000077e704000000, 0x000077e704000000, 0x000077e706000000|  0%| F|  |TAMS 0x000077e704000000| PB 0x000077e704000000| Untracked |  0
|  460|0x000077e706000000, 0x000077e706000000, 0x000077e708000000|  0%| F|  |TAMS 0x000077e706000000| PB 0x000077e706000000| Untracked |  0
|  461|0x000077e708000000, 0x000077e708000000, 0x000077e70a000000|  0%| F|  |TAMS 0x000077e708000000| PB 0x000077e708000000| Untracked |  0
|  462|0x000077e70a000000, 0x000077e70a000000, 0x000077e70c000000|  0%| F|  |TAMS 0x000077e70a000000| PB 0x000077e70a000000| Untracked |  0
|  463|0x000077e70c000000, 0x000077e70c000000, 0x000077e70e000000|  0%| F|  |TAMS 0x000077e70c000000| PB 0x000077e70c000000| Untracked |  0
|  464|0x000077e70e000000, 0x000077e70e000000, 0x000077e710000000|  0%| F|  |TAMS 0x000077e70e000000| PB 0x000077e70e000000| Untracked |  0
|  465|0x000077e710000000, 0x000077e710000000, 0x000077e712000000|  0%| F|  |TAMS 0x000077e710000000| PB 0x000077e710000000| Untracked |  0
|  466|0x000077e712000000, 0x000077e712000000, 0x000077e714000000|  0%| F|  |TAMS 0x000077e712000000| PB 0x000077e712000000| Untracked |  0
|  467|0x000077e714000000, 0x000077e714000000, 0x000077e716000000|  0%| F|  |TAMS 0x000077e714000000| PB 0x000077e714000000| Untracked |  0
|  468|0x000077e716000000, 0x000077e716000000, 0x000077e718000000|  0%| F|  |TAMS 0x000077e716000000| PB 0x000077e716000000| Untracked |  0
|  469|0x000077e718000000, 0x000077e718000000, 0x000077e71a000000|  0%| F|  |TAMS 0x000077e718000000| PB 0x000077e718000000| Untracked |  0
|  470|0x000077e71a000000, 0x000077e71a000000, 0x000077e71c000000|  0%| F|  |TAMS 0x000077e71a000000| PB 0x000077e71a000000| Untracked |  0
|  471|0x000077e71c000000, 0x000077e71c000000, 0x000077e71e000000|  0%| F|  |TAMS 0x000077e71c000000| PB 0x000077e71c000000| Untracked |  0
|  472|0x000077e71e000000, 0x000077e71e000000, 0x000077e720000000|  0%| F|  |TAMS 0x000077e71e000000| PB 0x000077e71e000000| Untracked |  0
|  473|0x000077e720000000, 0x000077e720000000, 0x000077e722000000|  0%| F|  |TAMS 0x000077e720000000| PB 0x000077e720000000| Untracked |  0
|  474|0x000077e722000000, 0x000077e722000000, 0x000077e724000000|  0%| F|  |TAMS 0x000077e722000000| PB 0x000077e722000000| Untracked |  0
|  475|0x000077e724000000, 0x000077e724000000, 0x000077e726000000|  0%| F|  |TAMS 0x000077e724000000| PB 0x000077e724000000| Untracked |  0
|  476|0x000077e726000000, 0x000077e726000000, 0x000077e728000000|  0%| F|  |TAMS 0x000077e726000000| PB 0x000077e726000000| Untracked |  0
|  477|0x000077e728000000, 0x000077e728000000, 0x000077e72a000000|  0%| F|  |TAMS 0x000077e728000000| PB 0x000077e728000000| Untracked |  0
|  478|0x000077e72a000000, 0x000077e72a000000, 0x000077e72c000000|  0%| F|  |TAMS 0x000077e72a000000| PB 0x000077e72a000000| Untracked |  0
|  479|0x000077e72c000000, 0x000077e72c000000, 0x000077e72e000000|  0%| F|  |TAMS 0x000077e72c000000| PB 0x000077e72c000000| Untracked |  0
|  480|0x000077e72e000000, 0x000077e72e000000, 0x000077e730000000|  0%| F|  |TAMS 0x000077e72e000000| PB 0x000077e72e000000| Untracked |  0
|  481|0x000077e730000000, 0x000077e730000000, 0x000077e732000000|  0%| F|  |TAMS 0x000077e730000000| PB 0x000077e730000000| Untracked |  0
|  482|0x000077e732000000, 0x000077e732000000, 0x000077e734000000|  0%| F|  |TAMS 0x000077e732000000| PB 0x000077e732000000| Untracked |  0
|  483|0x000077e734000000, 0x000077e734000000, 0x000077e736000000|  0%| F|  |TAMS 0x000077e734000000| PB 0x000077e734000000| Untracked |  0
|  484|0x000077e736000000, 0x000077e736000000, 0x000077e738000000|  0%| F|  |TAMS 0x000077e736000000| PB 0x000077e736000000| Untracked |  0
|  485|0x000077e738000000, 0x000077e73a000000, 0x000077e73a000000|100%| O|  |TAMS 0x000077e738000000| PB 0x000077e738000000| Untracked |  0
|  486|0x000077e73a000000, 0x000077e73a000000, 0x000077e73c000000|  0%| F|  |TAMS 0x000077e73a000000| PB 0x000077e73a000000| Untracked |  0
|  487|0x000077e73c000000, 0x000077e73e000000, 0x000077e73e000000|100%| O|  |TAMS 0x000077e73c000000| PB 0x000077e73c000000| Untracked |  0
|  488|0x000077e73e000000, 0x000077e73e000000, 0x000077e740000000|  0%| F|  |TAMS 0x000077e73e000000| PB 0x000077e73e000000| Untracked |  0
|  489|0x000077e740000000, 0x000077e740000000, 0x000077e742000000|  0%| F|  |TAMS 0x000077e740000000| PB 0x000077e740000000| Untracked |  0
|  490|0x000077e742000000, 0x000077e742000000, 0x000077e744000000|  0%| F|  |TAMS 0x000077e742000000| PB 0x000077e742000000| Untracked |  0
|  491|0x000077e744000000, 0x000077e744000000, 0x000077e746000000|  0%| F|  |TAMS 0x000077e744000000| PB 0x000077e744000000| Untracked |  0
|  492|0x000077e746000000, 0x000077e746000000, 0x000077e748000000|  0%| F|  |TAMS 0x000077e746000000| PB 0x000077e746000000| Untracked |  0
|  493|0x000077e748000000, 0x000077e748000000, 0x000077e74a000000|  0%| F|  |TAMS 0x000077e748000000| PB 0x000077e748000000| Untracked |  0
|  494|0x000077e74a000000, 0x000077e74a000000, 0x000077e74c000000|  0%| F|  |TAMS 0x000077e74a000000| PB 0x000077e74a000000| Untracked |  0
|  495|0x000077e74c000000, 0x000077e74c000000, 0x000077e74e000000|  0%| F|  |TAMS 0x000077e74c000000| PB 0x000077e74c000000| Untracked |  0
|  496|0x000077e74e000000, 0x000077e74e000000, 0x000077e750000000|  0%| F|  |TAMS 0x000077e74e000000| PB 0x000077e74e000000| Untracked |  0
|  497|0x000077e750000000, 0x000077e750000000, 0x000077e752000000|  0%| F|  |TAMS 0x000077e750000000| PB 0x000077e750000000| Untracked |  0
|  498|0x000077e752000000, 0x000077e752000000, 0x000077e754000000|  0%| F|  |TAMS 0x000077e752000000| PB 0x000077e752000000| Untracked |  0
|  499|0x000077e754000000, 0x000077e754000000, 0x000077e756000000|  0%| F|  |TAMS 0x000077e754000000| PB 0x000077e754000000| Untracked |  0
|  500|0x000077e756000000, 0x000077e756000000, 0x000077e758000000|  0%| F|  |TAMS 0x000077e756000000| PB 0x000077e756000000| Untracked |  0
|  501|0x000077e758000000, 0x000077e758000000, 0x000077e75a000000|  0%| F|  |TAMS 0x000077e758000000| PB 0x000077e758000000| Untracked |  0
|  502|0x000077e75a000000, 0x000077e75a000000, 0x000077e75c000000|  0%| F|  |TAMS 0x000077e75a000000| PB 0x000077e75a000000| Untracked |  0
|  503|0x000077e75c000000, 0x000077e75c000000, 0x000077e75e000000|  0%| F|  |TAMS 0x000077e75c000000| PB 0x000077e75c000000| Untracked |  0
|  504|0x000077e75e000000, 0x000077e75e000000, 0x000077e760000000|  0%| F|  |TAMS 0x000077e75e000000| PB 0x000077e75e000000| Untracked |  0
|  505|0x000077e760000000, 0x000077e760000000, 0x000077e762000000|  0%| F|  |TAMS 0x000077e760000000| PB 0x000077e760000000| Untracked |  0
|  506|0x000077e762000000, 0x000077e762000000, 0x000077e764000000|  0%| F|  |TAMS 0x000077e762000000| PB 0x000077e762000000| Untracked |  0
|  507|0x000077e764000000, 0x000077e764000000, 0x000077e766000000|  0%| F|  |TAMS 0x000077e764000000| PB 0x000077e764000000| Untracked |  0
|  508|0x000077e766000000, 0x000077e766000000, 0x000077e768000000|  0%| F|  |TAMS 0x000077e766000000| PB 0x000077e766000000| Untracked |  0
|  509|0x000077e768000000, 0x000077e768000000, 0x000077e76a000000|  0%| F|  |TAMS 0x000077e768000000| PB 0x000077e768000000| Untracked |  0
|  510|0x000077e76a000000, 0x000077e76a000000, 0x000077e76c000000|  0%| F|  |TAMS 0x000077e76a000000| PB 0x000077e76a000000| Untracked |  0
|  511|0x000077e76c000000, 0x000077e76c000000, 0x000077e76e000000|  0%| F|  |TAMS 0x000077e76c000000| PB 0x000077e76c000000| Untracked |  0
|  512|0x000077e76e000000, 0x000077e76e000000, 0x000077e770000000|  0%| F|  |TAMS 0x000077e76e000000| PB 0x000077e76e000000| Untracked |  0
|  513|0x000077e770000000, 0x000077e770000000, 0x000077e772000000|  0%| F|  |TAMS 0x000077e770000000| PB 0x000077e770000000| Untracked |  0
|  514|0x000077e772000000, 0x000077e772000000, 0x000077e774000000|  0%| F|  |TAMS 0x000077e772000000| PB 0x000077e772000000| Untracked |  0
|  515|0x000077e774000000, 0x000077e774000000, 0x000077e776000000|  0%| F|  |TAMS 0x000077e774000000| PB 0x000077e774000000| Untracked |  0
|  516|0x000077e776000000, 0x000077e776000000, 0x000077e778000000|  0%| F|  |TAMS 0x000077e776000000| PB 0x000077e776000000| Untracked |  0
|  517|0x000077e778000000, 0x000077e778000000, 0x000077e77a000000|  0%| F|  |TAMS 0x000077e778000000| PB 0x000077e778000000| Untracked |  0
|  518|0x000077e77a000000, 0x000077e77a000000, 0x000077e77c000000|  0%| F|  |TAMS 0x000077e77a000000| PB 0x000077e77a000000| Untracked |  0
|  519|0x000077e77c000000, 0x000077e77c000000, 0x000077e77e000000|  0%| F|  |TAMS 0x000077e77c000000| PB 0x000077e77c000000| Untracked |  0
|  520|0x000077e77e000000, 0x000077e77e000000, 0x000077e780000000|  0%| F|  |TAMS 0x000077e77e000000| PB 0x000077e77e000000| Untracked |  0
|  521|0x000077e780000000, 0x000077e780000000, 0x000077e782000000|  0%| F|  |TAMS 0x000077e780000000| PB 0x000077e780000000| Untracked |  0
|  522|0x000077e782000000, 0x000077e782000000, 0x000077e784000000|  0%| F|  |TAMS 0x000077e782000000| PB 0x000077e782000000| Untracked |  0
|  523|0x000077e784000000, 0x000077e784000000, 0x000077e786000000|  0%| F|  |TAMS 0x000077e784000000| PB 0x000077e784000000| Untracked |  0
|  524|0x000077e786000000, 0x000077e786000000, 0x000077e788000000|  0%| F|  |TAMS 0x000077e786000000| PB 0x000077e786000000| Untracked |  0
|  525|0x000077e788000000, 0x000077e788000000, 0x000077e78a000000|  0%| F|  |TAMS 0x000077e788000000| PB 0x000077e788000000| Untracked |  0
|  526|0x000077e78a000000, 0x000077e78a000000, 0x000077e78c000000|  0%| F|  |TAMS 0x000077e78a000000| PB 0x000077e78a000000| Untracked |  0
|  527|0x000077e78c000000, 0x000077e78c000000, 0x000077e78e000000|  0%| F|  |TAMS 0x000077e78c000000| PB 0x000077e78c000000| Untracked |  0
|  528|0x000077e78e000000, 0x000077e78e000000, 0x000077e790000000|  0%| F|  |TAMS 0x000077e78e000000| PB 0x000077e78e000000| Untracked |  0
|  529|0x000077e790000000, 0x000077e790000000, 0x000077e792000000|  0%| F|  |TAMS 0x000077e790000000| PB 0x000077e790000000| Untracked |  0
|  530|0x000077e792000000, 0x000077e792000000, 0x000077e794000000|  0%| F|  |TAMS 0x000077e792000000| PB 0x000077e792000000| Untracked |  0
|  531|0x000077e794000000, 0x000077e794000000, 0x000077e796000000|  0%| F|  |TAMS 0x000077e794000000| PB 0x000077e794000000| Untracked |  0
|  532|0x000077e796000000, 0x000077e796000000, 0x000077e798000000|  0%| F|  |TAMS 0x000077e796000000| PB 0x000077e796000000| Untracked |  0
|  533|0x000077e798000000, 0x000077e798000000, 0x000077e79a000000|  0%| F|  |TAMS 0x000077e798000000| PB 0x000077e798000000| Untracked |  0
|  534|0x000077e79a000000, 0x000077e79a000000, 0x000077e79c000000|  0%| F|  |TAMS 0x000077e79a000000| PB 0x000077e79a000000| Untracked |  0
|  535|0x000077e79c000000, 0x000077e79c000000, 0x000077e79e000000|  0%| F|  |TAMS 0x000077e79c000000| PB 0x000077e79c000000| Untracked |  0
|  536|0x000077e79e000000, 0x000077e79e000000, 0x000077e7a0000000|  0%| F|  |TAMS 0x000077e79e000000| PB 0x000077e79e000000| Untracked |  0
|  537|0x000077e7a0000000, 0x000077e7a0000000, 0x000077e7a2000000|  0%| F|  |TAMS 0x000077e7a0000000| PB 0x000077e7a0000000| Untracked |  0
|  538|0x000077e7a2000000, 0x000077e7a2000000, 0x000077e7a4000000|  0%| F|  |TAMS 0x000077e7a2000000| PB 0x000077e7a2000000| Untracked |  0
|  539|0x000077e7a4000000, 0x000077e7a4000000, 0x000077e7a6000000|  0%| F|  |TAMS 0x000077e7a4000000| PB 0x000077e7a4000000| Untracked |  0
|  540|0x000077e7a6000000, 0x000077e7a6000000, 0x000077e7a8000000|  0%| F|  |TAMS 0x000077e7a6000000| PB 0x000077e7a6000000| Untracked |  0
|  541|0x000077e7a8000000, 0x000077e7a8000000, 0x000077e7aa000000|  0%| F|  |TAMS 0x000077e7a8000000| PB 0x000077e7a8000000| Untracked |  0
|  542|0x000077e7aa000000, 0x000077e7aa000000, 0x000077e7ac000000|  0%| F|  |TAMS 0x000077e7aa000000| PB 0x000077e7aa000000| Untracked |  0
|  543|0x000077e7ac000000, 0x000077e7ac000000, 0x000077e7ae000000|  0%| F|  |TAMS 0x000077e7ac000000| PB 0x000077e7ac000000| Untracked |  0
|  544|0x000077e7ae000000, 0x000077e7ae000000, 0x000077e7b0000000|  0%| F|  |TAMS 0x000077e7ae000000| PB 0x000077e7ae000000| Untracked |  0
|  545|0x000077e7b0000000, 0x000077e7b0000000, 0x000077e7b2000000|  0%| F|  |TAMS 0x000077e7b0000000| PB 0x000077e7b0000000| Untracked |  0
|  546|0x000077e7b2000000, 0x000077e7b2000000, 0x000077e7b4000000|  0%| F|  |TAMS 0x000077e7b2000000| PB 0x000077e7b2000000| Untracked |  0
|  547|0x000077e7b4000000, 0x000077e7b4000000, 0x000077e7b6000000|  0%| F|  |TAMS 0x000077e7b4000000| PB 0x000077e7b4000000| Untracked |  0
|  548|0x000077e7b6000000, 0x000077e7b6000000, 0x000077e7b8000000|  0%| F|  |TAMS 0x000077e7b6000000| PB 0x000077e7b6000000| Untracked |  0
|  549|0x000077e7b8000000, 0x000077e7b8000000, 0x000077e7ba000000|  0%| F|  |TAMS 0x000077e7b8000000| PB 0x000077e7b8000000| Untracked |  0
|  550|0x000077e7ba000000, 0x000077e7ba000000, 0x000077e7bc000000|  0%| F|  |TAMS 0x000077e7ba000000| PB 0x000077e7ba000000| Untracked |  0
|  551|0x000077e7bc000000, 0x000077e7bc000000, 0x000077e7be000000|  0%| F|  |TAMS 0x000077e7bc000000| PB 0x000077e7bc000000| Untracked |  0
|  552|0x000077e7be000000, 0x000077e7be000000, 0x000077e7c0000000|  0%| F|  |TAMS 0x000077e7be000000| PB 0x000077e7be000000| Untracked |  0
|  553|0x000077e7c0000000, 0x000077e7c0000000, 0x000077e7c2000000|  0%| F|  |TAMS 0x000077e7c0000000| PB 0x000077e7c0000000| Untracked |  0
|  554|0x000077e7c2000000, 0x000077e7c2000000, 0x000077e7c4000000|  0%| F|  |TAMS 0x000077e7c2000000| PB 0x000077e7c2000000| Untracked |  0
|  555|0x000077e7c4000000, 0x000077e7c4000000, 0x000077e7c6000000|  0%| F|  |TAMS 0x000077e7c4000000| PB 0x000077e7c4000000| Untracked |  0
|  556|0x000077e7c6000000, 0x000077e7c6000000, 0x000077e7c8000000|  0%| F|  |TAMS 0x000077e7c6000000| PB 0x000077e7c6000000| Untracked |  0
|  557|0x000077e7c8000000, 0x000077e7c8000000, 0x000077e7ca000000|  0%| F|  |TAMS 0x000077e7c8000000| PB 0x000077e7c8000000| Untracked |  0
|  558|0x000077e7ca000000, 0x000077e7ca000000, 0x000077e7cc000000|  0%| F|  |TAMS 0x000077e7ca000000| PB 0x000077e7ca000000| Untracked |  0
|  559|0x000077e7cc000000, 0x000077e7cc000000, 0x000077e7ce000000|  0%| F|  |TAMS 0x000077e7cc000000| PB 0x000077e7cc000000| Untracked |  0
|  560|0x000077e7ce000000, 0x000077e7ce000000, 0x000077e7d0000000|  0%| F|  |TAMS 0x000077e7ce000000| PB 0x000077e7ce000000| Untracked |  0
|  561|0x000077e7d0000000, 0x000077e7d0000000, 0x000077e7d2000000|  0%| F|  |TAMS 0x000077e7d0000000| PB 0x000077e7d0000000| Untracked |  0
|  562|0x000077e7d2000000, 0x000077e7d2000000, 0x000077e7d4000000|  0%| F|  |TAMS 0x000077e7d2000000| PB 0x000077e7d2000000| Untracked |  0
|  563|0x000077e7d4000000, 0x000077e7d4000000, 0x000077e7d6000000|  0%| F|  |TAMS 0x000077e7d4000000| PB 0x000077e7d4000000| Untracked |  0
|  564|0x000077e7d6000000, 0x000077e7d6000000, 0x000077e7d8000000|  0%| F|  |TAMS 0x000077e7d6000000| PB 0x000077e7d6000000| Untracked |  0
|  565|0x000077e7d8000000, 0x000077e7d8000000, 0x000077e7da000000|  0%| F|  |TAMS 0x000077e7d8000000| PB 0x000077e7d8000000| Untracked |  0
|  566|0x000077e7da000000, 0x000077e7da000000, 0x000077e7dc000000|  0%| F|  |TAMS 0x000077e7da000000| PB 0x000077e7da000000| Untracked |  0
|  567|0x000077e7dc000000, 0x000077e7dc000000, 0x000077e7de000000|  0%| F|  |TAMS 0x000077e7dc000000| PB 0x000077e7dc000000| Untracked |  0
|  568|0x000077e7de000000, 0x000077e7de000000, 0x000077e7e0000000|  0%| F|  |TAMS 0x000077e7de000000| PB 0x000077e7de000000| Untracked |  0
|  569|0x000077e7e0000000, 0x000077e7e0000000, 0x000077e7e2000000|  0%| F|  |TAMS 0x000077e7e0000000| PB 0x000077e7e0000000| Untracked |  0
|  570|0x000077e7e2000000, 0x000077e7e2000000, 0x000077e7e4000000|  0%| F|  |TAMS 0x000077e7e2000000| PB 0x000077e7e2000000| Untracked |  0
|  571|0x000077e7e4000000, 0x000077e7e4000000, 0x000077e7e6000000|  0%| F|  |TAMS 0x000077e7e4000000| PB 0x000077e7e4000000| Untracked |  0
|  572|0x000077e7e6000000, 0x000077e7e6000000, 0x000077e7e8000000|  0%| F|  |TAMS 0x000077e7e6000000| PB 0x000077e7e6000000| Untracked |  0
|  573|0x000077e7e8000000, 0x000077e7e8000000, 0x000077e7ea000000|  0%| F|  |TAMS 0x000077e7e8000000| PB 0x000077e7e8000000| Untracked |  0
|  574|0x000077e7ea000000, 0x000077e7ea000000, 0x000077e7ec000000|  0%| F|  |TAMS 0x000077e7ea000000| PB 0x000077e7ea000000| Untracked |  0
|  575|0x000077e7ec000000, 0x000077e7ec000000, 0x000077e7ee000000|  0%| F|  |TAMS 0x000077e7ec000000| PB 0x000077e7ec000000| Untracked |  0
|  576|0x000077e7ee000000, 0x000077e7ee000000, 0x000077e7f0000000|  0%| F|  |TAMS 0x000077e7ee000000| PB 0x000077e7ee000000| Untracked |  0
|  577|0x000077e7f0000000, 0x000077e7f0000000, 0x000077e7f2000000|  0%| F|  |TAMS 0x000077e7f0000000| PB 0x000077e7f0000000| Untracked |  0
|  578|0x000077e7f2000000, 0x000077e7f2000000, 0x000077e7f4000000|  0%| F|  |TAMS 0x000077e7f2000000| PB 0x000077e7f2000000| Untracked |  0
|  579|0x000077e7f4000000, 0x000077e7f4000000, 0x000077e7f6000000|  0%| F|  |TAMS 0x000077e7f4000000| PB 0x000077e7f4000000| Untracked |  0
|  580|0x000077e7f6000000, 0x000077e7f6000000, 0x000077e7f8000000|  0%| F|  |TAMS 0x000077e7f6000000| PB 0x000077e7f6000000| Untracked |  0
|  581|0x000077e7f8000000, 0x000077e7f8000000, 0x000077e7fa000000|  0%| F|  |TAMS 0x000077e7f8000000| PB 0x000077e7f8000000| Untracked |  0
|  582|0x000077e7fa000000, 0x000077e7fa000000, 0x000077e7fc000000|  0%| F|  |TAMS 0x000077e7fa000000| PB 0x000077e7fa000000| Untracked |  0
|  583|0x000077e7fc000000, 0x000077e7fc000000, 0x000077e7fe000000|  0%| F|  |TAMS 0x000077e7fc000000| PB 0x000077e7fc000000| Untracked |  0
|  584|0x000077e7fe000000, 0x000077e7fe000000, 0x000077e800000000|  0%| F|  |TAMS 0x000077e7fe000000| PB 0x000077e7fe000000| Untracked |  0
|  585|0x000077e800000000, 0x000077e800000000, 0x000077e802000000|  0%| F|  |TAMS 0x000077e800000000| PB 0x000077e800000000| Untracked |  0
|  586|0x000077e802000000, 0x000077e802000000, 0x000077e804000000|  0%| F|  |TAMS 0x000077e802000000| PB 0x000077e802000000| Untracked |  0
|  587|0x000077e804000000, 0x000077e804000000, 0x000077e806000000|  0%| F|  |TAMS 0x000077e804000000| PB 0x000077e804000000| Untracked |  0
|  588|0x000077e806000000, 0x000077e806000000, 0x000077e808000000|  0%| F|  |TAMS 0x000077e806000000| PB 0x000077e806000000| Untracked |  0
|  589|0x000077e808000000, 0x000077e808000000, 0x000077e80a000000|  0%| F|  |TAMS 0x000077e808000000| PB 0x000077e808000000| Untracked |  0
|  590|0x000077e80a000000, 0x000077e80a000000, 0x000077e80c000000|  0%| F|  |TAMS 0x000077e80a000000| PB 0x000077e80a000000| Untracked |  0
|  591|0x000077e80c000000, 0x000077e80c000000, 0x000077e80e000000|  0%| F|  |TAMS 0x000077e80c000000| PB 0x000077e80c000000| Untracked |  0
|  592|0x000077e80e000000, 0x000077e80e000000, 0x000077e810000000|  0%| F|  |TAMS 0x000077e80e000000| PB 0x000077e80e000000| Untracked |  0
|  593|0x000077e810000000, 0x000077e810000000, 0x000077e812000000|  0%| F|  |TAMS 0x000077e810000000| PB 0x000077e810000000| Untracked |  0
|  594|0x000077e812000000, 0x000077e812000000, 0x000077e814000000|  0%| F|  |TAMS 0x000077e812000000| PB 0x000077e812000000| Untracked |  0
|  595|0x000077e814000000, 0x000077e814000000, 0x000077e816000000|  0%| F|  |TAMS 0x000077e814000000| PB 0x000077e814000000| Untracked |  0
|  596|0x000077e816000000, 0x000077e816000000, 0x000077e818000000|  0%| F|  |TAMS 0x000077e816000000| PB 0x000077e816000000| Untracked |  0
|  597|0x000077e818000000, 0x000077e818000000, 0x000077e81a000000|  0%| F|  |TAMS 0x000077e818000000| PB 0x000077e818000000| Untracked |  0
|  598|0x000077e81a000000, 0x000077e81a000000, 0x000077e81c000000|  0%| F|  |TAMS 0x000077e81a000000| PB 0x000077e81a000000| Untracked |  0
|  599|0x000077e81c000000, 0x000077e81c000000, 0x000077e81e000000|  0%| F|  |TAMS 0x000077e81c000000| PB 0x000077e81c000000| Untracked |  0
|  600|0x000077e81e000000, 0x000077e81e000000, 0x000077e820000000|  0%| F|  |TAMS 0x000077e81e000000| PB 0x000077e81e000000| Untracked |  0
|  601|0x000077e820000000, 0x000077e820000000, 0x000077e822000000|  0%| F|  |TAMS 0x000077e820000000| PB 0x000077e820000000| Untracked |  0
|  602|0x000077e822000000, 0x000077e822000000, 0x000077e824000000|  0%| F|  |TAMS 0x000077e822000000| PB 0x000077e822000000| Untracked |  0
|  603|0x000077e824000000, 0x000077e824000000, 0x000077e826000000|  0%| F|  |TAMS 0x000077e824000000| PB 0x000077e824000000| Untracked |  0
|  604|0x000077e826000000, 0x000077e826000000, 0x000077e828000000|  0%| F|  |TAMS 0x000077e826000000| PB 0x000077e826000000| Untracked |  0
|  605|0x000077e828000000, 0x000077e828000000, 0x000077e82a000000|  0%| F|  |TAMS 0x000077e828000000| PB 0x000077e828000000| Untracked |  0
|  606|0x000077e82a000000, 0x000077e82a000000, 0x000077e82c000000|  0%| F|  |TAMS 0x000077e82a000000| PB 0x000077e82a000000| Untracked |  0
|  607|0x000077e82c000000, 0x000077e82c000000, 0x000077e82e000000|  0%| F|  |TAMS 0x000077e82c000000| PB 0x000077e82c000000| Untracked |  0
|  608|0x000077e82e000000, 0x000077e82e000000, 0x000077e830000000|  0%| F|  |TAMS 0x000077e82e000000| PB 0x000077e82e000000| Untracked |  0
|  609|0x000077e830000000, 0x000077e830000000, 0x000077e832000000|  0%| F|  |TAMS 0x000077e830000000| PB 0x000077e830000000| Untracked |  0
|  610|0x000077e832000000, 0x000077e832000000, 0x000077e834000000|  0%| F|  |TAMS 0x000077e832000000| PB 0x000077e832000000| Untracked |  0
|  611|0x000077e834000000, 0x000077e834000000, 0x000077e836000000|  0%| F|  |TAMS 0x000077e834000000| PB 0x000077e834000000| Untracked |  0
|  612|0x000077e836000000, 0x000077e836000000, 0x000077e838000000|  0%| F|  |TAMS 0x000077e836000000| PB 0x000077e836000000| Untracked |  0
|  613|0x000077e838000000, 0x000077e838000000, 0x000077e83a000000|  0%| F|  |TAMS 0x000077e838000000| PB 0x000077e838000000| Untracked |  0
|  614|0x000077e83a000000, 0x000077e83a000000, 0x000077e83c000000|  0%| F|  |TAMS 0x000077e83a000000| PB 0x000077e83a000000| Untracked |  0
|  615|0x000077e83c000000, 0x000077e83c000000, 0x000077e83e000000|  0%| F|  |TAMS 0x000077e83c000000| PB 0x000077e83c000000| Untracked |  0
|  616|0x000077e83e000000, 0x000077e83e000000, 0x000077e840000000|  0%| F|  |TAMS 0x000077e83e000000| PB 0x000077e83e000000| Untracked |  0
|  617|0x000077e840000000, 0x000077e840000000, 0x000077e842000000|  0%| F|  |TAMS 0x000077e840000000| PB 0x000077e840000000| Untracked |  0
|  618|0x000077e842000000, 0x000077e842000000, 0x000077e844000000|  0%| F|  |TAMS 0x000077e842000000| PB 0x000077e842000000| Untracked |  0
|  619|0x000077e844000000, 0x000077e844000000, 0x000077e846000000|  0%| F|  |TAMS 0x000077e844000000| PB 0x000077e844000000| Untracked |  0
|  620|0x000077e846000000, 0x000077e846000000, 0x000077e848000000|  0%| F|  |TAMS 0x000077e846000000| PB 0x000077e846000000| Untracked |  0
|  621|0x000077e848000000, 0x000077e848000000, 0x000077e84a000000|  0%| F|  |TAMS 0x000077e848000000| PB 0x000077e848000000| Untracked |  0
|  622|0x000077e84a000000, 0x000077e84a000000, 0x000077e84c000000|  0%| F|  |TAMS 0x000077e84a000000| PB 0x000077e84a000000| Untracked |  0
|  623|0x000077e84c000000, 0x000077e84c000000, 0x000077e84e000000|  0%| F|  |TAMS 0x000077e84c000000| PB 0x000077e84c000000| Untracked |  0
|  624|0x000077e84e000000, 0x000077e84e000000, 0x000077e850000000|  0%| F|  |TAMS 0x000077e84e000000| PB 0x000077e84e000000| Untracked |  0
|  625|0x000077e850000000, 0x000077e850000000, 0x000077e852000000|  0%| F|  |TAMS 0x000077e850000000| PB 0x000077e850000000| Untracked |  0
|  626|0x000077e852000000, 0x000077e852000000, 0x000077e854000000|  0%| F|  |TAMS 0x000077e852000000| PB 0x000077e852000000| Untracked |  0
|  627|0x000077e854000000, 0x000077e854000000, 0x000077e856000000|  0%| F|  |TAMS 0x000077e854000000| PB 0x000077e854000000| Untracked |  0
|  628|0x000077e856000000, 0x000077e856000000, 0x000077e858000000|  0%| F|  |TAMS 0x000077e856000000| PB 0x000077e856000000| Untracked |  0
|  629|0x000077e858000000, 0x000077e858000000, 0x000077e85a000000|  0%| F|  |TAMS 0x000077e858000000| PB 0x000077e858000000| Untracked |  0
|  630|0x000077e85a000000, 0x000077e85a000000, 0x000077e85c000000|  0%| F|  |TAMS 0x000077e85a000000| PB 0x000077e85a000000| Untracked |  0
|  631|0x000077e85c000000, 0x000077e85c000000, 0x000077e85e000000|  0%| F|  |TAMS 0x000077e85c000000| PB 0x000077e85c000000| Untracked |  0
|  632|0x000077e85e000000, 0x000077e85e000000, 0x000077e860000000|  0%| F|  |TAMS 0x000077e85e000000| PB 0x000077e85e000000| Untracked |  0
|  633|0x000077e860000000, 0x000077e860000000, 0x000077e862000000|  0%| F|  |TAMS 0x000077e860000000| PB 0x000077e860000000| Untracked |  0
|  634|0x000077e862000000, 0x000077e862000000, 0x000077e864000000|  0%| F|  |TAMS 0x000077e862000000| PB 0x000077e862000000| Untracked |  0
|  635|0x000077e864000000, 0x000077e864000000, 0x000077e866000000|  0%| F|  |TAMS 0x000077e864000000| PB 0x000077e864000000| Untracked |  0
|  636|0x000077e866000000, 0x000077e866000000, 0x000077e868000000|  0%| F|  |TAMS 0x000077e866000000| PB 0x000077e866000000| Untracked |  0
|  637|0x000077e868000000, 0x000077e868000000, 0x000077e86a000000|  0%| F|  |TAMS 0x000077e868000000| PB 0x000077e868000000| Untracked |  0
|  638|0x000077e86a000000, 0x000077e86a000000, 0x000077e86c000000|  0%| F|  |TAMS 0x000077e86a000000| PB 0x000077e86a000000| Untracked |  0
|  639|0x000077e86c000000, 0x000077e86c000000, 0x000077e86e000000|  0%| F|  |TAMS 0x000077e86c000000| PB 0x000077e86c000000| Untracked |  0
|  640|0x000077e86e000000, 0x000077e86e000000, 0x000077e870000000|  0%| F|  |TAMS 0x000077e86e000000| PB 0x000077e86e000000| Untracked |  0
|  641|0x000077e870000000, 0x000077e870000000, 0x000077e872000000|  0%| F|  |TAMS 0x000077e870000000| PB 0x000077e870000000| Untracked |  0
|  642|0x000077e872000000, 0x000077e872000000, 0x000077e874000000|  0%| F|  |TAMS 0x000077e872000000| PB 0x000077e872000000| Untracked |  0
|  643|0x000077e874000000, 0x000077e874000000, 0x000077e876000000|  0%| F|  |TAMS 0x000077e874000000| PB 0x000077e874000000| Untracked |  0
|  644|0x000077e876000000, 0x000077e876000000, 0x000077e878000000|  0%| F|  |TAMS 0x000077e876000000| PB 0x000077e876000000| Untracked |  0
|  645|0x000077e878000000, 0x000077e878000000, 0x000077e87a000000|  0%| F|  |TAMS 0x000077e878000000| PB 0x000077e878000000| Untracked |  0
|  646|0x000077e87a000000, 0x000077e87a000000, 0x000077e87c000000|  0%| F|  |TAMS 0x000077e87a000000| PB 0x000077e87a000000| Untracked |  0
|  647|0x000077e87c000000, 0x000077e87c000000, 0x000077e87e000000|  0%| F|  |TAMS 0x000077e87c000000| PB 0x000077e87c000000| Untracked |  0
|  648|0x000077e87e000000, 0x000077e87e000000, 0x000077e880000000|  0%| F|  |TAMS 0x000077e87e000000| PB 0x000077e87e000000| Untracked |  0
|  649|0x000077e880000000, 0x000077e880000000, 0x000077e882000000|  0%| F|  |TAMS 0x000077e880000000| PB 0x000077e880000000| Untracked |  0
|  650|0x000077e882000000, 0x000077e882000000, 0x000077e884000000|  0%| F|  |TAMS 0x000077e882000000| PB 0x000077e882000000| Untracked |  0
|  651|0x000077e884000000, 0x000077e884000000, 0x000077e886000000|  0%| F|  |TAMS 0x000077e884000000| PB 0x000077e884000000| Untracked |  0
|  652|0x000077e886000000, 0x000077e886000000, 0x000077e888000000|  0%| F|  |TAMS 0x000077e886000000| PB 0x000077e886000000| Untracked |  0
|  653|0x000077e888000000, 0x000077e888000000, 0x000077e88a000000|  0%| F|  |TAMS 0x000077e888000000| PB 0x000077e888000000| Untracked |  0
|  654|0x000077e88a000000, 0x000077e88a000000, 0x000077e88c000000|  0%| F|  |TAMS 0x000077e88a000000| PB 0x000077e88a000000| Untracked |  0
|  655|0x000077e88c000000, 0x000077e88c000000, 0x000077e88e000000|  0%| F|  |TAMS 0x000077e88c000000| PB 0x000077e88c000000| Untracked |  0
|  656|0x000077e88e000000, 0x000077e88e000000, 0x000077e890000000|  0%| F|  |TAMS 0x000077e88e000000| PB 0x000077e88e000000| Untracked |  0
|  657|0x000077e890000000, 0x000077e890000000, 0x000077e892000000|  0%| F|  |TAMS 0x000077e890000000| PB 0x000077e890000000| Untracked |  0
|  658|0x000077e892000000, 0x000077e894000000, 0x000077e894000000|100%| S|CS|TAMS 0x000077e892000000| PB 0x000077e892000000| Complete  |  0
|  659|0x000077e894000000, 0x000077e896000000, 0x000077e896000000|100%| S|CS|TAMS 0x000077e894000000| PB 0x000077e894000000| Complete  |  0
|  660|0x000077e896000000, 0x000077e898000000, 0x000077e898000000|100%| S|CS|TAMS 0x000077e896000000| PB 0x000077e896000000| Complete  |  0
|  661|0x000077e898000000, 0x000077e89a000000, 0x000077e89a000000|100%| S|CS|TAMS 0x000077e898000000| PB 0x000077e898000000| Complete  |  0
|  662|0x000077e89a000000, 0x000077e89c000000, 0x000077e89c000000|100%| S|CS|TAMS 0x000077e89a000000| PB 0x000077e89a000000| Complete  |  0
|  663|0x000077e89c000000, 0x000077e89e000000, 0x000077e89e000000|100%| O|  |TAMS 0x000077e89c000000| PB 0x000077e89c000000| Untracked |  0
|  664|0x000077e89e000000, 0x000077e8a0000000, 0x000077e8a0000000|100%| O|  |TAMS 0x000077e89e000000| PB 0x000077e89e000000| Untracked |  0
|  665|0x000077e8a0000000, 0x000077e8a2000000, 0x000077e8a2000000|100%| O|  |TAMS 0x000077e8a0000000| PB 0x000077e8a0000000| Untracked |  0
|  666|0x000077e8a2000000, 0x000077e8a4000000, 0x000077e8a4000000|100%| O|  |TAMS 0x000077e8a2000000| PB 0x000077e8a2000000| Untracked |  0
|  667|0x000077e8a4000000, 0x000077e8a6000000, 0x000077e8a6000000|100%| O|  |TAMS 0x000077e8a4000000| PB 0x000077e8a4000000| Untracked |  0
|  668|0x000077e8a6000000, 0x000077e8a6000000, 0x000077e8a8000000|  0%| F|  |TAMS 0x000077e8a6000000| PB 0x000077e8a6000000| Untracked |  0
|  669|0x000077e8a8000000, 0x000077e8a8000000, 0x000077e8aa000000|  0%| F|  |TAMS 0x000077e8a8000000| PB 0x000077e8a8000000| Untracked |  0
|  670|0x000077e8aa000000, 0x000077e8aa000000, 0x000077e8ac000000|  0%| F|  |TAMS 0x000077e8aa000000| PB 0x000077e8aa000000| Untracked |  0
|  671|0x000077e8ac000000, 0x000077e8ac000000, 0x000077e8ae000000|  0%| F|  |TAMS 0x000077e8ac000000| PB 0x000077e8ac000000| Untracked |  0
|  672|0x000077e8ae000000, 0x000077e8ae000000, 0x000077e8b0000000|  0%| F|  |TAMS 0x000077e8ae000000| PB 0x000077e8ae000000| Untracked |  0
|  673|0x000077e8b0000000, 0x000077e8b0000000, 0x000077e8b2000000|  0%| F|  |TAMS 0x000077e8b0000000| PB 0x000077e8b0000000| Untracked |  0
|  674|0x000077e8b2000000, 0x000077e8b2000000, 0x000077e8b4000000|  0%| F|  |TAMS 0x000077e8b2000000| PB 0x000077e8b2000000| Untracked |  0
|  675|0x000077e8b4000000, 0x000077e8b4000000, 0x000077e8b6000000|  0%| F|  |TAMS 0x000077e8b4000000| PB 0x000077e8b4000000| Untracked |  0
|  676|0x000077e8b6000000, 0x000077e8b6000000, 0x000077e8b8000000|  0%| F|  |TAMS 0x000077e8b6000000| PB 0x000077e8b6000000| Untracked |  0
|  677|0x000077e8b8000000, 0x000077e8b8000000, 0x000077e8ba000000|  0%| F|  |TAMS 0x000077e8b8000000| PB 0x000077e8b8000000| Untracked |  0
|  678|0x000077e8ba000000, 0x000077e8ba000000, 0x000077e8bc000000|  0%| F|  |TAMS 0x000077e8ba000000| PB 0x000077e8ba000000| Untracked |  0
|  679|0x000077e8bc000000, 0x000077e8bc000000, 0x000077e8be000000|  0%| F|  |TAMS 0x000077e8bc000000| PB 0x000077e8bc000000| Untracked |  0
|  680|0x000077e8be000000, 0x000077e8be000000, 0x000077e8c0000000|  0%| F|  |TAMS 0x000077e8be000000| PB 0x000077e8be000000| Untracked |  0
|  681|0x000077e8c0000000, 0x000077e8c0000000, 0x000077e8c2000000|  0%| F|  |TAMS 0x000077e8c0000000| PB 0x000077e8c0000000| Untracked |  0
|  682|0x000077e8c2000000, 0x000077e8c2000000, 0x000077e8c4000000|  0%| F|  |TAMS 0x000077e8c2000000| PB 0x000077e8c2000000| Untracked |  0
|  683|0x000077e8c4000000, 0x000077e8c4000000, 0x000077e8c6000000|  0%| F|  |TAMS 0x000077e8c4000000| PB 0x000077e8c4000000| Untracked |  0
|  684|0x000077e8c6000000, 0x000077e8c6000000, 0x000077e8c8000000|  0%| F|  |TAMS 0x000077e8c6000000| PB 0x000077e8c6000000| Untracked |  0
|  685|0x000077e8c8000000, 0x000077e8c8000000, 0x000077e8ca000000|  0%| F|  |TAMS 0x000077e8c8000000| PB 0x000077e8c8000000| Untracked |  0
|  686|0x000077e8ca000000, 0x000077e8ca000000, 0x000077e8cc000000|  0%| F|  |TAMS 0x000077e8ca000000| PB 0x000077e8ca000000| Untracked |  0
|  687|0x000077e8cc000000, 0x000077e8cc000000, 0x000077e8ce000000|  0%| F|  |TAMS 0x000077e8cc000000| PB 0x000077e8cc000000| Untracked |  0
|  688|0x000077e8ce000000, 0x000077e8ce000000, 0x000077e8d0000000|  0%| F|  |TAMS 0x000077e8ce000000| PB 0x000077e8ce000000| Untracked |  0
|  689|0x000077e8d0000000, 0x000077e8d0000000, 0x000077e8d2000000|  0%| F|  |TAMS 0x000077e8d0000000| PB 0x000077e8d0000000| Untracked |  0
|  690|0x000077e8d2000000, 0x000077e8d2000000, 0x000077e8d4000000|  0%| F|  |TAMS 0x000077e8d2000000| PB 0x000077e8d2000000| Untracked |  0
|  691|0x000077e8d4000000, 0x000077e8d4000000, 0x000077e8d6000000|  0%| F|  |TAMS 0x000077e8d4000000| PB 0x000077e8d4000000| Untracked |  0
|  692|0x000077e8d6000000, 0x000077e8d6000000, 0x000077e8d8000000|  0%| F|  |TAMS 0x000077e8d6000000| PB 0x000077e8d6000000| Untracked |  0
|  693|0x000077e8d8000000, 0x000077e8d8000000, 0x000077e8da000000|  0%| F|  |TAMS 0x000077e8d8000000| PB 0x000077e8d8000000| Untracked |  0
|  694|0x000077e8da000000, 0x000077e8da000000, 0x000077e8dc000000|  0%| F|  |TAMS 0x000077e8da000000| PB 0x000077e8da000000| Untracked |  0
|  695|0x000077e8dc000000, 0x000077e8dc000000, 0x000077e8de000000|  0%| F|  |TAMS 0x000077e8dc000000| PB 0x000077e8dc000000| Untracked |  0
|  696|0x000077e8de000000, 0x000077e8de000000, 0x000077e8e0000000|  0%| F|  |TAMS 0x000077e8de000000| PB 0x000077e8de000000| Untracked |  0
|  697|0x000077e8e0000000, 0x000077e8e0000000, 0x000077e8e2000000|  0%| F|  |TAMS 0x000077e8e0000000| PB 0x000077e8e0000000| Untracked |  0
|  698|0x000077e8e2000000, 0x000077e8e2000000, 0x000077e8e4000000|  0%| F|  |TAMS 0x000077e8e2000000| PB 0x000077e8e2000000| Untracked |  0
|  699|0x000077e8e4000000, 0x000077e8e4000000, 0x000077e8e6000000|  0%| F|  |TAMS 0x000077e8e4000000| PB 0x000077e8e4000000| Untracked |  0
|  700|0x000077e8e6000000, 0x000077e8e6000000, 0x000077e8e8000000|  0%| F|  |TAMS 0x000077e8e6000000| PB 0x000077e8e6000000| Untracked |  0
|  701|0x000077e8e8000000, 0x000077e8e8000000, 0x000077e8ea000000|  0%| F|  |TAMS 0x000077e8e8000000| PB 0x000077e8e8000000| Untracked |  0
|  702|0x000077e8ea000000, 0x000077e8ea000000, 0x000077e8ec000000|  0%| F|  |TAMS 0x000077e8ea000000| PB 0x000077e8ea000000| Untracked |  0
|  703|0x000077e8ec000000, 0x000077e8ec000000, 0x000077e8ee000000|  0%| F|  |TAMS 0x000077e8ec000000| PB 0x000077e8ec000000| Untracked |  0
|  704|0x000077e8ee000000, 0x000077e8ee000000, 0x000077e8f0000000|  0%| F|  |TAMS 0x000077e8ee000000| PB 0x000077e8ee000000| Untracked |  0
|  705|0x000077e8f0000000, 0x000077e8f0000000, 0x000077e8f2000000|  0%| F|  |TAMS 0x000077e8f0000000| PB 0x000077e8f0000000| Untracked |  0
|  706|0x000077e8f2000000, 0x000077e8f2000000, 0x000077e8f4000000|  0%| F|  |TAMS 0x000077e8f2000000| PB 0x000077e8f2000000| Untracked |  0
|  707|0x000077e8f4000000, 0x000077e8f4000000, 0x000077e8f6000000|  0%| F|  |TAMS 0x000077e8f4000000| PB 0x000077e8f4000000| Untracked |  0
|  708|0x000077e8f6000000, 0x000077e8f6000000, 0x000077e8f8000000|  0%| F|  |TAMS 0x000077e8f6000000| PB 0x000077e8f6000000| Untracked |  0
|  709|0x000077e8f8000000, 0x000077e8f8000000, 0x000077e8fa000000|  0%| F|  |TAMS 0x000077e8f8000000| PB 0x000077e8f8000000| Untracked |  0
|  710|0x000077e8fa000000, 0x000077e8fa000000, 0x000077e8fc000000|  0%| F|  |TAMS 0x000077e8fa000000| PB 0x000077e8fa000000| Untracked |  0
|  711|0x000077e8fc000000, 0x000077e8fc000000, 0x000077e8fe000000|  0%| F|  |TAMS 0x000077e8fc000000| PB 0x000077e8fc000000| Untracked |  0
|  712|0x000077e8fe000000, 0x000077e8fe000000, 0x000077e900000000|  0%| F|  |TAMS 0x000077e8fe000000| PB 0x000077e8fe000000| Untracked |  0
|  713|0x000077e900000000, 0x000077e900000000, 0x000077e902000000|  0%| F|  |TAMS 0x000077e900000000| PB 0x000077e900000000| Untracked |  0
|  714|0x000077e902000000, 0x000077e902000000, 0x000077e904000000|  0%| F|  |TAMS 0x000077e902000000| PB 0x000077e902000000| Untracked |  0
|  715|0x000077e904000000, 0x000077e904000000, 0x000077e906000000|  0%| F|  |TAMS 0x000077e904000000| PB 0x000077e904000000| Untracked |  0
|  716|0x000077e906000000, 0x000077e906000000, 0x000077e908000000|  0%| F|  |TAMS 0x000077e906000000| PB 0x000077e906000000| Untracked |  0
|  717|0x000077e908000000, 0x000077e908000000, 0x000077e90a000000|  0%| F|  |TAMS 0x000077e908000000| PB 0x000077e908000000| Untracked |  0
|  718|0x000077e90a000000, 0x000077e90a000000, 0x000077e90c000000|  0%| F|  |TAMS 0x000077e90a000000| PB 0x000077e90a000000| Untracked |  0
|  719|0x000077e90c000000, 0x000077e90c000000, 0x000077e90e000000|  0%| F|  |TAMS 0x000077e90c000000| PB 0x000077e90c000000| Untracked |  0
|  720|0x000077e90e000000, 0x000077e90e000000, 0x000077e910000000|  0%| F|  |TAMS 0x000077e90e000000| PB 0x000077e90e000000| Untracked |  0
|  721|0x000077e910000000, 0x000077e910000000, 0x000077e912000000|  0%| F|  |TAMS 0x000077e910000000| PB 0x000077e910000000| Untracked |  0
|  722|0x000077e912000000, 0x000077e912000000, 0x000077e914000000|  0%| F|  |TAMS 0x000077e912000000| PB 0x000077e912000000| Untracked |  0
|  723|0x000077e914000000, 0x000077e914000000, 0x000077e916000000|  0%| F|  |TAMS 0x000077e914000000| PB 0x000077e914000000| Untracked |  0
|  724|0x000077e916000000, 0x000077e916000000, 0x000077e918000000|  0%| F|  |TAMS 0x000077e916000000| PB 0x000077e916000000| Untracked |  0
|  725|0x000077e918000000, 0x000077e918000000, 0x000077e91a000000|  0%| F|  |TAMS 0x000077e918000000| PB 0x000077e918000000| Untracked |  0
|  726|0x000077e91a000000, 0x000077e91a000000, 0x000077e91c000000|  0%| F|  |TAMS 0x000077e91a000000| PB 0x000077e91a000000| Untracked |  0
|  727|0x000077e91c000000, 0x000077e91c000000, 0x000077e91e000000|  0%| F|  |TAMS 0x000077e91c000000| PB 0x000077e91c000000| Untracked |  0
|  728|0x000077e91e000000, 0x000077e91e000000, 0x000077e920000000|  0%| F|  |TAMS 0x000077e91e000000| PB 0x000077e91e000000| Untracked |  0
|  729|0x000077e920000000, 0x000077e920000000, 0x000077e922000000|  0%| F|  |TAMS 0x000077e920000000| PB 0x000077e920000000| Untracked |  0
|  730|0x000077e922000000, 0x000077e922000000, 0x000077e924000000|  0%| F|  |TAMS 0x000077e922000000| PB 0x000077e922000000| Untracked |  0
|  731|0x000077e924000000, 0x000077e924000000, 0x000077e926000000|  0%| F|  |TAMS 0x000077e924000000| PB 0x000077e924000000| Untracked |  0
|  732|0x000077e926000000, 0x000077e926000000, 0x000077e928000000|  0%| F|  |TAMS 0x000077e926000000| PB 0x000077e926000000| Untracked |  0
|  733|0x000077e928000000, 0x000077e928000000, 0x000077e92a000000|  0%| F|  |TAMS 0x000077e928000000| PB 0x000077e928000000| Untracked |  0
|  734|0x000077e92a000000, 0x000077e92a000000, 0x000077e92c000000|  0%| F|  |TAMS 0x000077e92a000000| PB 0x000077e92a000000| Untracked |  0
|  735|0x000077e92c000000, 0x000077e92c000000, 0x000077e92e000000|  0%| F|  |TAMS 0x000077e92c000000| PB 0x000077e92c000000| Untracked |  0
|  736|0x000077e92e000000, 0x000077e92e000000, 0x000077e930000000|  0%| F|  |TAMS 0x000077e92e000000| PB 0x000077e92e000000| Untracked |  0
|  737|0x000077e930000000, 0x000077e930000000, 0x000077e932000000|  0%| F|  |TAMS 0x000077e930000000| PB 0x000077e930000000| Untracked |  0
|  738|0x000077e932000000, 0x000077e932000000, 0x000077e934000000|  0%| F|  |TAMS 0x000077e932000000| PB 0x000077e932000000| Untracked |  0
|  739|0x000077e934000000, 0x000077e934000000, 0x000077e936000000|  0%| F|  |TAMS 0x000077e934000000| PB 0x000077e934000000| Untracked |  0
|  740|0x000077e936000000, 0x000077e936000000, 0x000077e938000000|  0%| F|  |TAMS 0x000077e936000000| PB 0x000077e936000000| Untracked |  0
|  741|0x000077e938000000, 0x000077e938000000, 0x000077e93a000000|  0%| F|  |TAMS 0x000077e938000000| PB 0x000077e938000000| Untracked |  0
|  742|0x000077e93a000000, 0x000077e93a000000, 0x000077e93c000000|  0%| F|  |TAMS 0x000077e93a000000| PB 0x000077e93a000000| Untracked |  0
|  743|0x000077e93c000000, 0x000077e93c000000, 0x000077e93e000000|  0%| F|  |TAMS 0x000077e93c000000| PB 0x000077e93c000000| Untracked |  0
|  744|0x000077e93e000000, 0x000077e93e000000, 0x000077e940000000|  0%| F|  |TAMS 0x000077e93e000000| PB 0x000077e93e000000| Untracked |  0
|  745|0x000077e940000000, 0x000077e940000000, 0x000077e942000000|  0%| F|  |TAMS 0x000077e940000000| PB 0x000077e940000000| Untracked |  0
|  746|0x000077e942000000, 0x000077e942000000, 0x000077e944000000|  0%| F|  |TAMS 0x000077e942000000| PB 0x000077e942000000| Untracked |  0
|  747|0x000077e944000000, 0x000077e944000000, 0x000077e946000000|  0%| F|  |TAMS 0x000077e944000000| PB 0x000077e944000000| Untracked |  0
|  748|0x000077e946000000, 0x000077e946000000, 0x000077e948000000|  0%| F|  |TAMS 0x000077e946000000| PB 0x000077e946000000| Untracked |  0
|  749|0x000077e948000000, 0x000077e948000000, 0x000077e94a000000|  0%| F|  |TAMS 0x000077e948000000| PB 0x000077e948000000| Untracked |  0
|  750|0x000077e94a000000, 0x000077e94a000000, 0x000077e94c000000|  0%| F|  |TAMS 0x000077e94a000000| PB 0x000077e94a000000| Untracked |  0
|  751|0x000077e94c000000, 0x000077e94c000000, 0x000077e94e000000|  0%| F|  |TAMS 0x000077e94c000000| PB 0x000077e94c000000| Untracked |  0
|  752|0x000077e94e000000, 0x000077e94e000000, 0x000077e950000000|  0%| F|  |TAMS 0x000077e94e000000| PB 0x000077e94e000000| Untracked |  0
|  753|0x000077e950000000, 0x000077e950000000, 0x000077e952000000|  0%| F|  |TAMS 0x000077e950000000| PB 0x000077e950000000| Untracked |  0
|  754|0x000077e952000000, 0x000077e952000000, 0x000077e954000000|  0%| F|  |TAMS 0x000077e952000000| PB 0x000077e952000000| Untracked |  0
|  755|0x000077e954000000, 0x000077e954000000, 0x000077e956000000|  0%| F|  |TAMS 0x000077e954000000| PB 0x000077e954000000| Untracked |  0
|  756|0x000077e956000000, 0x000077e956000000, 0x000077e958000000|  0%| F|  |TAMS 0x000077e956000000| PB 0x000077e956000000| Untracked |  0
|  757|0x000077e958000000, 0x000077e958000000, 0x000077e95a000000|  0%| F|  |TAMS 0x000077e958000000| PB 0x000077e958000000| Untracked |  0
|  758|0x000077e95a000000, 0x000077e95a000000, 0x000077e95c000000|  0%| F|  |TAMS 0x000077e95a000000| PB 0x000077e95a000000| Untracked |  0
|  759|0x000077e95c000000, 0x000077e95c000000, 0x000077e95e000000|  0%| F|  |TAMS 0x000077e95c000000| PB 0x000077e95c000000| Untracked |  0
|  760|0x000077e95e000000, 0x000077e95e000000, 0x000077e960000000|  0%| F|  |TAMS 0x000077e95e000000| PB 0x000077e95e000000| Untracked |  0
|  761|0x000077e960000000, 0x000077e960000000, 0x000077e962000000|  0%| F|  |TAMS 0x000077e960000000| PB 0x000077e960000000| Untracked |  0
|  762|0x000077e962000000, 0x000077e962000000, 0x000077e964000000|  0%| F|  |TAMS 0x000077e962000000| PB 0x000077e962000000| Untracked |  0
|  763|0x000077e964000000, 0x000077e964000000, 0x000077e966000000|  0%| F|  |TAMS 0x000077e964000000| PB 0x000077e964000000| Untracked |  0
|  764|0x000077e966000000, 0x000077e966000000, 0x000077e968000000|  0%| F|  |TAMS 0x000077e966000000| PB 0x000077e966000000| Untracked |  0
|  765|0x000077e968000000, 0x000077e968000000, 0x000077e96a000000|  0%| F|  |TAMS 0x000077e968000000| PB 0x000077e968000000| Untracked |  0
|  766|0x000077e96a000000, 0x000077e96a000000, 0x000077e96c000000|  0%| F|  |TAMS 0x000077e96a000000| PB 0x000077e96a000000| Untracked |  0
|  767|0x000077e96c000000, 0x000077e96c000000, 0x000077e96e000000|  0%| F|  |TAMS 0x000077e96c000000| PB 0x000077e96c000000| Untracked |  0
|  768|0x000077e96e000000, 0x000077e96e000000, 0x000077e970000000|  0%| F|  |TAMS 0x000077e96e000000| PB 0x000077e96e000000| Untracked |  0
|  769|0x000077e970000000, 0x000077e970000000, 0x000077e972000000|  0%| F|  |TAMS 0x000077e970000000| PB 0x000077e970000000| Untracked |  0
|  770|0x000077e972000000, 0x000077e972000000, 0x000077e974000000|  0%| F|  |TAMS 0x000077e972000000| PB 0x000077e972000000| Untracked |  0
|  771|0x000077e974000000, 0x000077e974000000, 0x000077e976000000|  0%| F|  |TAMS 0x000077e974000000| PB 0x000077e974000000| Untracked |  0
|  772|0x000077e976000000, 0x000077e976000000, 0x000077e978000000|  0%| F|  |TAMS 0x000077e976000000| PB 0x000077e976000000| Untracked |  0
|  773|0x000077e978000000, 0x000077e978000000, 0x000077e97a000000|  0%| F|  |TAMS 0x000077e978000000| PB 0x000077e978000000| Untracked |  0
|  774|0x000077e97a000000, 0x000077e97a000000, 0x000077e97c000000|  0%| F|  |TAMS 0x000077e97a000000| PB 0x000077e97a000000| Untracked |  0
|  775|0x000077e97c000000, 0x000077e97c000000, 0x000077e97e000000|  0%| F|  |TAMS 0x000077e97c000000| PB 0x000077e97c000000| Untracked |  0
|  776|0x000077e97e000000, 0x000077e97e000000, 0x000077e980000000|  0%| F|  |TAMS 0x000077e97e000000| PB 0x000077e97e000000| Untracked |  0
|  777|0x000077e980000000, 0x000077e980000000, 0x000077e982000000|  0%| F|  |TAMS 0x000077e980000000| PB 0x000077e980000000| Untracked |  0
|  778|0x000077e982000000, 0x000077e982000000, 0x000077e984000000|  0%| F|  |TAMS 0x000077e982000000| PB 0x000077e982000000| Untracked |  0
|  779|0x000077e984000000, 0x000077e984000000, 0x000077e986000000|  0%| F|  |TAMS 0x000077e984000000| PB 0x000077e984000000| Untracked |  0
|  780|0x000077e986000000, 0x000077e986000000, 0x000077e988000000|  0%| F|  |TAMS 0x000077e986000000| PB 0x000077e986000000| Untracked |  0
|  781|0x000077e988000000, 0x000077e988000000, 0x000077e98a000000|  0%| F|  |TAMS 0x000077e988000000| PB 0x000077e988000000| Untracked |  0
|  782|0x000077e98a000000, 0x000077e98a000000, 0x000077e98c000000|  0%| F|  |TAMS 0x000077e98a000000| PB 0x000077e98a000000| Untracked |  0
|  783|0x000077e98c000000, 0x000077e98c000000, 0x000077e98e000000|  0%| F|  |TAMS 0x000077e98c000000| PB 0x000077e98c000000| Untracked |  0
|  784|0x000077e98e000000, 0x000077e98e000000, 0x000077e990000000|  0%| F|  |TAMS 0x000077e98e000000| PB 0x000077e98e000000| Untracked |  0
|  785|0x000077e990000000, 0x000077e990000000, 0x000077e992000000|  0%| F|  |TAMS 0x000077e990000000| PB 0x000077e990000000| Untracked |  0
|  786|0x000077e992000000, 0x000077e992000000, 0x000077e994000000|  0%| F|  |TAMS 0x000077e992000000| PB 0x000077e992000000| Untracked |  0
|  787|0x000077e994000000, 0x000077e994000000, 0x000077e996000000|  0%| F|  |TAMS 0x000077e994000000| PB 0x000077e994000000| Untracked |  0
|  788|0x000077e996000000, 0x000077e996000000, 0x000077e998000000|  0%| F|  |TAMS 0x000077e996000000| PB 0x000077e996000000| Untracked |  0
|  789|0x000077e998000000, 0x000077e998000000, 0x000077e99a000000|  0%| F|  |TAMS 0x000077e998000000| PB 0x000077e998000000| Untracked |  0
|  790|0x000077e99a000000, 0x000077e99a000000, 0x000077e99c000000|  0%| F|  |TAMS 0x000077e99a000000| PB 0x000077e99a000000| Untracked |  0
|  791|0x000077e99c000000, 0x000077e99c000000, 0x000077e99e000000|  0%| F|  |TAMS 0x000077e99c000000| PB 0x000077e99c000000| Untracked |  0
|  792|0x000077e99e000000, 0x000077e99e000000, 0x000077e9a0000000|  0%| F|  |TAMS 0x000077e99e000000| PB 0x000077e99e000000| Untracked |  0
|  793|0x000077e9a0000000, 0x000077e9a0000000, 0x000077e9a2000000|  0%| F|  |TAMS 0x000077e9a0000000| PB 0x000077e9a0000000| Untracked |  0
|  794|0x000077e9a2000000, 0x000077e9a2000000, 0x000077e9a4000000|  0%| F|  |TAMS 0x000077e9a2000000| PB 0x000077e9a2000000| Untracked |  0
|  795|0x000077e9a4000000, 0x000077e9a4000000, 0x000077e9a6000000|  0%| F|  |TAMS 0x000077e9a4000000| PB 0x000077e9a4000000| Untracked |  0
|  796|0x000077e9a6000000, 0x000077e9a6000000, 0x000077e9a8000000|  0%| F|  |TAMS 0x000077e9a6000000| PB 0x000077e9a6000000| Untracked |  0
|  797|0x000077e9a8000000, 0x000077e9a8000000, 0x000077e9aa000000|  0%| F|  |TAMS 0x000077e9a8000000| PB 0x000077e9a8000000| Untracked |  0
|  798|0x000077e9aa000000, 0x000077e9aa000000, 0x000077e9ac000000|  0%| F|  |TAMS 0x000077e9aa000000| PB 0x000077e9aa000000| Untracked |  0
|  799|0x000077e9ac000000, 0x000077e9ac000000, 0x000077e9ae000000|  0%| F|  |TAMS 0x000077e9ac000000| PB 0x000077e9ac000000| Untracked |  0
|  800|0x000077e9ae000000, 0x000077e9ae000000, 0x000077e9b0000000|  0%| F|  |TAMS 0x000077e9ae000000| PB 0x000077e9ae000000| Untracked |  0
|  801|0x000077e9b0000000, 0x000077e9b0000000, 0x000077e9b2000000|  0%| F|  |TAMS 0x000077e9b0000000| PB 0x000077e9b0000000| Untracked |  0
|  802|0x000077e9b2000000, 0x000077e9b2000000, 0x000077e9b4000000|  0%| F|  |TAMS 0x000077e9b2000000| PB 0x000077e9b2000000| Untracked |  0
|  803|0x000077e9b4000000, 0x000077e9b4000000, 0x000077e9b6000000|  0%| F|  |TAMS 0x000077e9b4000000| PB 0x000077e9b4000000| Untracked |  0
|  804|0x000077e9b6000000, 0x000077e9b6000000, 0x000077e9b8000000|  0%| F|  |TAMS 0x000077e9b6000000| PB 0x000077e9b6000000| Untracked |  0
|  805|0x000077e9b8000000, 0x000077e9b8000000, 0x000077e9ba000000|  0%| F|  |TAMS 0x000077e9b8000000| PB 0x000077e9b8000000| Untracked |  0
|  806|0x000077e9ba000000, 0x000077e9ba000000, 0x000077e9bc000000|  0%| F|  |TAMS 0x000077e9ba000000| PB 0x000077e9ba000000| Untracked |  0
|  807|0x000077e9bc000000, 0x000077e9bc000000, 0x000077e9be000000|  0%| F|  |TAMS 0x000077e9bc000000| PB 0x000077e9bc000000| Untracked |  0
|  808|0x000077e9be000000, 0x000077e9be000000, 0x000077e9c0000000|  0%| F|  |TAMS 0x000077e9be000000| PB 0x000077e9be000000| Untracked |  0
|  809|0x000077e9c0000000, 0x000077e9c0000000, 0x000077e9c2000000|  0%| F|  |TAMS 0x000077e9c0000000| PB 0x000077e9c0000000| Untracked |  0
|  810|0x000077e9c2000000, 0x000077e9c2000000, 0x000077e9c4000000|  0%| F|  |TAMS 0x000077e9c2000000| PB 0x000077e9c2000000| Untracked |  0
|  811|0x000077e9c4000000, 0x000077e9c4000000, 0x000077e9c6000000|  0%| F|  |TAMS 0x000077e9c4000000| PB 0x000077e9c4000000| Untracked |  0
|  812|0x000077e9c6000000, 0x000077e9c6000000, 0x000077e9c8000000|  0%| F|  |TAMS 0x000077e9c6000000| PB 0x000077e9c6000000| Untracked |  0
|  813|0x000077e9c8000000, 0x000077e9c8000000, 0x000077e9ca000000|  0%| F|  |TAMS 0x000077e9c8000000| PB 0x000077e9c8000000| Untracked |  0
|  814|0x000077e9ca000000, 0x000077e9ca000000, 0x000077e9cc000000|  0%| F|  |TAMS 0x000077e9ca000000| PB 0x000077e9ca000000| Untracked |  0
|  815|0x000077e9cc000000, 0x000077e9cc000000, 0x000077e9ce000000|  0%| F|  |TAMS 0x000077e9cc000000| PB 0x000077e9cc000000| Untracked |  0
|  816|0x000077e9ce000000, 0x000077e9ce000000, 0x000077e9d0000000|  0%| F|  |TAMS 0x000077e9ce000000| PB 0x000077e9ce000000| Untracked |  0
|  817|0x000077e9d0000000, 0x000077e9d0000000, 0x000077e9d2000000|  0%| F|  |TAMS 0x000077e9d0000000| PB 0x000077e9d0000000| Untracked |  0
|  818|0x000077e9d2000000, 0x000077e9d2000000, 0x000077e9d4000000|  0%| F|  |TAMS 0x000077e9d2000000| PB 0x000077e9d2000000| Untracked |  0
|  819|0x000077e9d4000000, 0x000077e9d4000000, 0x000077e9d6000000|  0%| F|  |TAMS 0x000077e9d4000000| PB 0x000077e9d4000000| Untracked |  0
|  820|0x000077e9d6000000, 0x000077e9d6000000, 0x000077e9d8000000|  0%| F|  |TAMS 0x000077e9d6000000| PB 0x000077e9d6000000| Untracked |  0
|  821|0x000077e9d8000000, 0x000077e9d8000000, 0x000077e9da000000|  0%| F|  |TAMS 0x000077e9d8000000| PB 0x000077e9d8000000| Untracked |  0
|  822|0x000077e9da000000, 0x000077e9da000000, 0x000077e9dc000000|  0%| F|  |TAMS 0x000077e9da000000| PB 0x000077e9da000000| Untracked |  0
|  823|0x000077e9dc000000, 0x000077e9dc000000, 0x000077e9de000000|  0%| F|  |TAMS 0x000077e9dc000000| PB 0x000077e9dc000000| Untracked |  0
|  824|0x000077e9de000000, 0x000077e9de000000, 0x000077e9e0000000|  0%| F|  |TAMS 0x000077e9de000000| PB 0x000077e9de000000| Untracked |  0
|  825|0x000077e9e0000000, 0x000077e9e0000000, 0x000077e9e2000000|  0%| F|  |TAMS 0x000077e9e0000000| PB 0x000077e9e0000000| Untracked |  0
|  826|0x000077e9e2000000, 0x000077e9e2000000, 0x000077e9e4000000|  0%| F|  |TAMS 0x000077e9e2000000| PB 0x000077e9e2000000| Untracked |  0
|  827|0x000077e9e4000000, 0x000077e9e4000000, 0x000077e9e6000000|  0%| F|  |TAMS 0x000077e9e4000000| PB 0x000077e9e4000000| Untracked |  0
|  828|0x000077e9e6000000, 0x000077e9e6000000, 0x000077e9e8000000|  0%| F|  |TAMS 0x000077e9e6000000| PB 0x000077e9e6000000| Untracked |  0
|  829|0x000077e9e8000000, 0x000077e9e8000000, 0x000077e9ea000000|  0%| F|  |TAMS 0x000077e9e8000000| PB 0x000077e9e8000000| Untracked |  0
|  830|0x000077e9ea000000, 0x000077e9ea000000, 0x000077e9ec000000|  0%| F|  |TAMS 0x000077e9ea000000| PB 0x000077e9ea000000| Untracked |  0
|  831|0x000077e9ec000000, 0x000077e9ec000000, 0x000077e9ee000000|  0%| F|  |TAMS 0x000077e9ec000000| PB 0x000077e9ec000000| Untracked |  0
|  832|0x000077e9ee000000, 0x000077e9ee000000, 0x000077e9f0000000|  0%| F|  |TAMS 0x000077e9ee000000| PB 0x000077e9ee000000| Untracked |  0
|  833|0x000077e9f0000000, 0x000077e9f0000000, 0x000077e9f2000000|  0%| F|  |TAMS 0x000077e9f0000000| PB 0x000077e9f0000000| Untracked |  0
|  834|0x000077e9f2000000, 0x000077e9f2000000, 0x000077e9f4000000|  0%| F|  |TAMS 0x000077e9f2000000| PB 0x000077e9f2000000| Untracked |  0
|  835|0x000077e9f4000000, 0x000077e9f4000000, 0x000077e9f6000000|  0%| F|  |TAMS 0x000077e9f4000000| PB 0x000077e9f4000000| Untracked |  0
|  836|0x000077e9f6000000, 0x000077e9f6000000, 0x000077e9f8000000|  0%| F|  |TAMS 0x000077e9f6000000| PB 0x000077e9f6000000| Untracked |  0
|  837|0x000077e9f8000000, 0x000077e9f8000000, 0x000077e9fa000000|  0%| F|  |TAMS 0x000077e9f8000000| PB 0x000077e9f8000000| Untracked |  0
|  838|0x000077e9fa000000, 0x000077e9fa000000, 0x000077e9fc000000|  0%| F|  |TAMS 0x000077e9fa000000| PB 0x000077e9fa000000| Untracked |  0
|  839|0x000077e9fc000000, 0x000077e9fc000000, 0x000077e9fe000000|  0%| F|  |TAMS 0x000077e9fc000000| PB 0x000077e9fc000000| Untracked |  0
|  840|0x000077e9fe000000, 0x000077e9fe000000, 0x000077ea00000000|  0%| F|  |TAMS 0x000077e9fe000000| PB 0x000077e9fe000000| Untracked |  0
|  841|0x000077ea00000000, 0x000077ea00000000, 0x000077ea02000000|  0%| F|  |TAMS 0x000077ea00000000| PB 0x000077ea00000000| Untracked |  0
|  842|0x000077ea02000000, 0x000077ea02000000, 0x000077ea04000000|  0%| F|  |TAMS 0x000077ea02000000| PB 0x000077ea02000000| Untracked |  0
|  843|0x000077ea04000000, 0x000077ea04000000, 0x000077ea06000000|  0%| F|  |TAMS 0x000077ea04000000| PB 0x000077ea04000000| Untracked |  0
|  844|0x000077ea06000000, 0x000077ea06000000, 0x000077ea08000000|  0%| F|  |TAMS 0x000077ea06000000| PB 0x000077ea06000000| Untracked |  0
|  845|0x000077ea08000000, 0x000077ea08000000, 0x000077ea0a000000|  0%| F|  |TAMS 0x000077ea08000000| PB 0x000077ea08000000| Untracked |  0
|  846|0x000077ea0a000000, 0x000077ea0a000000, 0x000077ea0c000000|  0%| F|  |TAMS 0x000077ea0a000000| PB 0x000077ea0a000000| Untracked |  0
|  847|0x000077ea0c000000, 0x000077ea0c000000, 0x000077ea0e000000|  0%| F|  |TAMS 0x000077ea0c000000| PB 0x000077ea0c000000| Untracked |  0
|  848|0x000077ea0e000000, 0x000077ea0e000000, 0x000077ea10000000|  0%| F|  |TAMS 0x000077ea0e000000| PB 0x000077ea0e000000| Untracked |  0
|  849|0x000077ea10000000, 0x000077ea10000000, 0x000077ea12000000|  0%| F|  |TAMS 0x000077ea10000000| PB 0x000077ea10000000| Untracked |  0
|  850|0x000077ea12000000, 0x000077ea12000000, 0x000077ea14000000|  0%| F|  |TAMS 0x000077ea12000000| PB 0x000077ea12000000| Untracked |  0
|  851|0x000077ea14000000, 0x000077ea14000000, 0x000077ea16000000|  0%| F|  |TAMS 0x000077ea14000000| PB 0x000077ea14000000| Untracked |  0
|  852|0x000077ea16000000, 0x000077ea16000000, 0x000077ea18000000|  0%| F|  |TAMS 0x000077ea16000000| PB 0x000077ea16000000| Untracked |  0
|  853|0x000077ea18000000, 0x000077ea18000000, 0x000077ea1a000000|  0%| F|  |TAMS 0x000077ea18000000| PB 0x000077ea18000000| Untracked |  0
|  854|0x000077ea1a000000, 0x000077ea1a000000, 0x000077ea1c000000|  0%| F|  |TAMS 0x000077ea1a000000| PB 0x000077ea1a000000| Untracked |  0
|  855|0x000077ea1c000000, 0x000077ea1c000000, 0x000077ea1e000000|  0%| F|  |TAMS 0x000077ea1c000000| PB 0x000077ea1c000000| Untracked |  0
|  856|0x000077ea1e000000, 0x000077ea1e000000, 0x000077ea20000000|  0%| F|  |TAMS 0x000077ea1e000000| PB 0x000077ea1e000000| Untracked |  0
|  857|0x000077ea20000000, 0x000077ea20000000, 0x000077ea22000000|  0%| F|  |TAMS 0x000077ea20000000| PB 0x000077ea20000000| Untracked |  0
|  858|0x000077ea22000000, 0x000077ea22000000, 0x000077ea24000000|  0%| F|  |TAMS 0x000077ea22000000| PB 0x000077ea22000000| Untracked |  0
|  859|0x000077ea24000000, 0x000077ea24000000, 0x000077ea26000000|  0%| F|  |TAMS 0x000077ea24000000| PB 0x000077ea24000000| Untracked |  0
|  860|0x000077ea26000000, 0x000077ea26000000, 0x000077ea28000000|  0%| F|  |TAMS 0x000077ea26000000| PB 0x000077ea26000000| Untracked |  0
|  861|0x000077ea28000000, 0x000077ea28000000, 0x000077ea2a000000|  0%| F|  |TAMS 0x000077ea28000000| PB 0x000077ea28000000| Untracked |  0
|  862|0x000077ea2a000000, 0x000077ea2a000000, 0x000077ea2c000000|  0%| F|  |TAMS 0x000077ea2a000000| PB 0x000077ea2a000000| Untracked |  0
|  863|0x000077ea2c000000, 0x000077ea2c000000, 0x000077ea2e000000|  0%| F|  |TAMS 0x000077ea2c000000| PB 0x000077ea2c000000| Untracked |  0
|  864|0x000077ea2e000000, 0x000077ea2e000000, 0x000077ea30000000|  0%| F|  |TAMS 0x000077ea2e000000| PB 0x000077ea2e000000| Untracked |  0
|  865|0x000077ea30000000, 0x000077ea30000000, 0x000077ea32000000|  0%| F|  |TAMS 0x000077ea30000000| PB 0x000077ea30000000| Untracked |  0
|  866|0x000077ea32000000, 0x000077ea32000000, 0x000077ea34000000|  0%| F|  |TAMS 0x000077ea32000000| PB 0x000077ea32000000| Untracked |  0
|  867|0x000077ea34000000, 0x000077ea34000000, 0x000077ea36000000|  0%| F|  |TAMS 0x000077ea34000000| PB 0x000077ea34000000| Untracked |  0
|  868|0x000077ea36000000, 0x000077ea36000000, 0x000077ea38000000|  0%| F|  |TAMS 0x000077ea36000000| PB 0x000077ea36000000| Untracked |  0
|  869|0x000077ea38000000, 0x000077ea38000000, 0x000077ea3a000000|  0%| F|  |TAMS 0x000077ea38000000| PB 0x000077ea38000000| Untracked |  0
|  870|0x000077ea3a000000, 0x000077ea3a000000, 0x000077ea3c000000|  0%| F|  |TAMS 0x000077ea3a000000| PB 0x000077ea3a000000| Untracked |  0
|  871|0x000077ea3c000000, 0x000077ea3c000000, 0x000077ea3e000000|  0%| F|  |TAMS 0x000077ea3c000000| PB 0x000077ea3c000000| Untracked |  0
|  872|0x000077ea3e000000, 0x000077ea3e000000, 0x000077ea40000000|  0%| F|  |TAMS 0x000077ea3e000000| PB 0x000077ea3e000000| Untracked |  0
|  873|0x000077ea40000000, 0x000077ea40000000, 0x000077ea42000000|  0%| F|  |TAMS 0x000077ea40000000| PB 0x000077ea40000000| Untracked |  0
|  874|0x000077ea42000000, 0x000077ea42000000, 0x000077ea44000000|  0%| F|  |TAMS 0x000077ea42000000| PB 0x000077ea42000000| Untracked |  0
|  875|0x000077ea44000000, 0x000077ea44000000, 0x000077ea46000000|  0%| F|  |TAMS 0x000077ea44000000| PB 0x000077ea44000000| Untracked |  0
|  876|0x000077ea46000000, 0x000077ea46000000, 0x000077ea48000000|  0%| F|  |TAMS 0x000077ea46000000| PB 0x000077ea46000000| Untracked |  0
|  877|0x000077ea48000000, 0x000077ea48000000, 0x000077ea4a000000|  0%| F|  |TAMS 0x000077ea48000000| PB 0x000077ea48000000| Untracked |  0
|  878|0x000077ea4a000000, 0x000077ea4a000000, 0x000077ea4c000000|  0%| F|  |TAMS 0x000077ea4a000000| PB 0x000077ea4a000000| Untracked |  0
|  879|0x000077ea4c000000, 0x000077ea4c000000, 0x000077ea4e000000|  0%| F|  |TAMS 0x000077ea4c000000| PB 0x000077ea4c000000| Untracked |  0
|  880|0x000077ea4e000000, 0x000077ea4e000000, 0x000077ea50000000|  0%| F|  |TAMS 0x000077ea4e000000| PB 0x000077ea4e000000| Untracked |  0
|  881|0x000077ea50000000, 0x000077ea50000000, 0x000077ea52000000|  0%| F|  |TAMS 0x000077ea50000000| PB 0x000077ea50000000| Untracked |  0
|  882|0x000077ea52000000, 0x000077ea52000000, 0x000077ea54000000|  0%| F|  |TAMS 0x000077ea52000000| PB 0x000077ea52000000| Untracked |  0
|  883|0x000077ea54000000, 0x000077ea54000000, 0x000077ea56000000|  0%| F|  |TAMS 0x000077ea54000000| PB 0x000077ea54000000| Untracked |  0
|  884|0x000077ea56000000, 0x000077ea56000000, 0x000077ea58000000|  0%| F|  |TAMS 0x000077ea56000000| PB 0x000077ea56000000| Untracked |  0
|  885|0x000077ea58000000, 0x000077ea58000000, 0x000077ea5a000000|  0%| F|  |TAMS 0x000077ea58000000| PB 0x000077ea58000000| Untracked |  0
|  886|0x000077ea5a000000, 0x000077ea5a000000, 0x000077ea5c000000|  0%| F|  |TAMS 0x000077ea5a000000| PB 0x000077ea5a000000| Untracked |  0
|  887|0x000077ea5c000000, 0x000077ea5c000000, 0x000077ea5e000000|  0%| F|  |TAMS 0x000077ea5c000000| PB 0x000077ea5c000000| Untracked |  0
|  888|0x000077ea5e000000, 0x000077ea5e000000, 0x000077ea60000000|  0%| F|  |TAMS 0x000077ea5e000000| PB 0x000077ea5e000000| Untracked |  0
|  889|0x000077ea60000000, 0x000077ea60000000, 0x000077ea62000000|  0%| F|  |TAMS 0x000077ea60000000| PB 0x000077ea60000000| Untracked |  0
|  890|0x000077ea62000000, 0x000077ea62000000, 0x000077ea64000000|  0%| F|  |TAMS 0x000077ea62000000| PB 0x000077ea62000000| Untracked |  0
|  891|0x000077ea64000000, 0x000077ea64000000, 0x000077ea66000000|  0%| F|  |TAMS 0x000077ea64000000| PB 0x000077ea64000000| Untracked |  0
|  892|0x000077ea66000000, 0x000077ea66000000, 0x000077ea68000000|  0%| F|  |TAMS 0x000077ea66000000| PB 0x000077ea66000000| Untracked |  0
|  893|0x000077ea68000000, 0x000077ea68000000, 0x000077ea6a000000|  0%| F|  |TAMS 0x000077ea68000000| PB 0x000077ea68000000| Untracked |  0
|  894|0x000077ea6a000000, 0x000077ea6a000000, 0x000077ea6c000000|  0%| F|  |TAMS 0x000077ea6a000000| PB 0x000077ea6a000000| Untracked |  0
|  895|0x000077ea6c000000, 0x000077ea6c000000, 0x000077ea6e000000|  0%| F|  |TAMS 0x000077ea6c000000| PB 0x000077ea6c000000| Untracked |  0
|  896|0x000077ea6e000000, 0x000077ea6e000000, 0x000077ea70000000|  0%| F|  |TAMS 0x000077ea6e000000| PB 0x000077ea6e000000| Untracked |  0
|  897|0x000077ea70000000, 0x000077ea70000000, 0x000077ea72000000|  0%| F|  |TAMS 0x000077ea70000000| PB 0x000077ea70000000| Untracked |  0
|  898|0x000077ea72000000, 0x000077ea72000000, 0x000077ea74000000|  0%| F|  |TAMS 0x000077ea72000000| PB 0x000077ea72000000| Untracked |  0
|  899|0x000077ea74000000, 0x000077ea74000000, 0x000077ea76000000|  0%| F|  |TAMS 0x000077ea74000000| PB 0x000077ea74000000| Untracked |  0
|  900|0x000077ea76000000, 0x000077ea76000000, 0x000077ea78000000|  0%| F|  |TAMS 0x000077ea76000000| PB 0x000077ea76000000| Untracked |  0
|  901|0x000077ea78000000, 0x000077ea78000000, 0x000077ea7a000000|  0%| F|  |TAMS 0x000077ea78000000| PB 0x000077ea78000000| Untracked |  0
|  902|0x000077ea7a000000, 0x000077ea7a000000, 0x000077ea7c000000|  0%| F|  |TAMS 0x000077ea7a000000| PB 0x000077ea7a000000| Untracked |  0
|  903|0x000077ea7c000000, 0x000077ea7c000000, 0x000077ea7e000000|  0%| F|  |TAMS 0x000077ea7c000000| PB 0x000077ea7c000000| Untracked |  0
|  904|0x000077ea7e000000, 0x000077ea7e000000, 0x000077ea80000000|  0%| F|  |TAMS 0x000077ea7e000000| PB 0x000077ea7e000000| Untracked |  0
|  905|0x000077ea80000000, 0x000077ea80000000, 0x000077ea82000000|  0%| F|  |TAMS 0x000077ea80000000| PB 0x000077ea80000000| Untracked |  0
|  906|0x000077ea82000000, 0x000077ea82000000, 0x000077ea84000000|  0%| F|  |TAMS 0x000077ea82000000| PB 0x000077ea82000000| Untracked |  0
|  907|0x000077ea84000000, 0x000077ea84000000, 0x000077ea86000000|  0%| F|  |TAMS 0x000077ea84000000| PB 0x000077ea84000000| Untracked |  0
|  908|0x000077ea86000000, 0x000077ea86000000, 0x000077ea88000000|  0%| F|  |TAMS 0x000077ea86000000| PB 0x000077ea86000000| Untracked |  0
|  909|0x000077ea88000000, 0x000077ea88000000, 0x000077ea8a000000|  0%| F|  |TAMS 0x000077ea88000000| PB 0x000077ea88000000| Untracked |  0
|  910|0x000077ea8a000000, 0x000077ea8a000000, 0x000077ea8c000000|  0%| F|  |TAMS 0x000077ea8a000000| PB 0x000077ea8a000000| Untracked |  0
|  911|0x000077ea8c000000, 0x000077ea8c000000, 0x000077ea8e000000|  0%| F|  |TAMS 0x000077ea8c000000| PB 0x000077ea8c000000| Untracked |  0
|  912|0x000077ea8e000000, 0x000077ea8e000000, 0x000077ea90000000|  0%| F|  |TAMS 0x000077ea8e000000| PB 0x000077ea8e000000| Untracked |  0
|  913|0x000077ea90000000, 0x000077ea90000000, 0x000077ea92000000|  0%| F|  |TAMS 0x000077ea90000000| PB 0x000077ea90000000| Untracked |  0
|  914|0x000077ea92000000, 0x000077ea92000000, 0x000077ea94000000|  0%| F|  |TAMS 0x000077ea92000000| PB 0x000077ea92000000| Untracked |  0
|  915|0x000077ea94000000, 0x000077ea94000000, 0x000077ea96000000|  0%| F|  |TAMS 0x000077ea94000000| PB 0x000077ea94000000| Untracked |  0
|  916|0x000077ea96000000, 0x000077ea96000000, 0x000077ea98000000|  0%| F|  |TAMS 0x000077ea96000000| PB 0x000077ea96000000| Untracked |  0
|  917|0x000077ea98000000, 0x000077ea9a000000, 0x000077ea9a000000|100%| O|  |TAMS 0x000077ea98000000| PB 0x000077ea98000000| Untracked |  0
|  918|0x000077ea9a000000, 0x000077ea9c000000, 0x000077ea9c000000|100%| O|  |TAMS 0x000077ea9a000000| PB 0x000077ea9a000000| Untracked |  0
|  919|0x000077ea9c000000, 0x000077ea9e000000, 0x000077ea9e000000|100%| O|  |TAMS 0x000077ea9c000000| PB 0x000077ea9c000000| Untracked |  0
|  920|0x000077ea9e000000, 0x000077ea9e000000, 0x000077eaa0000000|  0%| F|  |TAMS 0x000077ea9e000000| PB 0x000077ea9e000000| Untracked |  0
|  921|0x000077eaa0000000, 0x000077eaa0000000, 0x000077eaa2000000|  0%| F|  |TAMS 0x000077eaa0000000| PB 0x000077eaa0000000| Untracked |  0
|  922|0x000077eaa2000000, 0x000077eaa2000000, 0x000077eaa4000000|  0%| F|  |TAMS 0x000077eaa2000000| PB 0x000077eaa2000000| Untracked |  0
|  923|0x000077eaa4000000, 0x000077eaa4000000, 0x000077eaa6000000|  0%| F|  |TAMS 0x000077eaa4000000| PB 0x000077eaa4000000| Untracked |  0
|  924|0x000077eaa6000000, 0x000077eaa6000000, 0x000077eaa8000000|  0%| F|  |TAMS 0x000077eaa6000000| PB 0x000077eaa6000000| Untracked |  0
|  925|0x000077eaa8000000, 0x000077eaa8000000, 0x000077eaaa000000|  0%| F|  |TAMS 0x000077eaa8000000| PB 0x000077eaa8000000| Untracked |  0
|  926|0x000077eaaa000000, 0x000077eaac000000, 0x000077eaac000000|100%| O|  |TAMS 0x000077eaaa000000| PB 0x000077eaaa000000| Untracked |  0
|  927|0x000077eaac000000, 0x000077eaae000000, 0x000077eaae000000|100%| O|  |TAMS 0x000077eaac000000| PB 0x000077eaac000000| Untracked |  0
|  928|0x000077eaae000000, 0x000077eab0000000, 0x000077eab0000000|100%| O|  |TAMS 0x000077eaae000000| PB 0x000077eaae000000| Untracked |  0
|262143|0x00007fe36c000000, 0x00007fe36e000000, 0x00007fe36e000000|100%| O|  |TAMS 0x00007fe36c000000| PB 0x00007fe36c000000| Untracked |  0

Card table byte_map: [0x000077db5de00000,0x000077df5de00000] _byte_map_base: 0x0000779f6c290000
Refinement table byte_map: [0x000077d75de00000,0x000077db5de00000] _byte_map_base: 0x0000779b6c290000

Marking Bits: (CMBitMap*) 0x00007fe388076810
 Bits: [0x000077b75de00000, 0x000077d75de00000)

Polling page: 0x00007fe390ec7000

Metaspace:
Metaspace        used 15707K, committed 15872K, reserved 1114112K
 class space     used 2012K, committed 2112K, reserved 1048576K

Usage:
  Non-class:     13.37 MB used.
      Class:      1.97 MB used.
       Both:     15.34 MB used.

Virtual space:
  Non-class space:       64.00 MB reserved,      13.44 MB ( 21%) committed,  1 nodes.
      Class space:        1.00 GB reserved,       2.06 MB ( <1%) committed,  1 nodes.
             Both:        1.06 GB reserved,      15.50 MB (  1%) committed. 

Chunk freelists:
   Non-Class:  2.52 MB
       Class:  13.97 MB
        Both:  16.48 MB

MaxMetaspaceSize: unlimited
CompressedClassSpaceSize: 1.00 GB
Initial GC threshold: 21.00 MB
Current GC threshold: 25.88 MB
CDS: on
 - commit_granule_bytes: 65536.
 - commit_granule_words: 8192.
 - virtual_space_node_default_size: 8388608.
 - enlarge_chunks_in_place: 1.
UseCompressedClassPointers 1, UseCompactObjectHeaders 0
Narrow klass pointer bits 32, Max shift 3
Narrow klass base: 0x0000000008000000, Narrow klass shift: 0
Encoding Range: [0x0000000008000000 - 0x0000000108000000), (4294967296 bytes)
Klass Range:    [0x0000000008000000 - 0x0000000049000000), (1090519040 bytes)
Klass ID Range:  [8 - 1090519033) (1090519025)
Protection zone: [0x0000000008000000 - 0x0000000008001000), (4096 bytes)


Internal statistics:

num_allocs_failed_limit: 0.
num_arena_births: 120.
num_arena_deaths: 0.
num_vsnodes_births: 2.
num_vsnodes_deaths: 0.
num_space_committed: 248.
num_space_uncommitted: 0.
num_chunks_returned_to_freelist: 0.
num_chunks_taken_from_freelist: 517.
num_chunk_merges: 0.
num_chunk_splits: 397.
num_chunks_enlarged: 332.
num_inconsistent_stats: 0.

CodeHeap 'non-profiled nmethods': size=120032Kb used=1425Kb max_used=1642Kb free=118606Kb
 bounds [0x00007fe3778c8000, 0x00007fe377b38000, 0x00007fe37ee00000]
CodeHeap 'profiled nmethods': size=120032Kb used=2710Kb max_used=3809Kb free=117321Kb
 bounds [0x00007fe36fdfe000, 0x00007fe3701be000, 0x00007fe377336000]
CodeHeap 'non-nmethods': size=5704Kb used=1650Kb max_used=1741Kb free=4053Kb
 bounds [0x00007fe377336000, 0x00007fe3775a6000, 0x00007fe3778c8000]
CodeCache: size=245768Kb, used=5785Kb, max_used=7192Kb, free=239980Kb
 total_blobs=2934, nmethods=2365, adapters=474, full_count=0
Compilation: enabled, stopped_count=0, restarted_count=0

Compilation events (20 events):
Event: 53.680 Thread 0x00007fe388104070 3113       4       java.util.HashMap$TreeNode::balanceInsertion (245 bytes)
Event: 53.682 Thread 0x00007fe388104070 nmethod 3113 0x00007fe377a5f208 code [0x00007fe377a5f300, 0x00007fe377a5f5b8]
Event: 54.520 Thread 0x00007fe388104070 3114       4       java.util.HashMap$TreeNode::find (172 bytes)
Event: 54.527 Thread 0x00007fe388104070 nmethod 3114 0x00007fe377a5f608 code [0x00007fe377a5f700, 0x00007fe377a606d0]
Event: 55.027 Thread 0x00007fe388104070 3115       4       java.util.HashMap::replacementTreeNode (21 bytes)
Event: 55.028 Thread 0x00007fe388104070 nmethod 3115 0x00007fe377a60708 code [0x00007fe377a60800, 0x00007fe377a60970]
Event: 55.308 Thread 0x00007fe388104070 3116       4       org.apache.xerces.jaxp.datatype.XMLGregorianCalendarImpl::setDay (12 bytes)
Event: 55.309 Thread 0x00007fe388104070 nmethod 3116 0x00007fe377a60a08 code [0x00007fe377a60b00, 0x00007fe377a60bd0]
Event: 61.854 Thread 0x00007fe388104070 3117       4       java.util.HashMap$TreeNode::getTreeNode (22 bytes)
Event: 61.855 Thread 0x00007fe388104070 nmethod 3117 0x00007fe377a60d08 code [0x00007fe377a60e00, 0x00007fe377a60ec0]
Event: 62.121 Thread 0x00007fe388104070 3118       4       java.util.HashMap$TreeNode::putTreeVal (314 bytes)
Event: 62.140 Thread 0x00007fe388104070 nmethod 3118 0x00007fe377a61008 code [0x00007fe377a61100, 0x00007fe377a628e8]
Event: 68.643 Thread 0x00007fe388104d20 3119       3       java.lang.ref.Reference::enqueueFromPending (19 bytes)
Event: 68.650 Thread 0x00007fe388104d20 nmethod 3119 0x00007fe36fe11508 code [0x00007fe36fe11600, 0x00007fe36fe117f8]
Event: 68.650 Thread 0x00007fe388104d20 3120   !   3       java.lang.ref.Reference::processPendingReferences (77 bytes)
Event: 68.650 Thread 0x00007fe388104d20 nmethod 3120 0x00007fe36ff49f08 code [0x00007fe36ff4a000, 0x00007fe36ff4a780]
Event: 78.305 Thread 0x00007fe388104d20 3121       3       java.time.temporal.ChronoField::checkValidValue (10 bytes)
Event: 78.307 Thread 0x00007fe388104d20 nmethod 3121 0x00007fe36fe74b08 code [0x00007fe36fe74c00, 0x00007fe36fe74e40]
Event: 78.308 Thread 0x00007fe388104d20 3122       3       java.time.temporal.ValueRange::checkValidValue (24 bytes)
Event: 78.308 Thread 0x00007fe388104d20 nmethod 3122 0x00007fe36ffd5608 code [0x00007fe36ffd5700, 0x00007fe36ffd5bd0]

GC Heap Usage History (20 events):
Event: 28.415 {heap After GC invocations=26 (full 3):
 garbage-first heap   total reserved 8589934592K, committed 16941056K, used 5039836K [0x000077e36e000000, 0x00007fe36e000000)
  region size 32M, 0 eden (0M), 0 survivor (0M), 143 old (4576M), 15 humongous (480M), 359 free (11488M)
}
Event: 30.045 {heap Before GC invocations=26 (full 3):
 garbage-first heap   total reserved 8589934592K, committed 16941056K, used 5334748K [0x000077e36e000000, 0x00007fe36e000000)
  region size 32M, 10 eden (320M), 0 survivor (0M), 143 old (4576M), 15 humongous (480M), 349 free (11168M)
}
Event: 31.577 {heap After GC invocations=27 (full 4):
 garbage-first heap   total reserved 8589934592K, committed 16941056K, used 5154524K [0x000077e36e000000, 0x00007fe36e000000)
  region size 32M, 0 eden (0M), 0 survivor (0M), 148 old (4736M), 15 humongous (480M), 354 free (11328M)
}
Event: 34.901 {heap Before GC invocations=27 (full 4):
 garbage-first heap   total reserved 8589934592K, committed 16941056K, used 5777116K [0x000077e36e000000, 0x00007fe36e000000)
  region size 32M, 19 eden (608M), 0 survivor (0M), 148 old (4736M), 16 humongous (512M), 334 free (10688M)
}
Event: 36.660 {heap After GC invocations=28 (full 5):
 garbage-first heap   total reserved 8589934592K, committed 16941056K, used 5400284K [0x000077e36e000000, 0x00007fe36e000000)
  region size 32M, 0 eden (0M), 0 survivor (0M), 152 old (4864M), 16 humongous (512M), 349 free (11168M)
}
Event: 39.286 {heap Before GC invocations=28 (full 5):
 garbage-first heap   total reserved 8589934592K, committed 16941056K, used 6285020K [0x000077e36e000000, 0x00007fe36e000000)
  region size 32M, 25 eden (800M), 0 survivor (0M), 152 old (4864M), 19 humongous (608M), 321 free (10272M)
}
Event: 39.521 {heap After GC invocations=29 (full 5):
 garbage-first heap   total reserved 8589934592K, committed 16941056K, used 6100475K [0x000077e36e000000, 0x00007fe36e000000)
  region size 32M, 0 eden (0M), 4 survivor (128M), 167 old (5344M), 19 humongous (608M), 327 free (10464M)
}
Event: 41.149 {heap Before GC invocations=29 (full 5):
 garbage-first heap   total reserved 8589934592K, committed 16941056K, used 6788603K [0x000077e36e000000, 0x00007fe36e000000)
  region size 32M, 21 eden (672M), 4 survivor (128M), 167 old (5344M), 19 humongous (608M), 306 free (9792M)
}
Event: 41.470 {heap After GC invocations=30 (full 5):
 garbage-first heap   total reserved 8589934592K, committed 50823168K, used 6654740K [0x000077e36e000000, 0x00007fe36e000000)
  region size 32M, 0 eden (0M), 4 survivor (128M), 184 old (5888M), 19 humongous (608M), 1344 free (43008M)
}
Event: 42.778 {heap Before GC invocations=30 (full 5):
 garbage-first heap   total reserved 8589934592K, committed 50823168K, used 7015188K [0x000077e36e000000, 0x00007fe36e000000)
  region size 32M, 13 eden (416M), 4 survivor (128M), 184 old (5888M), 19 humongous (608M), 1331 free (42592M)
}
Event: 44.950 {heap After GC invocations=31 (full 6):
 garbage-first heap   total reserved 8589934592K, committed 23265280K, used 6802823K [0x000077e36e000000, 0x00007fe36e000000)
  region size 32M, 0 eden (0M), 0 survivor (0M), 195 old (6240M), 18 humongous (576M), 497 free (15904M)
}
Event: 50.347 {heap Before GC invocations=31 (full 6):
 garbage-first heap   total reserved 8589934592K, committed 23265280K, used 8080775K [0x000077e36e000000, 0x00007fe36e000000)
  region size 32M, 35 eden (1120M), 0 survivor (0M), 195 old (6240M), 22 humongous (704M), 458 free (14656M)
}
Event: 50.680 {heap After GC invocations=32 (full 6):
 garbage-first heap   total reserved 8589934592K, committed 23265280K, used 7860895K [0x000077e36e000000, 0x00007fe36e000000)
  region size 32M, 0 eden (0M), 5 survivor (160M), 219 old (7008M), 22 humongous (704M), 464 free (14848M)
}
Event: 53.884 {heap Before GC invocations=32 (full 6):
 garbage-first heap   total reserved 8589934592K, committed 23265280K, used 8876703K [0x000077e36e000000, 0x00007fe36e000000)
  region size 32M, 30 eden (960M), 5 survivor (160M), 219 old (7008M), 23 humongous (736M), 433 free (13856M)
}
Event: 54.245 {heap After GC invocations=33 (full 6):
 garbage-first heap   total reserved 8589934592K, committed 23265280K, used 8684843K [0x000077e36e000000, 0x00007fe36e000000)
  region size 32M, 0 eden (0M), 5 survivor (160M), 243 old (7776M), 23 humongous (736M), 439 free (14048M)
}
Event: 57.644 {heap Before GC invocations=33 (full 6):
 garbage-first heap   total reserved 8589934592K, committed 23265280K, used 9766187K [0x000077e36e000000, 0x00007fe36e000000)
  region size 32M, 30 eden (960M), 5 survivor (160M), 243 old (7776M), 26 humongous (832M), 406 free (12992M)
}
Event: 58.495 {heap After GC invocations=34 (full 6):
 garbage-first heap   total reserved 8589934592K, committed 23265280K, used 9517149K [0x000077e36e000000, 0x00007fe36e000000)
  region size 32M, 0 eden (0M), 5 survivor (160M), 266 old (8512M), 25 humongous (800M), 414 free (13248M)
}
Event: 62.359 {heap Before GC invocations=34 (full 6):
 garbage-first heap   total reserved 8589934592K, committed 23265280K, used 10106973K [0x000077e36e000000, 0x00007fe36e000000)
  region size 32M, 19 eden (608M), 5 survivor (160M), 266 old (8512M), 25 humongous (800M), 395 free (12640M)
}
Event: 68.621 {heap After GC invocations=35 (full 7):
 garbage-first heap   total reserved 8589934592K, committed 23265280K, used 9578635K [0x000077e36e000000, 0x00007fe36e000000)
  region size 32M, 0 eden (0M), 0 survivor (0M), 273 old (8736M), 24 humongous (768M), 413 free (13216M)
}
Event: 80.098 {heap Before GC invocations=35 (full 7):
 garbage-first heap   total reserved 8589934592K, committed 23265280K, used 10889355K [0x000077e36e000000, 0x00007fe36e000000)
  region size 32M, 35 eden (1120M), 0 survivor (0M), 273 old (8736M), 29 humongous (928M), 373 free (11936M)
}

Metaspace Usage History (20 events):
Event: 28.415 {metaspace After GC invocations=26 (full 3):
 Metaspace       used 14976K, committed 15168K, reserved 1114112K
  class space    used 1962K, committed 2048K, reserved 1048576K
}
Event: 30.045 {metaspace Before GC invocations=26 (full 3):
 Metaspace       used 14976K, committed 15168K, reserved 1114112K
  class space    used 1962K, committed 2048K, reserved 1048576K
}
Event: 31.577 {metaspace After GC invocations=27 (full 4):
 Metaspace       used 14976K, committed 15168K, reserved 1114112K
  class space    used 1962K, committed 2048K, reserved 1048576K
}
Event: 34.901 {metaspace Before GC invocations=27 (full 4):
 Metaspace       used 14976K, committed 15168K, reserved 1114112K
  class space    used 1962K, committed 2048K, reserved 1048576K
}
Event: 36.660 {metaspace After GC invocations=28 (full 5):
 Metaspace       used 14976K, committed 15168K, reserved 1114112K
  class space    used 1962K, committed 2048K, reserved 1048576K
}
Event: 39.286 {metaspace Before GC invocations=28 (full 5):
 Metaspace       used 15374K, committed 15552K, reserved 1114112K
  class space    used 1976K, committed 2048K, reserved 1048576K
}
Event: 39.521 {metaspace After GC invocations=29 (full 5):
 Metaspace       used 15374K, committed 15552K, reserved 1114112K
  class space    used 1976K, committed 2048K, reserved 1048576K
}
Event: 41.149 {metaspace Before GC invocations=29 (full 5):
 Metaspace       used 15377K, committed 15552K, reserved 1114112K
  class space    used 1976K, committed 2048K, reserved 1048576K
}
Event: 41.470 {metaspace After GC invocations=30 (full 5):
 Metaspace       used 15377K, committed 15552K, reserved 1114112K
  class space    used 1976K, committed 2048K, reserved 1048576K
}
Event: 42.778 {metaspace Before GC invocations=30 (full 5):
 Metaspace       used 15384K, committed 15552K, reserved 1114112K
  class space    used 1976K, committed 2048K, reserved 1048576K
}
Event: 44.950 {metaspace After GC invocations=31 (full 6):
 Metaspace       used 15384K, committed 15552K, reserved 1114112K
  class space    used 1976K, committed 2048K, reserved 1048576K
}
Event: 50.347 {metaspace Before GC invocations=31 (full 6):
 Metaspace       used 15705K, committed 15872K, reserved 1114112K
  class space    used 2012K, committed 2112K, reserved 1048576K
}
Event: 50.680 {metaspace After GC invocations=32 (full 6):
 Metaspace       used 15705K, committed 15872K, reserved 1114112K
  class space    used 2012K, committed 2112K, reserved 1048576K
}
Event: 53.884 {metaspace Before GC invocations=32 (full 6):
 Metaspace       used 15706K, committed 15872K, reserved 1114112K
  class space    used 2012K, committed 2112K, reserved 1048576K
}
Event: 54.245 {metaspace After GC invocations=33 (full 6):
 Metaspace       used 15706K, committed 15872K, reserved 1114112K
  class space    used 2012K, committed 2112K, reserved 1048576K
}
Event: 57.644 {metaspace Before GC invocations=33 (full 6):
 Metaspace       used 15706K, committed 15872K, reserved 1114112K
  class space    used 2012K, committed 2112K, reserved 1048576K
}
Event: 58.495 {metaspace After GC invocations=34 (full 6):
 Metaspace       used 15706K, committed 15872K, reserved 1114112K
  class space    used 2012K, committed 2112K, reserved 1048576K
}
Event: 62.359 {metaspace Before GC invocations=34 (full 6):
 Metaspace       used 15706K, committed 15872K, reserved 1114112K
  class space    used 2012K, committed 2112K, reserved 1048576K
}
Event: 68.621 {metaspace After GC invocations=35 (full 7):
 Metaspace       used 15706K, committed 15872K, reserved 1114112K
  class space    used 2012K, committed 2112K, reserved 1048576K
}
Event: 80.098 {metaspace Before GC invocations=35 (full 7):
 Metaspace       used 15707K, committed 15872K, reserved 1114112K
  class space    used 2012K, committed 2112K, reserved 1048576K
}

Dll operation events (18 events):
Event: 0.001 Attempting to load shared library /usr/lib/jvm/java-26-openjdk/lib/libjava.so
Event: 0.001 Loaded shared library /usr/lib/jvm/java-26-openjdk/lib/libjava.so
Event: 0.093 Attempting to load shared library /usr/lib/jvm/java-26-openjdk/lib/libsimdsort.so
Event: 0.093 Loaded shared library /usr/lib/jvm/java-26-openjdk/lib/libsimdsort.so
Event: 0.096 Attempting to load shared library /usr/lib/jvm/java-26-openjdk/lib/libnio.so
Event: 0.096 Loaded shared library /usr/lib/jvm/java-26-openjdk/lib/libnio.so
Event: 0.099 Attempting to load shared library /usr/lib/jvm/java-26-openjdk/lib/libzip.so
Event: 0.099 Loaded shared library /usr/lib/jvm/java-26-openjdk/lib/libzip.so
Event: 0.122 Attempting to load shared library /usr/lib/jvm/java-26-openjdk/lib/libjimage.so
Event: 0.122 Loaded shared library /usr/lib/jvm/java-26-openjdk/lib/libjimage.so
Event: 0.139 Attempting to load shared library /usr/lib/jvm/java-26-openjdk/lib/libverify.so
Event: 0.139 Loaded shared library /usr/lib/jvm/java-26-openjdk/lib/libverify.so
Event: 0.259 Attempting to load shared library /usr/lib/jvm/java-26-openjdk/lib/libmanagement.so
Event: 0.259 Loaded shared library /usr/lib/jvm/java-26-openjdk/lib/libmanagement.so
Event: 0.260 Attempting to load shared library /usr/lib/jvm/java-26-openjdk/lib/libmanagement_ext.so
Event: 0.260 Loaded shared library /usr/lib/jvm/java-26-openjdk/lib/libmanagement_ext.so
Event: 0.324 Attempting to load shared library /usr/lib/jvm/java-26-openjdk/lib/libnet.so
Event: 0.324 Loaded shared library /usr/lib/jvm/java-26-openjdk/lib/libnet.so

Deoptimization events (20 events):
Event: 54.510 Thread 0x00007fe388019c70 Uncommon trap: trap_request=0xffffffc6 fr.pc=0x00007fe377a5cb64 relative=0x0000000000000ee4
Event: 54.510 Thread 0x00007fe388019c70 Uncommon trap: reason=bimorphic_or_optimized_type_check action=maybe_recompile pc=0x00007fe377a5cb64 method=java.util.HashMap$TreeNode.find(ILjava/lang/Object;Ljava/lang/Class;)Ljava/util/HashMap$TreeNode; @ 68 c2
Event: 54.510 Thread 0x00007fe388019c70 DEOPT PACKING pc=0x00007fe377a5cb64 sp=0x00007fe38f1fe130
Event: 54.510 Thread 0x00007fe388019c70 DEOPT UNPACKING pc=0x00007fe37746bd79 sp=0x00007fe38f1fe0e0 mode 2
Event: 54.510 Thread 0x00007fe388019c70 Uncommon trap: trap_request=0xffffffc6 fr.pc=0x00007fe377a5cb64 relative=0x0000000000000ee4
Event: 54.510 Thread 0x00007fe388019c70 Uncommon trap: reason=bimorphic_or_optimized_type_check action=maybe_recompile pc=0x00007fe377a5cb64 method=java.util.HashMap$TreeNode.find(ILjava/lang/Object;Ljava/lang/Class;)Ljava/util/HashMap$TreeNode; @ 68 c2
Event: 54.510 Thread 0x00007fe388019c70 DEOPT PACKING pc=0x00007fe377a5cb64 sp=0x00007fe38f1fe0b0
Event: 54.510 Thread 0x00007fe388019c70 DEOPT UNPACKING pc=0x00007fe37746bd79 sp=0x00007fe38f1fe060 mode 2
Event: 54.510 Thread 0x00007fe388019c70 Uncommon trap: trap_request=0xffffffc6 fr.pc=0x00007fe377a5cb64 relative=0x0000000000000ee4
Event: 54.510 Thread 0x00007fe388019c70 Uncommon trap: reason=bimorphic_or_optimized_type_check action=maybe_recompile pc=0x00007fe377a5cb64 method=java.util.HashMap$TreeNode.find(ILjava/lang/Object;Ljava/lang/Class;)Ljava/util/HashMap$TreeNode; @ 68 c2
Event: 54.510 Thread 0x00007fe388019c70 DEOPT PACKING pc=0x00007fe377a5cb64 sp=0x00007fe38f1fe130
Event: 54.510 Thread 0x00007fe388019c70 DEOPT UNPACKING pc=0x00007fe37746bd79 sp=0x00007fe38f1fe0e0 mode 2
Event: 68.643 Thread 0x00007fe3880fc770 Uncommon trap: trap_request=0xffffff45 fr.pc=0x00007fe377a3c31c relative=0x000000000000031c
Event: 68.643 Thread 0x00007fe3880fc770 Uncommon trap: reason=unstable_if action=reinterpret pc=0x00007fe377a3c31c method=java.lang.ref.Reference.enqueueFromPending()V @ 9 c2
Event: 68.643 Thread 0x00007fe3880fc770 DEOPT PACKING pc=0x00007fe377a3c31c sp=0x00007fe36f64d940
Event: 68.643 Thread 0x00007fe3880fc770 DEOPT UNPACKING pc=0x00007fe37746bd79 sp=0x00007fe36f64d880 mode 2
Event: 68.643 Thread 0x00007fe3880fc770 Uncommon trap: trap_request=0xffffff45 fr.pc=0x00007fe377a292e0 relative=0x0000000000000060
Event: 68.643 Thread 0x00007fe3880fc770 Uncommon trap: reason=unstable_if action=reinterpret pc=0x00007fe377a292e0 method=java.lang.ref.Reference.enqueueFromPending()V @ 9 c2
Event: 68.643 Thread 0x00007fe3880fc770 DEOPT PACKING pc=0x00007fe377a292e0 sp=0x00007fe36f64d8d0
Event: 68.643 Thread 0x00007fe3880fc770 DEOPT UNPACKING pc=0x00007fe37746bd79 sp=0x00007fe36f64d880 mode 2

Classes loaded (20 events):
Event: 46.568 Loading class sun/util/logging/resources/logging
Event: 46.569 Loading class sun/util/logging/resources/logging done
Event: 46.569 Loading class sun/util/logging/resources/logging_en
Event: 46.569 Loading class sun/util/logging/resources/logging_en done
Event: 46.569 Loading class sun/util/logging/resources/logging_en
Event: 46.569 Loading class sun/util/logging/resources/logging_en done
Event: 46.569 Loading class sun/util/logging/resources/logging_en_US
Event: 46.569 Loading class sun/util/logging/resources/logging_en_US done
Event: 46.569 Loading class sun/util/logging/resources/logging_en_US
Event: 46.569 Loading class sun/util/logging/resources/logging_en_US done
Event: 46.569 Loading class java/util/Formatter$FormatSpecifierParser
Event: 46.570 Loading class java/util/Formatter$FormatSpecifierParser done
Event: 46.570 Loading class java/util/Formatter$DateTime
Event: 46.571 Loading class java/util/Formatter$DateTime done
Event: 46.571 Loading class java/time/ZonedDateTime$1
Event: 46.571 Loading class java/time/ZonedDateTime$1 done
Event: 46.572 Loading class sun/text/resources/cldr/FormatData_en
Event: 46.575 Loading class sun/text/resources/cldr/FormatData_en done
Event: 46.575 Loading class sun/text/resources/cldr/FormatData_en_US
Event: 46.575 Loading class sun/text/resources/cldr/FormatData_en_US done

Classes unloaded (0 events):
No events

Classes redefined (0 events):
No events

Internal exceptions (20 events):
Event: 22.436 Thread 0x00007fe388019c70 Exception <a 'java/lang/ClassCastException'{0x000077eaf10360f8}> (0x000077eaf10360f8) 
thrown [/usr/src/debug/java-openjdk/jdk26u-jdk-26.0.2-10/src/hotspot/share/runtime/sharedRuntime.cpp, line 732]
Event: 22.436 Thread 0x00007fe388019c70 Exception <a 'java/lang/ClassCastException'{0x000077eaf1036e88}> (0x000077eaf1036e88) 
thrown [/usr/src/debug/java-openjdk/jdk26u-jdk-26.0.2-10/src/hotspot/share/runtime/sharedRuntime.cpp, line 732]
Event: 22.436 Thread 0x00007fe388019c70 Exception <a 'java/lang/ClassCastException'{0x000077eaf10372d0}> (0x000077eaf10372d0) 
thrown [/usr/src/debug/java-openjdk/jdk26u-jdk-26.0.2-10/src/hotspot/share/runtime/sharedRuntime.cpp, line 732]
Event: 22.436 Thread 0x00007fe388019c70 Exception <a 'java/lang/ClassCastException'{0x000077eaf1037d40}> (0x000077eaf1037d40) 
thrown [/usr/src/debug/java-openjdk/jdk26u-jdk-26.0.2-10/src/hotspot/share/runtime/sharedRuntime.cpp, line 732]
Event: 22.436 Thread 0x00007fe388019c70 Exception <a 'java/lang/ClassCastException'{0x000077eaf1038188}> (0x000077eaf1038188) 
thrown [/usr/src/debug/java-openjdk/jdk26u-jdk-26.0.2-10/src/hotspot/share/runtime/sharedRuntime.cpp, line 732]
Event: 22.436 Thread 0x00007fe388019c70 Exception <a 'java/lang/ClassCastException'{0x000077eaf1038bf8}> (0x000077eaf1038bf8) 
thrown [/usr/src/debug/java-openjdk/jdk26u-jdk-26.0.2-10/src/hotspot/share/runtime/sharedRuntime.cpp, line 732]
Event: 22.436 Thread 0x00007fe388019c70 Exception <a 'java/lang/ClassCastException'{0x000077eaf1039350}> (0x000077eaf1039350) 
thrown [/usr/src/debug/java-openjdk/jdk26u-jdk-26.0.2-10/src/hotspot/share/runtime/sharedRuntime.cpp, line 732]
Event: 22.436 Thread 0x00007fe388019c70 Exception <a 'java/lang/ClassCastException'{0x000077eaf1039db8}> (0x000077eaf1039db8) 
thrown [/usr/src/debug/java-openjdk/jdk26u-jdk-26.0.2-10/src/hotspot/share/runtime/sharedRuntime.cpp, line 732]
Event: 22.436 Thread 0x00007fe388019c70 Exception <a 'java/lang/ClassCastException'{0x000077eaf103a200}> (0x000077eaf103a200) 
thrown [/usr/src/debug/java-openjdk/jdk26u-jdk-26.0.2-10/src/hotspot/share/runtime/sharedRuntime.cpp, line 732]
Event: 22.436 Thread 0x00007fe388019c70 Exception <a 'java/lang/ClassCastException'{0x000077eaf103b288}> (0x000077eaf103b288) 
thrown [/usr/src/debug/java-openjdk/jdk26u-jdk-26.0.2-10/src/hotspot/share/runtime/sharedRuntime.cpp, line 732]
Event: 22.436 Thread 0x00007fe388019c70 Exception <a 'java/lang/ClassCastException'{0x000077eaf103bcf8}> (0x000077eaf103bcf8) 
thrown [/usr/src/debug/java-openjdk/jdk26u-jdk-26.0.2-10/src/hotspot/share/runtime/sharedRuntime.cpp, line 732]
Event: 22.436 Thread 0x00007fe388019c70 Exception <a 'java/lang/ClassCastException'{0x000077eaf103cd80}> (0x000077eaf103cd80) 
thrown [/usr/src/debug/java-openjdk/jdk26u-jdk-26.0.2-10/src/hotspot/share/runtime/sharedRuntime.cpp, line 732]
Event: 22.436 Thread 0x00007fe388019c70 Exception <a 'java/lang/ClassCastException'{0x000077eaf103d1c8}> (0x000077eaf103d1c8) 
thrown [/usr/src/debug/java-openjdk/jdk26u-jdk-26.0.2-10/src/hotspot/share/runtime/sharedRuntime.cpp, line 732]
Event: 37.862 Thread 0x00007fe388019c70 Implicit null exception at 0x00007fe3779f2311 to 0x00007fe3779f4e50
Event: 37.862 Thread 0x00007fe388019c70 Implicit null exception at 0x00007fe3779f7a5f to 0x00007fe3779f7c74
Event: 37.868 Thread 0x00007fe388019c70 Implicit null exception at 0x00007fe3779ed638 to 0x00007fe3779ed847
Event: 38.051 Thread 0x00007fe388019c70 Implicit null exception at 0x00007fe377a00bc2 to 0x00007fe377a02e74
Event: 39.521 Thread 0x00007fe388019c70 Implicit null exception at 0x00007fe377936219 to 0x00007fe377936924
Event: 39.533 Thread 0x00007fe3880fc770 Implicit null exception at 0x00007fe377a2aa8a to 0x00007fe377a2aae8
Event: 46.568 Thread 0x00007fe388019c70 Exception <a 'java/lang/ClassNotFoundException'{0x000077e8df0af798}: sun/util/logging/resources/spi/loggingProvider> (0x000077e8df0af798) 
thrown [/usr/src/debug/java-openjdk/jdk26u-jdk-26.0.2-10/src/hotspot/share/classfile/systemDictionary.cpp, line 330]

VM Operations (20 events):
Event: 53.530 Executing non-safepoint VM operation: G1RendezvousGCThreads done
Event: 53.884 Executing safepoint VM operation: G1CollectForAllocation (G1 Evacuation Pause)
Event: 54.245 Executing safepoint VM operation: G1CollectForAllocation (G1 Evacuation Pause) done
Event: 57.268 Executing non-safepoint VM operation: HandshakeAllThreads (G1 Java Thread CT swap)
Event: 57.268 Executing non-safepoint VM operation: HandshakeAllThreads (G1 Java Thread CT swap) done
Event: 57.268 Executing non-safepoint VM operation: G1RendezvousGCThreads
Event: 57.268 Executing non-safepoint VM operation: G1RendezvousGCThreads done
Event: 57.644 Executing safepoint VM operation: G1CollectForAllocation (G1 Evacuation Pause)
Event: 58.495 Executing safepoint VM operation: G1CollectForAllocation (G1 Evacuation Pause) done
Event: 60.114 Executing non-safepoint VM operation: HandshakeAllThreads (DeflationHandshakeClosure)
Event: 60.114 Executing non-safepoint VM operation: HandshakeAllThreads (DeflationHandshakeClosure) done
Event: 60.114 Executing non-safepoint VM operation: RendezvousGCThreads
Event: 60.114 Executing non-safepoint VM operation: RendezvousGCThreads done
Event: 62.359 Executing safepoint VM operation: G1CollectFull (System.gc())
Event: 68.621 Executing safepoint VM operation: G1CollectFull (System.gc()) done
Event: 79.457 Executing non-safepoint VM operation: HandshakeAllThreads (G1 Java Thread CT swap)
Event: 79.457 Executing non-safepoint VM operation: HandshakeAllThreads (G1 Java Thread CT swap) done
Event: 79.458 Executing non-safepoint VM operation: G1RendezvousGCThreads
Event: 79.458 Executing non-safepoint VM operation: G1RendezvousGCThreads done
Event: 80.098 Executing safepoint VM operation: G1CollectForAllocation (G1 Evacuation Pause)

Memory protections (19 events):
Event: 0.001 Protecting memory [0x00007fe38f100000,0x00007fe38f104000] with protection modes 0
Event: 0.087 Protecting memory [0x0000000008000000,0x0000000008001000] with protection modes 0
Event: 0.088 Protecting memory [0x00007fe36f8fa000,0x00007fe36f8fe000] with protection modes 0
Event: 0.092 Protecting memory [0x00007fe36f54f000,0x00007fe36f553000] with protection modes 0
Event: 0.092 Protecting memory [0x00007fe36f100000,0x00007fe36f104000] with protection modes 0
Event: 0.092 Protecting memory [0x00007fe36efff000,0x00007fe36f003000] with protection modes 0
Event: 0.092 Protecting memory [0x00007fe36f6f8000,0x00007fe36f6fc000] with protection modes 0
Event: 0.092 Protecting memory [0x00007fe36eefe000,0x00007fe36ef02000] with protection modes 0
Event: 0.092 Protecting memory [0x00007fe36f8fa000,0x00007fe36f8fe000] with protection modes 0
Event: 0.092 Protecting memory [0x00007fe36edfd000,0x00007fe36ee01000] with protection modes 0
Event: 0.094 Protecting memory [0x00007fe36ecfc000,0x00007fe36ed00000] with protection modes 0
Event: 0.095 Protecting memory [0x00007fe36ebfb000,0x00007fe36ebff000] with protection modes 0
Event: 0.113 Protecting memory [0x00007fe36eafa000,0x00007fe36eafe000] with protection modes 0
Event: 0.398 Protecting memory [0x00007fe36e9f9000,0x00007fe36e9fd000] with protection modes 0
Event: 14.670 Protecting memory [0x000077e35deff000,0x000077e35df03000] with protection modes 0
Event: 14.689 Protecting memory [0x000077b75baff000,0x000077b75bb03000] with protection modes 0
Event: 37.691 Protecting memory [0x000077e35deff000,0x000077e35df03000] with protection modes 0
Event: 37.703 Protecting memory [0x000077b75baff000,0x000077b75bb03000] with protection modes 0
Event: 46.740 Protecting memory [0x000077e35deff000,0x000077e35df03000] with protection modes 0

Nmethod flushes (20 events):
Event: 66.333 Thread 0x00007fe3880f3700 flushing  nmethod 0x00007fe370171d88
Event: 66.333 Thread 0x00007fe3880f3700 flushing  nmethod 0x00007fe37792ac08
Event: 66.333 Thread 0x00007fe3880f3700 flushing  nmethod 0x00007fe37792bb88
Event: 66.333 Thread 0x00007fe3880f3700 flushing  nmethod 0x00007fe3779bda88
Event: 66.333 Thread 0x00007fe3880f3700 flushing  nmethod 0x00007fe3779be808
Event: 66.333 Thread 0x00007fe3880f3700 flushing  nmethod 0x00007fe3779bff88
Event: 66.333 Thread 0x00007fe3880f3700 flushing  nmethod 0x00007fe3779c0508
Event: 66.333 Thread 0x00007fe3880f3700 flushing  nmethod 0x00007fe36fe0cc08
Event: 66.333 Thread 0x00007fe3880f3700 flushing  nmethod 0x00007fe36fe11508
Event: 66.333 Thread 0x00007fe3880f3700 flushing  nmethod 0x00007fe36fe12108
Event: 66.333 Thread 0x00007fe3880f3700 flushing  nmethod 0x00007fe36fe37308
Event: 66.333 Thread 0x00007fe3880f3700 flushing  nmethod 0x00007fe36fe38708
Event: 66.333 Thread 0x00007fe3880f3700 flushing  nmethod 0x00007fe36fe73e88
Event: 66.333 Thread 0x00007fe3880f3700 flushing  nmethod 0x00007fe36fe74b08
Event: 66.333 Thread 0x00007fe3880f3700 flushing  nmethod 0x00007fe36ff25908
Event: 66.333 Thread 0x00007fe3880f3700 flushing  nmethod 0x00007fe36ff77a88
Event: 66.333 Thread 0x00007fe3880f3700 flushing  nmethod 0x00007fe36ffb7f08
Event: 66.333 Thread 0x00007fe3880f3700 flushing  nmethod 0x00007fe370060788
Event: 66.333 Thread 0x00007fe3880f3700 flushing  nmethod 0x00007fe370061d08
Event: 66.333 Thread 0x00007fe3880f3700 flushing  nmethod 0x00007fe37014f508

Events (20 events):
Event: 0.092 Thread 0x00007fe388019c70 Thread added: 0x00007fe388104070
Event: 0.092 Thread 0x00007fe388019c70 Thread added: 0x00007fe388104d20
Event: 0.094 Thread 0x00007fe388019c70 JVMTI - enter start phase
Event: 0.094 Thread 0x00007fe388019c70 JVMTI - enter live phase
Event: 0.094 Thread 0x00007fe388019c70 Thread added: 0x00007fe388111370
Event: 0.095 Thread 0x00007fe388019c70 Thread added: 0x00007fe3881139f0
Event: 0.113 Thread 0x00007fe388104d20 Thread added: 0x000077b740067d10
Event: 0.398 Thread 0x00007fe388104070 Thread added: 0x000077b73424bec0
Event: 0.916 Thread 0x000077b73424bec0 Thread exited: 0x000077b73424bec0
Event: 0.969 Thread 0x000077b740067d10 Thread exited: 0x000077b740067d10
Event: 14.670 Thread 0x00007fe388104d20 Thread added: 0x000077b74053bc90
Event: 14.689 Thread 0x00007fe388104d20 Thread added: 0x000077b74003ce10
Event: 15.053 Thread 0x000077b74003ce10 Thread exited: 0x000077b74003ce10
Event: 15.053 Thread 0x000077b74053bc90 Thread exited: 0x000077b74053bc90
Event: 37.691 Thread 0x00007fe388104070 Thread added: 0x000077b734368c00
Event: 37.703 Thread 0x00007fe388104070 Thread added: 0x000077b7342eff90
Event: 38.271 Thread 0x000077b7342eff90 Thread exited: 0x000077b7342eff90
Event: 38.271 Thread 0x000077b734368c00 Thread exited: 0x000077b734368c00
Event: 46.740 Thread 0x00007fe388104070 Thread added: 0x000077b73464ce80
Event: 47.706 Thread 0x000077b73464ce80 Thread exited: 0x000077b73464ce80


Dynamic libraries:
08000000-08001000 ---p 00000000 00:00 0 
08001000-08d95000 rw-p 00001000 00:23 672531                             /usr/lib/jvm/java-26-openjdk/lib/server/classes_nocoops.jsa
08d95000-09000000 ---p 00000000 00:00 0 
09000000-09040000 rw-p 00000000 00:00 0 
09040000-090e0000 rw-p 00000000 00:00 0 
090e0000-09180000 rw-p 00000000 00:00 0 
09180000-09210000 rw-p 00000000 00:00 0 
09210000-49000000 ---p 00000000 00:00 0 
56084beaf000-56084beb0000 r--p 00000000 00:23 672293                     /usr/lib/jvm/java-26-openjdk/bin/java
56084beb0000-56084beb1000 r-xp 00001000 00:23 672293                     /usr/lib/jvm/java-26-openjdk/bin/java
56084beb1000-56084beb2000 r--p 00002000 00:23 672293                     /usr/lib/jvm/java-26-openjdk/bin/java
56084beb2000-56084beb3000 r--p 00002000 00:23 672293                     /usr/lib/jvm/java-26-openjdk/bin/java
56084beb3000-56084beb4000 rw-p 00003000 00:23 672293                     /usr/lib/jvm/java-26-openjdk/bin/java
560855772000-560855928000 rw-p 00000000 00:00 0                          [heap]
77b728000000-77b728021000 rw-p 00000000 00:00 0 
77b728021000-77b72c000000 ---p 00000000 00:00 0 
77b72c000000-77b72f13f000 rw-p 00000000 00:00 0 
77b72f13f000-77b730000000 ---p 00000000 00:00 0 
77b730000000-77b730400000 rw-p 00000000 00:00 0 
77b730400000-77b730700000 rw-p 00000000 00:00 0 
77b730700000-77b7307f0000 rw-p 00000000 00:00 0 
77b7307f0000-77b730800000 ---p 00000000 00:00 0 
77b730800000-77b730d80000 rw-p 00000000 00:00 0 
77b730d80000-77b734000000 ---p 00000000 00:00 0 
77b734000000-77b735f62000 rw-p 00000000 00:00 0 
77b735f62000-77b738000000 ---p 00000000 00:00 0 
77b738000000-77b73b7a9000 rw-p 00000000 00:00 0 
77b73b7a9000-77b73c000000 ---p 00000000 00:00 0 
77b73c000000-77b73c711000 rw-p 00000000 00:00 0 
77b73c711000-77b740000000 ---p 00000000 00:00 0 
77b740000000-77b740e94000 rw-p 00000000 00:00 0 
77b740e94000-77b744000000 ---p 00000000 00:00 0 
77b744000000-77b7448ae000 rw-p 00000000 00:00 0 
77b7448ae000-77b748000000 ---p 00000000 00:00 0 
77b748000000-77b748021000 rw-p 00000000 00:00 0 
77b748021000-77b74c000000 ---p 00000000 00:00 0 
77b74c000000-77b74c3c8000 rw-p 00000000 00:00 0 
77b74c3c8000-77b750000000 ---p 00000000 00:00 0 
77b750000000-77b750829000 rw-p 00000000 00:00 0 
77b750829000-77b754000000 ---p 00000000 00:00 0 
77b754000000-77b754fc5000 rw-p 00000000 00:00 0 
77b754fc5000-77b758000000 ---p 00000000 00:00 0 
77b759a00000-77b75ba00000 rw-p 00000000 00:00 0 
77b75bafe000-77b75baff000 rw-p 00000000 00:00 0 
77b75baff000-77b75bb03000 ---p 00000000 00:00 0 
77b75bb03000-77b75bbff000 rw-p 00000000 00:00 0 
77b75bbff000-77b77ae80000 rw-p 00000000 00:00 0 
77b77ae80000-77d75dd80000 ---p 00000000 00:00 0 
77d75dd80000-77d761810000 rw-p 00000000 00:00 0 
77d761810000-77db5ddf0000 ---p 00000000 00:00 0 
77db5ddf0000-77db61810000 rw-p 00000000 00:00 0 
77db61810000-77df5ddf0000 ---p 00000000 00:00 0 
77df5ddf0000-77df61810000 rw-p 00000000 00:00 0 
77df61810000-77e35ddf0000 ---p 00000000 00:00 0 
77e35ddf0000-77e35de00000 rw-p 00000000 00:00 0 
77e35defe000-77e35deff000 rw-p 00000000 00:00 0 
77e35deff000-77e35df03000 ---p 00000000 00:00 0 
77e35df03000-77e35dfff000 rw-p 00000000 00:00 0 
77e35dfff000-77eab0000000 rw-p 00000000 00:00 0 
77eab0000000-77f410000000 ---p 00000000 00:00 0 
77f410000000-7fe36c000000 ---p 00000000 00:00 0 
7fe36c000000-7fe36e000000 rw-p 00000000 00:00 0 
7fe36e0ef000-7fe36e9f9000 rw-p 00000000 00:00 0 
7fe36e9f9000-7fe36e9fd000 ---p 00000000 00:00 0 
7fe36e9fd000-7fe36eafa000 rw-p 00000000 00:00 0 
7fe36eafa000-7fe36eafe000 ---p 00000000 00:00 0 
7fe36eafe000-7fe36ebfb000 rw-p 00000000 00:00 0 
7fe36ebfb000-7fe36ebff000 ---p 00000000 00:00 0 
7fe36ebff000-7fe36ecfc000 rw-p 00000000 00:00 0 
7fe36ecfc000-7fe36ed00000 ---p 00000000 00:00 0 
7fe36ed00000-7fe36edfd000 rw-p 00000000 00:00 0 
7fe36edfd000-7fe36ee01000 ---p 00000000 00:00 0 
7fe36ee01000-7fe36eefe000 rw-p 00000000 00:00 0 
7fe36eefe000-7fe36ef02000 ---p 00000000 00:00 0 
7fe36ef02000-7fe36efff000 rw-p 00000000 00:00 0 
7fe36efff000-7fe36f003000 ---p 00000000 00:00 0 
7fe36f003000-7fe36f100000 rw-p 00000000 00:00 0 
7fe36f100000-7fe36f104000 ---p 00000000 00:00 0 
7fe36f104000-7fe36f200000 rw-p 00000000 00:00 0 
7fe36f200000-7fe36f4ed000 r--p 00000000 00:23 765994                     /usr/lib/locale/locale-archive
7fe36f4f8000-7fe36f4fb000 r--p 00000000 00:23 602342                     /usr/lib/libnss_resolve.so.2
7fe36f4fb000-7fe36f52e000 r-xp 00003000 00:23 602342                     /usr/lib/libnss_resolve.so.2
7fe36f52e000-7fe36f546000 r--p 00036000 00:23 602342                     /usr/lib/libnss_resolve.so.2
7fe36f546000-7fe36f54d000 r--p 0004e000 00:23 602342                     /usr/lib/libnss_resolve.so.2
7fe36f54d000-7fe36f54e000 rw-p 00055000 00:23 602342                     /usr/lib/libnss_resolve.so.2
7fe36f54e000-7fe36f54f000 rw-p 00000000 00:00 0 
7fe36f54f000-7fe36f553000 ---p 00000000 00:00 0 
7fe36f553000-7fe36f64f000 rw-p 00000000 00:00 0 
7fe36f684000-7fe36f688000 r--p 00000000 00:23 602341                     /usr/lib/libnss_mymachines.so.2
7fe36f688000-7fe36f6d9000 r-xp 00004000 00:23 602341                     /usr/lib/libnss_mymachines.so.2
7fe36f6d9000-7fe36f6f3000 r--p 00055000 00:23 602341                     /usr/lib/libnss_mymachines.so.2
7fe36f6f3000-7fe36f6f6000 r--p 0006f000 00:23 602341                     /usr/lib/libnss_mymachines.so.2
7fe36f6f6000-7fe36f6f7000 rw-p 00072000 00:23 602341                     /usr/lib/libnss_mymachines.so.2
7fe36f6f7000-7fe36f6f8000 rw-p 00000000 00:00 0 
7fe36f6f8000-7fe36f6fc000 ---p 00000000 00:00 0 
7fe36f6fc000-7fe36f8fa000 rw-p 00000000 00:00 0 
7fe36f8fa000-7fe36f8fe000 ---p 00000000 00:00 0 
7fe36f8fe000-7fe36fafb000 rw-p 00000000 00:00 0 
7fe36fafb000-7fe36fbfc000 rw-p 00000000 00:00 0 
7fe36fbfc000-7fe36fdfe000 rw-p 00000000 00:00 0 
7fe36fdfe000-7fe3701be000 rwxp 00000000 00:00 0 
7fe3701be000-7fe377336000 ---p 00000000 00:00 0 
7fe377336000-7fe3775a6000 rwxp 00000000 00:00 0 
7fe3775a6000-7fe3778c8000 ---p 00000000 00:00 0 
7fe3778c8000-7fe377b38000 rwxp 00000000 00:00 0 
7fe377b38000-7fe37ee00000 ---p 00000000 00:00 0 
7fe37ee00000-7fe387e21000 r--s 00000000 00:23 672523                     /usr/lib/jvm/java-26-openjdk/lib/modules
7fe387e23000-7fe387e7e000 rw-p 00000000 00:00 0 
7fe387eff000-7fe388000000 rw-p 00000000 00:00 0 
7fe388000000-7fe38c000000 rw-p 00000000 00:00 0 
7fe38c004000-7fe38c005000 r--p 00000000 00:23 672518                     /usr/lib/jvm/java-26-openjdk/lib/libsimdsort.so
7fe38c005000-7fe38c03f000 r-xp 00001000 00:23 672518                     /usr/lib/jvm/java-26-openjdk/lib/libsimdsort.so
7fe38c03f000-7fe38c045000 r--p 0003b000 00:23 672518                     /usr/lib/jvm/java-26-openjdk/lib/libsimdsort.so
7fe38c045000-7fe38c046000 r--p 00040000 00:23 672518                     /usr/lib/jvm/java-26-openjdk/lib/libsimdsort.so
7fe38c046000-7fe38c047000 rw-p 00041000 00:23 672518                     /usr/lib/jvm/java-26-openjdk/lib/libsimdsort.so
7fe38c047000-7fe38cb52000 rw-p 00000000 00:00 0 
7fe38cb52000-7fe38cd54000 rw-p 00000000 00:00 0 
7fe38cd54000-7fe38d958000 rw-p 00000000 00:00 0 
7fe38d958000-7fe38da59000 rw-p 00000000 00:00 0 
7fe38da59000-7fe38ef2f000 rw-p 00000000 00:00 0 
7fe38ef2f000-7fe38f015000 ---p 00000000 00:00 0 
7fe38f015000-7fe38f01d000 rw-p 00000000 00:00 0 
7fe38f01d000-7fe38f100000 ---p 00000000 00:00 0 
7fe38f100000-7fe38f104000 ---p 00000000 00:00 0 
7fe38f104000-7fe38f200000 rw-p 00000000 00:00 0 
7fe38f200000-7fe38f29a000 r--p 00000000 00:23 1483078                    /usr/lib/libstdc++.so.6.0.36
7fe38f29a000-7fe38f477000 r-xp 0009a000 00:23 1483078                    /usr/lib/libstdc++.so.6.0.36
7fe38f477000-7fe38f516000 r--p 00277000 00:23 1483078                    /usr/lib/libstdc++.so.6.0.36
7fe38f516000-7fe38f527000 r--p 00316000 00:23 1483078                    /usr/lib/libstdc++.so.6.0.36
7fe38f527000-7fe38f528000 rw-p 00327000 00:23 1483078                    /usr/lib/libstdc++.so.6.0.36
7fe38f528000-7fe38f52c000 rw-p 00000000 00:00 0 
7fe38f53e000-7fe38f600000 rw-p 00000000 00:00 0 
7fe38f600000-7fe38f60e000 r--p 00000000 00:23 672534                     /usr/lib/jvm/java-26-openjdk/lib/server/libjvm.so
7fe38f60e000-7fe3906a9000 r-xp 0000e000 00:23 672534                     /usr/lib/jvm/java-26-openjdk/lib/server/libjvm.so
7fe3906a9000-7fe3908ec000 r--p 010a9000 00:23 672534                     /usr/lib/jvm/java-26-openjdk/lib/server/libjvm.so
7fe3908ec000-7fe3909de000 r--p 012eb000 00:23 672534                     /usr/lib/jvm/java-26-openjdk/lib/server/libjvm.so
7fe3909de000-7fe3909ff000 rw-p 013dd000 00:23 672534                     /usr/lib/jvm/java-26-openjdk/lib/server/libjvm.so
7fe3909ff000-7fe390a82000 rw-p 00000000 00:00 0 
7fe390a90000-7fe390a97000 r--s 00000000 00:23 765996                     /usr/lib/gconv/gconv-modules.cache
7fe390a97000-7fe390a99000 r--p 00000000 00:23 672510                     /usr/lib/jvm/java-26-openjdk/lib/libmanagement_ext.so
7fe390a99000-7fe390a9c000 r-xp 00002000 00:23 672510                     /usr/lib/jvm/java-26-openjdk/lib/libmanagement_ext.so
7fe390a9c000-7fe390a9e000 r--p 00005000 00:23 672510                     /usr/lib/jvm/java-26-openjdk/lib/libmanagement_ext.so
7fe390a9e000-7fe390a9f000 r--p 00006000 00:23 672510                     /usr/lib/jvm/java-26-openjdk/lib/libmanagement_ext.so
7fe390a9f000-7fe390aa0000 rw-p 00007000 00:23 672510                     /usr/lib/jvm/java-26-openjdk/lib/libmanagement_ext.so
7fe390aa0000-7fe390aa2000 r--p 00000000 00:23 672508                     /usr/lib/jvm/java-26-openjdk/lib/libmanagement.so
7fe390aa2000-7fe390aa3000 r-xp 00002000 00:23 672508                     /usr/lib/jvm/java-26-openjdk/lib/libmanagement.so
7fe390aa3000-7fe390aa4000 r--p 00003000 00:23 672508                     /usr/lib/jvm/java-26-openjdk/lib/libmanagement.so
7fe390aa4000-7fe390aa5000 r--p 00003000 00:23 672508                     /usr/lib/jvm/java-26-openjdk/lib/libmanagement.so
7fe390aa5000-7fe390aa6000 rw-p 00004000 00:23 672508                     /usr/lib/jvm/java-26-openjdk/lib/libmanagement.so
7fe390aa6000-7fe390aa8000 r--p 00000000 00:23 672521                     /usr/lib/jvm/java-26-openjdk/lib/libverify.so
7fe390aa8000-7fe390ab2000 r-xp 00002000 00:23 672521                     /usr/lib/jvm/java-26-openjdk/lib/libverify.so
7fe390ab2000-7fe390ab4000 r--p 0000c000 00:23 672521                     /usr/lib/jvm/java-26-openjdk/lib/libverify.so
7fe390ab4000-7fe390ab6000 r--p 0000d000 00:23 672521                     /usr/lib/jvm/java-26-openjdk/lib/libverify.so
7fe390ab6000-7fe390ab7000 rw-p 0000f000 00:23 672521                     /usr/lib/jvm/java-26-openjdk/lib/libverify.so
7fe390ab7000-7fe390af8000 rw-p 00000000 00:00 0 
7fe390af8000-7fe390b08000 r--p 00000000 00:23 600543                     /usr/lib/libm.so.6
7fe390b08000-7fe390b9e000 r-xp 00010000 00:23 600543                     /usr/lib/libm.so.6
7fe390b9e000-7fe390bfe000 r--p 000a6000 00:23 600543                     /usr/lib/libm.so.6
7fe390bfe000-7fe390bff000 r--p 00105000 00:23 600543                     /usr/lib/libm.so.6
7fe390bff000-7fe390c00000 rw-p 00106000 00:23 600543                     /usr/lib/libm.so.6
7fe390c00000-7fe390c24000 r--p 00000000 00:23 600533                     /usr/lib/libc.so.6
7fe390c24000-7fe390dd1000 r-xp 00024000 00:23 600533                     /usr/lib/libc.so.6
7fe390dd1000-7fe390e49000 r--p 001d1000 00:23 600533                     /usr/lib/libc.so.6
7fe390e49000-7fe390e4d000 r--p 00248000 00:23 600533                     /usr/lib/libc.so.6
7fe390e4d000-7fe390e4f000 rw-p 0024c000 00:23 600533                     /usr/lib/libc.so.6
7fe390e4f000-7fe390e57000 rw-p 00000000 00:00 0 
7fe390e57000-7fe390e59000 r--p 00000000 00:23 672522                     /usr/lib/jvm/java-26-openjdk/lib/libzip.so
7fe390e59000-7fe390e66000 r-xp 00002000 00:23 672522                     /usr/lib/jvm/java-26-openjdk/lib/libzip.so
7fe390e66000-7fe390e6c000 r--p 0000f000 00:23 672522                     /usr/lib/jvm/java-26-openjdk/lib/libzip.so
7fe390e6c000-7fe390e6d000 r--p 00014000 00:23 672522                     /usr/lib/jvm/java-26-openjdk/lib/libzip.so
7fe390e6d000-7fe390e6e000 rw-p 00015000 00:23 672522                     /usr/lib/jvm/java-26-openjdk/lib/libzip.so
7fe390e6e000-7fe390e70000 r--p 00000000 00:23 672512                     /usr/lib/jvm/java-26-openjdk/lib/libnet.so
7fe390e70000-7fe390e77000 r-xp 00002000 00:23 672512                     /usr/lib/jvm/java-26-openjdk/lib/libnet.so
7fe390e77000-7fe390e79000 r--p 00009000 00:23 672512                     /usr/lib/jvm/java-26-openjdk/lib/libnet.so
7fe390e79000-7fe390e7a000 r--p 0000a000 00:23 672512                     /usr/lib/jvm/java-26-openjdk/lib/libnet.so
7fe390e7a000-7fe390e7b000 rw-p 0000b000 00:23 672512                     /usr/lib/jvm/java-26-openjdk/lib/libnet.so
7fe390e7b000-7fe390e82000 r--p 00000000 00:23 672513                     /usr/lib/jvm/java-26-openjdk/lib/libnio.so
7fe390e82000-7fe390e8b000 r-xp 00007000 00:23 672513                     /usr/lib/jvm/java-26-openjdk/lib/libnio.so
7fe390e8b000-7fe390e90000 r--p 00010000 00:23 672513                     /usr/lib/jvm/java-26-openjdk/lib/libnio.so
7fe390e90000-7fe390e91000 r--p 00014000 00:23 672513                     /usr/lib/jvm/java-26-openjdk/lib/libnio.so
7fe390e91000-7fe390e92000 rw-p 00015000 00:23 672513                     /usr/lib/jvm/java-26-openjdk/lib/libnio.so
7fe390e92000-7fe390e97000 rw-p 00000000 00:00 0 
7fe390e97000-7fe390e9e000 ---p 00000000 00:00 0 
7fe390e9e000-7fe390ea8000 r--p 00000000 00:23 672498                     /usr/lib/jvm/java-26-openjdk/lib/libjava.so
7fe390ea8000-7fe390eb7000 r-xp 0000a000 00:23 672498                     /usr/lib/jvm/java-26-openjdk/lib/libjava.so
7fe390eb7000-7fe390ebc000 r--p 00019000 00:23 672498                     /usr/lib/jvm/java-26-openjdk/lib/libjava.so
7fe390ebc000-7fe390ebd000 r--p 0001e000 00:23 672498                     /usr/lib/jvm/java-26-openjdk/lib/libjava.so
7fe390ebd000-7fe390ebe000 rw-p 0001f000 00:23 672498                     /usr/lib/jvm/java-26-openjdk/lib/libjava.so
7fe390ebe000-7fe390ec7000 rw-p 00000000 00:00 0 
7fe390ec7000-7fe390ec8000 ---p 00000000 00:00 0 
7fe390ec8000-7fe390ec9000 r--p 00000000 00:00 0 
7fe390ec9000-7fe390eca000 ---p 00000000 00:00 0 
7fe390eca000-7fe390ecb000 r--p 00000000 00:23 672502                     /usr/lib/jvm/java-26-openjdk/lib/libjimage.so
7fe390ecb000-7fe390ecd000 r-xp 00001000 00:23 672502                     /usr/lib/jvm/java-26-openjdk/lib/libjimage.so
7fe390ecd000-7fe390ece000 r--p 00003000 00:23 672502                     /usr/lib/jvm/java-26-openjdk/lib/libjimage.so
7fe390ece000-7fe390ecf000 r--p 00003000 00:23 672502                     /usr/lib/jvm/java-26-openjdk/lib/libjimage.so
7fe390ecf000-7fe390ed0000 rw-p 00004000 00:23 672502                     /usr/lib/jvm/java-26-openjdk/lib/libjimage.so
7fe390ed0000-7fe390ed4000 r--p 00000000 00:23 1483070                    /usr/lib/libgcc_s.so.1
7fe390ed4000-7fe390f00000 r-xp 00004000 00:23 1483070                    /usr/lib/libgcc_s.so.1
7fe390f00000-7fe390f04000 r--p 00030000 00:23 1483070                    /usr/lib/libgcc_s.so.1
7fe390f04000-7fe390f05000 r--p 00034000 00:23 1483070                    /usr/lib/libgcc_s.so.1
7fe390f05000-7fe390f06000 rw-p 00035000 00:23 1483070                    /usr/lib/libgcc_s.so.1
7fe390f06000-7fe390f09000 rw-p 00000000 00:00 0 
7fe390f09000-7fe390f0b000 r--p 00000000 00:23 672503                     /usr/lib/jvm/java-26-openjdk/lib/libjli.so
7fe390f0b000-7fe390f1b000 r-xp 00002000 00:23 672503                     /usr/lib/jvm/java-26-openjdk/lib/libjli.so
7fe390f1b000-7fe390f21000 r--p 00012000 00:23 672503                     /usr/lib/jvm/java-26-openjdk/lib/libjli.so
7fe390f21000-7fe390f22000 r--p 00017000 00:23 672503                     /usr/lib/jvm/java-26-openjdk/lib/libjli.so
7fe390f22000-7fe390f23000 rw-p 00018000 00:23 672503                     /usr/lib/jvm/java-26-openjdk/lib/libjli.so
7fe390f23000-7fe390f25000 rw-p 00000000 00:00 0 
7fe390f25000-7fe390f52000 r--p 00000000 00:23 1578493                    /etc/ld.so.cache
7fe390f52000-7fe390f56000 r--p 00000000 00:00 0                          [vvar]
7fe390f56000-7fe390f58000 r--p 00000000 00:00 0                          [vvar_vclock]
7fe390f58000-7fe390f5a000 r-xp 00000000 00:00 0                          [vdso]
7fe390f5a000-7fe390f5b000 r--p 00000000 00:23 600524                     /usr/lib/ld-linux-x86-64.so.2
7fe390f5b000-7fe390f8c000 r-xp 00001000 00:23 600524                     /usr/lib/ld-linux-x86-64.so.2
7fe390f8c000-7fe390f9c000 r--p 00032000 00:23 600524                     /usr/lib/ld-linux-x86-64.so.2
7fe390f9c000-7fe390f9e000 r--p 00041000 00:23 600524                     /usr/lib/ld-linux-x86-64.so.2
7fe390f9e000-7fe390f9f000 rw-p 00043000 00:23 600524                     /usr/lib/ld-linux-x86-64.so.2
7fe390f9f000-7fe390fa0000 rw-p 00000000 00:00 0 
7ffdabb82000-7ffdabba4000 rw-p 00000000 00:00 0                          [stack]
ffffffffff600000-ffffffffff601000 --xp 00000000 00:00 0                  [vsyscall]
Total number of mappings: 221

JVMTI agents: none


VM Arguments:
jvm_args: -Xmx8388608M 
java_command: pellet.Pellet realize --loader Jena --input-format N-Triples --infer-prop-values --infer-data-prop-values --ignore-imports /var/tmp/tmpzily2z36
java_class_path (initial): /home/sainenco/code/onto-recomender/backend/env/lib/python3.14/site-packages/owlready2/pellet/antlr-3.2.jar:/home/sainenco/code/onto-recomender/backend/env/lib/python3.14/site-packages/owlready2/pellet/antlr-runtime-3.2.jar:/home/sainenco/code/onto-recomender/backend/env/lib/python3.14/site-packages/owlready2/pellet/aterm-java-1.6.jar:/home/sainenco/code/onto-recomender/backend/env/lib/python3.14/site-packages/owlready2/pellet/commons-codec-1.6.jar:/home/sainenco/code/onto-recomender/backend/env/lib/python3.14/site-packages/owlready2/pellet/httpclient-4.2.3.jar:/home/sainenco/code/onto-recomender/backend/env/lib/python3.14/site-packages/owlready2/pellet/httpcore-4.2.2.jar:/home/sainenco/code/onto-recomender/backend/env/lib/python3.14/site-packages/owlready2/pellet/jcl-over-slf4j-1.6.4.jar:/home/sainenco/code/onto-recomender/backend/env/lib/python3.14/site-packages/owlready2/pellet/jena-arq-fixed2.10.0.jar:/home/sainenco/code/onto-recomender/backend/env/lib/python3.14/site-packages/owlready2/pellet/jena-core-fixed2.10.0.jar:/home/sainenco/code/onto-recomender/backend/env/lib/python3.14/site-packages/owlready2/pellet/jena-iri-0.9.5.jar:/home/sainenco/code/onto-recomender/backend/env/lib/python3.14/site-packages/owlready2/pellet/jena-tdb-0.10.0.jar:/home/sainenco/code/onto-recomender/backend/env/lib/python3.14/site-packages/owlready2/pellet/jgrapht-jdk1.5.jar:/home/sainenco/code/onto-recomender/backend/env/lib/python3.14/site-packages/owlready2/pellet/log4j-1.2-api-2.19.0.jar:/home/sainenco/code/onto-recomender/backend/env/lib/python3.14/site-packages/owlready2/pellet/log4j-api-2.19.0.jar:/home/sainenco/code/onto-recomender/backend/env/lib/python3.14/site-packages/owlready2/pellet/log4j-core-2.19.0.jar:/home/sainenco/code/onto-recomender/backend/env/lib/python3.14/site-packages/owlready2/pellet/owlapi-distribution-3.4.3-bin.jar:/home/sainenco/code/onto-recomender/backend/env/lib/python3.14/site-packages/owlready2/pellet/pellet-2.3.1.jar:/home/sainenco/code/onto-recomender/backend/env/lib/python3.14/site-packages/owlready2/pellet/slf4j-api-1.6.4.jar:/home/sainenco/code/onto-recomender/backend/env/lib/python3.14/site-packages/owlready2/pellet/slf4j-log4j12-1.6.4.jar:/home/sainenco/code/onto-recomender/backend/env/lib/python3.14/site-packages/owlready2/pellet/xercesImpl-2.12.2.jar:/home/sainenco/code/onto-recomender/backend/env/lib/python3.14/site-packages/owlready2/pellet/xml-apis-1.4.01.jar
Launcher Type: SUN_STANDARD

[Global flags]
     bool AOTAdapterCaching                        = false                                  {diagnostic} {ergonomic}
     bool AOTEagerlyLoadObjects                    = false                                  {diagnostic} {ergonomic}
     bool AOTInvokeDynamicLinking                  = false                                  {diagnostic} {ergonomic}
     bool AOTRecordTraining                        = false                                  {diagnostic} {ergonomic}
     bool AOTReplayTraining                        = false                                  {diagnostic} {ergonomic}
     bool AOTStubCaching                           = false                                  {diagnostic} {ergonomic}
     intx CICompilerCount                          = 4                                         {product} {ergonomic}
     uint ConcGCThreads                            = 3                                         {product} {ergonomic}
     uint G1ConcRefinementThreads                  = 10                                        {product} {ergonomic}
     uint G1EagerReclaimRemSetThreshold            = 256                                  {experimental} {ergonomic}
   size_t G1HeapRegionSize                         = 33554432                                  {product} {ergonomic}
     uint G1RemSetArrayOfCardsEntries              = 256                                  {experimental} {ergonomic}
     uint G1RemSetHowlMaxNumBuckets                = 8                                    {experimental} {ergonomic}
     uint G1RemSetHowlNumBuckets                   = 8                                    {experimental} {ergonomic}
   size_t InitialHeapSize                          = 33554432                                  {product} {ergonomic}
     bool IntelJccErratumMitigation                = false                             {ARCH diagnostic} {ergonomic}
   size_t MarkStackSize                            = 4194304                                   {product} {ergonomic}
   size_t MarkStackSizeMax                         = 536870912                                 {product} {ergonomic}
   size_t MaxHeapSize                              = 8796093022208                             {product} {command line}
   size_t MaxNewSize                               = 5277642391552                             {product} {ergonomic}
 uint64_t MaxRAM                                   = 16486813696                               {product} {ergonomic}
   size_t MinHeapDeltaBytes                        = 33554432                                  {product} {ergonomic}
   size_t MinHeapSize                              = 33554432                                  {product} {ergonomic}
   size_t NonNMethodCodeHeapSize                   = 5840896                                {pd product} {ergonomic}
   size_t NonProfiledCodeHeapSize                  = 122912768                              {pd product} {ergonomic}
     bool PerfDisableSharedMem                     = true                                      {product} {ergonomic}
   size_t ProfiledCodeHeapSize                     = 122912768                              {pd product} {ergonomic}
   size_t ReservedCodeCacheSize                    = 251666432                              {pd product} {ergonomic}
     bool SegmentedCodeCache                       = true                                      {product} {ergonomic}
   size_t SoftMaxHeapSize                          = 8796093022208                          {manageable} {ergonomic}
     bool UseCondCardMark                          = true                                      {product} {ergonomic}
     bool UseFastUnorderedTimeStamps               = true                                 {experimental} {ergonomic}
     bool UseG1GC                                  = true                                      {product} {ergonomic}
      int X86ICacheSync                            = 3                                 {ARCH diagnostic} {ergonomic}

Logging:
Log output configuration:
 #0: stdout all=warning uptime,level,tags foldmultilines=false
 #1: stderr all=off uptime,level,tags foldmultilines=false

Release file:
IMPLEMENTOR="Arch Linux"
JAVA_RUNTIME_VERSION="26.0.2"
JAVA_VERSION="26.0.2"
JAVA_VERSION_DATE="2026-07-21"
LIBC="gnu"
MODULES="java.base java.compiler java.datatransfer java.xml java.prefs java.desktop java.instrument java.logging java.management java.security.sasl java.naming java.rmi java.management.rmi java.net.http java.scripting java.security.jgss java.transaction.xa java.sql java.sql.rowset java.xml.crypto java.se java.smartcardio jdk.accessibility jdk.internal.jvmstat jdk.attach jdk.charsets jdk.internal.opt jdk.zipfs jdk.compiler jdk.crypto.cryptoki jdk.crypto.ec jdk.dynalink jdk.internal.ed jdk.editpad jdk.internal.vm.ci jdk.graal.compiler jdk.graal.compiler.management jdk.hotspot.agent jdk.httpserver jdk.incubator.vector jdk.internal.le jdk.internal.md jdk.jartool jdk.javadoc jdk.jcmd jdk.management jdk.management.agent jdk.jconsole jdk.jdeps jdk.jdwp.agent jdk.jdi jdk.jfr jdk.jlink jdk.jpackage jdk.jshell jdk.jstatd jdk.localedata jdk.management.jfr jdk.naming.dns jdk.naming.rmi jdk.net jdk.nio.mapmode jdk.sctp jdk.security.auth jdk.security.jgss jdk.unsupported jdk.unsupported.desktop jdk.xml.dom"
OS_ARCH="x86_64"
OS_NAME="Linux"
SOURCE=""

Environment Variables:
JAVA_HOME=/usr/lib/jvm/java-26-openjdk
PATH=/home/sainenco/code/onto-recomender/backend/env/bin:/home/sainenco/.local/bin:/home/sainenco/.local/bin:/home/sainenco/.local/bin:/home/sainenco/.local/bin:/usr/local/sbin:/usr/local/bin:/usr/sbin:/usr/bin:/sbin:/bin:/usr/lib/jvm/default/bin:/usr/bin/site_perl:/usr/bin/vendor_perl:/usr/bin/core_perl:/home/sainenco/.vscode-oss/extensions/ms-python.debugpy-2026.6.0-linux-x64/bundled/scripts/noConfigScripts
SHELL=/bin/fish
DISPLAY=:0
LANG=en_US.UTF-8
LC_NUMERIC=en_US.UTF-8
LC_TIME=en_US.UTF-8
TERM=xterm-256color

Active Locale:
LC_ALL=en_US.UTF-8
LC_COLLATE=en_US.UTF-8
LC_CTYPE=en_US.UTF-8
LC_MESSAGES=en_US.UTF-8
LC_MONETARY=en_US.UTF-8
LC_NUMERIC=en_US.UTF-8
LC_TIME=en_US.UTF-8

Signal Handlers:
   SIGSEGV: 0x00007fe3905c7bd0 in libjvm.so+16546768, mask=11100100010111111101111111111110, flags=SA_RESTART|SA_SIGINFO, unblocked
    SIGBUS: 0x00007fe3905c7bd0 in libjvm.so+16546768, mask=11100100010111111101111111111110, flags=SA_RESTART|SA_SIGINFO, unblocked
    SIGFPE: 0x00007fe3905c7bd0 in libjvm.so+16546768, mask=11100100010111111101111111111110, flags=SA_RESTART|SA_SIGINFO, unblocked
   SIGPIPE: 0x00007fe39040b980 in libjvm.so+14727552, mask=11100100010111111101111111111110, flags=SA_RESTART|SA_SIGINFO, unblocked
   SIGXFSZ: 0x00007fe39040b980 in libjvm.so+14727552, mask=11100100010111111101111111111110, flags=SA_RESTART|SA_SIGINFO, unblocked
    SIGILL: 0x00007fe3905c7bd0 in libjvm.so+16546768, mask=11100100010111111101111111111110, flags=SA_RESTART|SA_SIGINFO, unblocked
   SIGUSR2: 0x00007fe39040dbd0 in libjvm.so+14736336, mask=00000000000000000000000000000000, flags=SA_RESTART|SA_SIGINFO, unblocked
    SIGHUP: 0x00007fe390409690 in libjvm.so+14718608, mask=11100100010111111101111111111110, flags=SA_RESTART|SA_SIGINFO, unblocked
    SIGINT: 0x00007fe390409690 in libjvm.so+14718608, mask=11100100010111111101111111111110, flags=SA_RESTART|SA_SIGINFO, unblocked
   SIGTERM: 0x00007fe390409690 in libjvm.so+14718608, mask=11100100010111111101111111111110, flags=SA_RESTART|SA_SIGINFO, unblocked
   SIGQUIT: 0x00007fe390409690 in libjvm.so+14718608, mask=11100100010111111101111111111110, flags=SA_RESTART|SA_SIGINFO, unblocked
   SIGTRAP: 0x00007fe3905c7bd0 in libjvm.so+16546768, mask=11100100010111111101111111111110, flags=SA_RESTART|SA_SIGINFO, unblocked


Compilation memory statistics disabled.

Periodic native trim disabled

---------------  S Y S T E M  ---------------

OS:
DISTRIB_ID=cachyos
DISTRIB_RELEASE="rolling"
DISTRIB_DESCRIPTION="CachyOS"
uname: Linux 7.1.6-1-cachyos #1 SMP PREEMPT_DYNAMIC Wed, 05 Aug 2026 15:32:48 +0000 x86_64
OS uptime: 1 days 7:57 hours
libc: glibc 2.44 NPTL 2.44 
rlimit (soft/hard): STACK 16384k/infinity , CORE infinity/infinity , NPROC 61930/61930 , NOFILE 2097152/2097152 , AS infinity/infinity , CPU infinity/infinity , DATA infinity/infinity , FSIZE infinity/infinity , MEMLOCK 8192k/8192k
load average: 4.91 2.70 2.13

/proc/meminfo:
MemTotal:       16100404 kB
MemFree:          139056 kB
MemAvailable:     166584 kB
Buffers:               8 kB
Cached:           721168 kB
SwapCached:         9228 kB
Active:          5466448 kB
Inactive:        5552272 kB
Active(anon):    5376740 kB
Inactive(anon):  5411180 kB
Active(file):      89708 kB
Inactive(file):   141092 kB
Unevictable:      477948 kB
Mlocked:               0 kB
SwapTotal:      16100348 kB
SwapFree:        1260764 kB
Zswap:                 0 kB
Zswapped:              0 kB
Dirty:               388 kB
Writeback:             0 kB
AnonPages:      10767740 kB
Mapped:           111340 kB
Shmem:            182640 kB
KReclaimable:     109388 kB
Slab:             330784 kB
SReclaimable:     109388 kB
SUnreclaim:       221396 kB
KernelStack:       12352 kB
PageTables:        58480 kB
SecPageTables:      2056 kB
NFS_Unstable:          0 kB
Bounce:                0 kB
WritebackTmp:          0 kB
CommitLimit:    24150548 kB
Committed_AS:   53803360 kB
VmallocTotal:   34359738367 kB
VmallocUsed:      175904 kB
VmallocChunk:          0 kB
Percpu:            11712 kB
HardwareCorrupted:     0 kB
AnonHugePages:    641024 kB
ShmemHugePages:    45056 kB
ShmemPmdMapped:        0 kB
FileHugePages:     38912 kB
FilePmdMapped:     38912 kB
CmaTotal:              0 kB
CmaFree:               0 kB
Unaccepted:            0 kB
Balloon:               0 kB
GPUActive:             0 kB
GPUReclaim:            0 kB
HugePages_Total:       0
HugePages_Free:        0
HugePages_Rsvd:        0
HugePages_Surp:        0
Hugepagesize:       2048 kB
Hugetlb:               0 kB
DirectMap4k:     2855220 kB
DirectMap2M:    13654016 kB
DirectMap1G:     1048576 kB

/sys/kernel/mm/transparent_hugepage/enabled: [always] madvise never
/sys/kernel/mm/transparent_hugepage/hpage_pmd_size: 2097152
/sys/kernel/mm/transparent_hugepage/shmem_enabled: always within_size [advise] never deny force
/sys/kernel/mm/transparent_hugepage/defrag (defrag/compaction efforts parameter): always defer [defer+madvise] madvise never

Process Memory:
Virtual Size: 8777240236K (peak: 8777261788K)
Resident Set Size: 10658788K (peak: 10957936K) (anon: 10645836K, file: 12952K, shmem: 0K)
Swapped out: 3156720K
C-Heap outstanding allocations: 447138K, retained: 128905K
glibc malloc tunables: (default)

/proc/sys/kernel/threads-max (system-wide limit on the number of threads): 123860
/proc/sys/vm/max_map_count (maximum number of memory map areas a process may have): 1048576
/proc/sys/vm/swappiness (control to define how aggressively the kernel swaps out anonymous memory): 150
/proc/sys/kernel/pid_max (system-wide limit on number of process identifiers): 4194304

container information not found.
Steal ticks since vm start: 0
Steal ticks percentage since vm start:  0.000

CPU: total 12 (initial active 12) (6 cores per cpu, 2 threads per core) family 6 model 141 stepping 1 microcode 0x58, cx8, cmov, fxsr, ht, mmx, 3dnowpref, sse, sse2, sse3, ssse3, sse4.1, sse4.2, popcnt, lzcnt, tsc, tscinvbit, avx, avx2, aes, erms, clmul, bmi1, bmi2, adx, avx512f, avx512dq, avx512cd, avx512bw, avx512vl, sha, fma, vzeroupper, avx512_vpopcntdq, avx512_vpclmulqdq, avx512_vaes, avx512_vnni, clflush, clflushopt, clwb, avx512_vbmi2, avx512_vbmi, rdtscp, rdpid, fsrm, gfni, avx512_bitalg, f16c, pku, ospke, cet_ibt, cet_ss, avx512_ifma
CPU Model and flags from /proc/cpuinfo:
model name	: 11th Gen Intel(R) Core(TM) i5-11400H @ 2.70GHz
flags		: fpu vme de pse tsc msr pae mce cx8 apic sep mtrr pge mca cmov pat pse36 clflush dts acpi mmx fxsr sse sse2 ss ht tm pbe syscall nx pdpe1gb rdtscp lm constant_tsc art arch_perfmon pebs bts rep_good nopl xtopology nonstop_tsc cpuid aperfmperf tsc_known_freq pni pclmulqdq dtes64 monitor ds_cpl vmx est tm2 ssse3 sdbg fma cx16 xtpr pdcm pcid sse4_1 sse4_2 x2apic movbe popcnt tsc_deadline_timer aes xsave avx f16c rdrand lahf_lm abm 3dnowprefetch cpuid_fault epb cat_l2 cdp_l2 ssbd ibrs ibpb stibp ibrs_enhanced tpr_shadow flexpriority ept vpid ept_ad fsgsbase tsc_adjust bmi1 avx2 smep bmi2 erms invpcid rdt_a avx512f avx512dq rdseed adx smap avx512ifma clflushopt clwb intel_pt avx512cd sha_ni avx512bw avx512vl xsaveopt xsavec xgetbv1 xsaves split_lock_detect user_shstk dtherm ida arat pln pts hwp hwp_notify hwp_act_window hwp_epp hwp_pkg_req vnmi avx512vbmi umip pku ospke avx512_vbmi2 gfni vaes vpclmulqdq avx512_vnni avx512_bitalg avx512_vpopcntdq rdpid movdiri movdir64b fsrm avx512_vp2intersect md_clear ibt flush_l1d arch_capabilities

Online cpus: 0-11
Offline cpus: 
BIOS frequency limitation: <Not Available>
Frequency switch latency (ns): 0
Available cpu frequencies: <Not Available>
Current governor: powersave
Core performance/turbo boost: <Not Available>

Memory: 4k page, physical 16100404k(166064k free), swap 16100348k(1261096k free)
Page Sizes: 4k

vm_info: OpenJDK 64-Bit Server VM (26.0.2) for linux-amd64 JRE (26.0.2), built on 2026-07-26T09:02:24Z with gcc 16.1.1 20260625

END.
