#
# There is insufficient memory for the Java Runtime Environment to continue.
# Native memory allocation (mmap) failed to map 48922361856 bytes. Error detail: committing reserved memory.
# Possible reasons:
#   The system is out of physical RAM or swap space
#   This process has exceeded the maximum number of memory mappings (check below
#     for `/proc/sys/vm/max_map_count` and `Total number of mappings`)
# Possible solutions:
#   Reduce memory load on the system
#   Increase physical memory or swap space
#   Check if swap backing store is full
#   Decrease Java heap size (-Xmx/-Xms)
#   Decrease number of Java threads
#   Decrease Java thread stack sizes (-Xss)
#   Set larger code cache with -XX:ReservedCodeCacheSize=
# This output file may be truncated or incomplete.
#
#  Out of Memory Error (os_linux.cpp:2857), pid=96387, tid=96400
#
# JRE version: OpenJDK Runtime Environment (26.0.2) (build 26.0.2)
# Java VM: OpenJDK 64-Bit Server VM (26.0.2, mixed mode, sharing, tiered, compressed class ptrs, g1 gc, linux-amd64)
# Core dump will be written. Default location: Determined by the following: "/usr/lib/systemd/systemd-coredump %P %u %g %s %t %c %h %d %F %I" (alternatively, falling back to /home/sainenco/code/onto-recomender/backend/core.96387)
#

---------------  S U M M A R Y ------------

Command Line: -Xmx8388608M org.semanticweb.HermiT.cli.CommandLine -c -O -D -I file:////var/tmp/tmpi2v19992 -Y

Host: 11th Gen Intel(R) Core(TM) i5-11400H @ 2.70GHz, 12 cores, 15G, CachyOS
Time: Wed Aug 12 20:39:49 2026 EEST elapsed time: 26.726427 seconds (0d 0h 0m 26s)

---------------  T H R E A D  ---------------

Current thread (0x00007f68c80e9230):  VMThread "VM Thread"          [id=96400, stack(0x00007f68af3f5000,0x00007f68af4f5000) (1024K)]

Stack: [0x00007f68af3f5000,0x00007f68af4f5000],  sp=0x00007f68af4f2bc0,  free space=1014k
Native frames: (J=compiled Java code, j=interpreted, Vv=VM code, C=native code)
V  [libjvm.so+0xfc6ae7]  (os_linux.cpp:2857)
V  [libjvm.so+0x535c39]
V  [libjvm.so+0xbf80a8]
V  [libjvm.so+0x6b6ad6]
V  [libjvm.so+0x6b6e9d]
V  [libjvm.so+0x69f221]
V  [libjvm.so+0x64aea7]
V  [libjvm.so+0x660a58]
V  [libjvm.so+0x6dccb9]
V  [libjvm.so+0xfcd91e]
V  [libjvm.so+0xfcf51e]
V  [libjvm.so+0xbf5978]
VM_Operation (0x00007f68cebfe070): G1CollectForAllocation, mode: safepoint, requested by thread 0x00007f68c8019360


---------------  P R O C E S S  ---------------

Threads class SMR info:
_java_thread_list=0x0000773c88073580, length=10, elements={
0x00007f68c8019360, 0x00007f68c80f22a0, 0x00007f68c80f3960, 0x00007f68c80f5490,
0x00007f68c80f6d00, 0x00007f68c80f8550, 0x00007f68c80f9ba0, 0x00007f68c80fa850,
0x00007f68c81069b0, 0x00007f68c8109710
}

Java Threads: ( => current thread )
  0x00007f68c8019360 JavaThread "main"                              [_thread_blocked, id=96388, stack(0x00007f68ceb00000,0x00007f68cec00000) (1024K)]
  0x00007f68c80f22a0 JavaThread "Reference Handler"          daemon [_thread_blocked, id=96401, stack(0x00007f68aef49000,0x00007f68af049000) (1024K)]
  0x00007f68c80f3960 JavaThread "Finalizer"                  daemon [_thread_blocked, id=96402, stack(0x00007f68aeb00000,0x00007f68aec00000) (1024K)]
  0x00007f68c80f5490 JavaThread "Signal Dispatcher"          daemon [_thread_blocked, id=96403, stack(0x00007f68ae9ff000,0x00007f68aeaff000) (1024K)]
  0x00007f68c80f6d00 JavaThread "Service Thread"             daemon [_thread_blocked, id=96404, stack(0x00007f68af0f2000,0x00007f68af1f2000) (1024K)]
  0x00007f68c80f8550 JavaThread "Monitor Deflation Thread"   daemon [_thread_blocked, id=96405, stack(0x00007f68ae8fe000,0x00007f68ae9fe000) (1024K)]
  0x00007f68c80f9ba0 JavaThread "C2 CompilerThread0"         daemon [_thread_blocked, id=96406, stack(0x00007f68af2f4000,0x00007f68af3f4000) (1024K)]
  0x00007f68c80fa850 JavaThread "C1 CompilerThread0"         daemon [_thread_blocked, id=96407, stack(0x00007f68ae7fd000,0x00007f68ae8fd000) (1024K)]
  0x00007f68c81069b0 JavaThread "Notification Thread"        daemon [_thread_blocked, id=96408, stack(0x00007f68ae6fc000,0x00007f68ae7fc000) (1024K)]
  0x00007f68c8109710 JavaThread "Common-Cleaner"             daemon [_thread_blocked, id=96409, stack(0x00007f68ae5fb000,0x00007f68ae6fb000) (1024K)]
Total: 10

Other Threads:
=>0x00007f68c80e9230 VMThread "VM Thread"                           [id=96400, stack(0x00007f68af3f5000,0x00007f68af4f5000) (1024K)]
  0x00007f68c80d7630 WatcherThread "VM Periodic Task Thread"        [id=96399, stack(0x00007f68af1f3000,0x00007f68af2f3000) (1024K)]
  0x00007f68c80752c0 WorkerThread "GC Thread#0"                     [id=96389, stack(0x00007f68cd359000,0x00007f68cd459000) (1024K)]
  0x0000773c8042a680 WorkerThread "GC Thread#1"                     [id=96412, stack(0x00007f68ae2f8000,0x00007f68ae3f8000) (1024K)]
  0x0000773c807c34e0 WorkerThread "GC Thread#2"                     [id=96413, stack(0x00007f68ae1f7000,0x00007f68ae2f7000) (1024K)]
  0x0000773c807c4520 WorkerThread "GC Thread#3"                     [id=96414, stack(0x00007f68ae0f6000,0x00007f68ae1f6000) (1024K)]
  0x0000773c807c5620 WorkerThread "GC Thread#4"                     [id=96415, stack(0x000077689deff000,0x000077689dfff000) (1024K)]
  0x0000773c807c6740 WorkerThread "GC Thread#5"                     [id=96416, stack(0x0000773c9baff000,0x0000773c9bbff000) (1024K)]
  0x0000773c807c7880 WorkerThread "GC Thread#6"                     [id=96417, stack(0x0000773c99900000,0x0000773c99a00000) (1024K)]
  0x0000773c807c89c0 WorkerThread "GC Thread#7"                     [id=96418, stack(0x0000773c997ff000,0x0000773c998ff000) (1024K)]
  0x0000773c807c9b00 WorkerThread "GC Thread#8"                     [id=96419, stack(0x0000773c996fe000,0x0000773c997fe000) (1024K)]
  0x0000773c807cb080 WorkerThread "GC Thread#9"                     [id=96420, stack(0x0000773c995fd000,0x0000773c996fd000) (1024K)]
  0x00007f68c8076a10 ConcurrentGCThread "G1 Main Marker"            [id=96390, stack(0x00007f68cc654000,0x00007f68cc754000) (1024K)]
  0x00007f68c8077ad0 WorkerThread "G1 Conc#0"                       [id=96391, stack(0x00007f68cc553000,0x00007f68cc653000) (1024K)]
  0x00007f68c80b8ee0 WorkerThread "G1 Refinement Workers#0"         [id=96393, stack(0x00007f68af6f8000,0x00007f68af7f8000) (1024K)]
  0x00007f68c80b7c90 ConcurrentGCThread "G1 Refine Control"         [id=96392, stack(0x00007f68af7f9000,0x00007f68af8f9000) (1024K)]
  0x00007f68c80b9fe0 ConcurrentGCThread "G1 Service"                [id=96394, stack(0x00007f68af5f7000,0x00007f68af6f7000) (1024K)]
Total: 17

Threads with active compile tasks:
Total: 0

VM state: at safepoint (normal execution)

VM Mutex/Monitor currently owned by a thread:  ([mutex/lock_event])
[0x00007f68d0444278] Threads_lock - owner thread: 0x00007f68c80e9230
[0x00007f68d0443ff8] Heap_lock - owner thread: 0x00007f68c8019360

CDS archive(s) mapped at: [0x0000000054000000-0x0000000054d95000-0x0000000054d95000), size 14241792, SharedBaseAddress: 0x0000000054000000, ArchiveRelocationMode: 1.
Compressed class space mapped at: 0x0000000055000000-0x0000000095000000, reserved size: 1073741824
UseCompressedClassPointers 1, UseCompactObjectHeaders 0
Narrow klass pointer bits 32, Max shift 3
Narrow klass base: 0x0000000054000000, Narrow klass shift: 0
Encoding Range: [0x0000000054000000 - 0x0000000154000000), (4294967296 bytes)
Klass Range:    [0x0000000054000000 - 0x0000000095000000), (1090519040 bytes)
Klass ID Range:  [8 - 1090519033) (1090519025)
Protection zone: [0x0000000054000000 - 0x0000000054001000), (4096 bytes)

GC Precious Log:
 CardTable entry size: 512
 Card Set container configuration: InlinePtr #cards 3 size 8 Array Of Cards #cards 256 size 528 Howl #buckets 8 coarsen threshold 58982 Howl Bitmap #cards 8192 size 1040 coarsen threshold 7372 Card regions per heap region 1 cards per card region 65536
 CPUs: 12 total, 12 available
 Memory: 15723M
 Large Page Support: Disabled
 NUMA Support: Disabled
 Compressed Oops: Disabled
 Heap Region Size: 32M
 Heap Min Capacity: 32M
 Heap Initial Capacity: 32M
 Heap Max Capacity: 8192G
 Pre-touch: Disabled
 Parallel Workers: 10
 Concurrent Workers: 3
 Concurrent Refinement Workers: 10
 Periodic GC: Disabled

Heap:
 garbage-first heap   total reserved 8589934592K, committed 23887872K, used 3058382K [0x00007768ae000000, 0x00007f68ae000000)
  region size 32M, 0 eden (0M), 5 survivor (160M), 82 old (2624M), 7 humongous (224M), 635 free (20320M)

Heap Regions: E=young(eden), S=young(survivor), O=old, HS=humongous(starts), HC=humongous(continues), CS=collection set, F=free, TAMS=top-at-mark-start, PB=parsable bottom
|    0|0x00007768ae000000, 0x00007768b0000000, 0x00007768b0000000|100%| O|  |TAMS 0x00007768ae000000| PB 0x00007768ae000000| Untracked |  0
|    1|0x00007768b0000000, 0x00007768b2000000, 0x00007768b2000000|100%| O|  |TAMS 0x00007768b0000000| PB 0x00007768b0000000| Untracked |  0
|    2|0x00007768b2000000, 0x00007768b4000000, 0x00007768b4000000|100%| O|  |TAMS 0x00007768b2000000| PB 0x00007768b2000000| Untracked |  0
|    3|0x00007768b4000000, 0x00007768b6000000, 0x00007768b6000000|100%| O|  |TAMS 0x00007768b4000000| PB 0x00007768b4000000| Untracked |  0
|    4|0x00007768b6000000, 0x00007768b8000000, 0x00007768b8000000|100%| O|  |TAMS 0x00007768b6000000| PB 0x00007768b6000000| Untracked |  0
|    5|0x00007768b8000000, 0x00007768ba000000, 0x00007768ba000000|100%| O|  |TAMS 0x00007768b8000000| PB 0x00007768b8000000| Untracked |  0
|    6|0x00007768ba000000, 0x00007768bc000000, 0x00007768bc000000|100%| O|  |TAMS 0x00007768ba000000| PB 0x00007768ba000000| Untracked |  0
|    7|0x00007768bc000000, 0x00007768be000000, 0x00007768be000000|100%| O|  |TAMS 0x00007768bc000000| PB 0x00007768bc000000| Untracked |  0
|    8|0x00007768be000000, 0x00007768c0000000, 0x00007768c0000000|100%| O|  |TAMS 0x00007768be000000| PB 0x00007768be000000| Untracked |  0
|    9|0x00007768c0000000, 0x00007768c2000000, 0x00007768c2000000|100%| O|  |TAMS 0x00007768c0000000| PB 0x00007768c0000000| Untracked |  0
|   10|0x00007768c2000000, 0x00007768c4000000, 0x00007768c4000000|100%| O|  |TAMS 0x00007768c2000000| PB 0x00007768c2000000| Untracked |  0
|   11|0x00007768c4000000, 0x00007768c6000000, 0x00007768c6000000|100%| O|  |TAMS 0x00007768c4000000| PB 0x00007768c4000000| Untracked |  0
|   12|0x00007768c6000000, 0x00007768c8000000, 0x00007768c8000000|100%| O|  |TAMS 0x00007768c6000000| PB 0x00007768c6000000| Untracked |  0
|   13|0x00007768c8000000, 0x00007768ca000000, 0x00007768ca000000|100%| O|  |TAMS 0x00007768c8000000| PB 0x00007768c8000000| Untracked |  0
|   14|0x00007768ca000000, 0x00007768cc000000, 0x00007768cc000000|100%| O|  |TAMS 0x00007768ca000000| PB 0x00007768ca000000| Untracked |  0
|   15|0x00007768cc000000, 0x00007768ce000000, 0x00007768ce000000|100%| O|  |TAMS 0x00007768cc000000| PB 0x00007768cc000000| Untracked |  0
|   16|0x00007768ce000000, 0x00007768d0000000, 0x00007768d0000000|100%| O|  |TAMS 0x00007768ce000000| PB 0x00007768ce000000| Untracked |  0
|   17|0x00007768d0000000, 0x00007768d2000000, 0x00007768d2000000|100%| O|  |TAMS 0x00007768d0000000| PB 0x00007768d0000000| Untracked |  0
|   18|0x00007768d2000000, 0x00007768d4000000, 0x00007768d4000000|100%| O|  |TAMS 0x00007768d2000000| PB 0x00007768d2000000| Untracked |  0
|   19|0x00007768d4000000, 0x00007768d6000000, 0x00007768d6000000|100%| O|  |TAMS 0x00007768d4000000| PB 0x00007768d4000000| Untracked |  0
|   20|0x00007768d6000000, 0x00007768d8000000, 0x00007768d8000000|100%| O|  |TAMS 0x00007768d6000000| PB 0x00007768d6000000| Untracked |  0
|   21|0x00007768d8000000, 0x00007768da000000, 0x00007768da000000|100%| O|  |TAMS 0x00007768d8000000| PB 0x00007768d8000000| Untracked |  0
|   22|0x00007768da000000, 0x00007768dc000000, 0x00007768dc000000|100%| O|  |TAMS 0x00007768da000000| PB 0x00007768da000000| Untracked |  0
|   23|0x00007768dc000000, 0x00007768de000000, 0x00007768de000000|100%| O|  |TAMS 0x00007768dc000000| PB 0x00007768dc000000| Untracked |  0
|   24|0x00007768de000000, 0x00007768e0000000, 0x00007768e0000000|100%| O|  |TAMS 0x00007768de000000| PB 0x00007768de000000| Untracked |  0
|   25|0x00007768e0000000, 0x00007768e2000000, 0x00007768e2000000|100%| O|  |TAMS 0x00007768e0000000| PB 0x00007768e0000000| Untracked |  0
|   26|0x00007768e2000000, 0x00007768e4000000, 0x00007768e4000000|100%| O|  |TAMS 0x00007768e2000000| PB 0x00007768e2000000| Untracked |  0
|   27|0x00007768e4000000, 0x00007768e6000000, 0x00007768e6000000|100%| O|  |TAMS 0x00007768e4000000| PB 0x00007768e4000000| Untracked |  0
|   28|0x00007768e6000000, 0x00007768e8000000, 0x00007768e8000000|100%| O|  |TAMS 0x00007768e6000000| PB 0x00007768e6000000| Untracked |  0
|   29|0x00007768e8000000, 0x00007768ea000000, 0x00007768ea000000|100%| O|  |TAMS 0x00007768e8000000| PB 0x00007768e8000000| Untracked |  0
|   30|0x00007768ea000000, 0x00007768ec000000, 0x00007768ec000000|100%| O|  |TAMS 0x00007768ea000000| PB 0x00007768ea000000| Untracked |  0
|   31|0x00007768ec000000, 0x00007768ee000000, 0x00007768ee000000|100%| O|  |TAMS 0x00007768ec000000| PB 0x00007768ec000000| Untracked |  0
|   32|0x00007768ee000000, 0x00007768f0000000, 0x00007768f0000000|100%| O|  |TAMS 0x00007768ee000000| PB 0x00007768ee000000| Untracked |  0
|   33|0x00007768f0000000, 0x00007768f2000000, 0x00007768f2000000|100%| O|  |TAMS 0x00007768f0000000| PB 0x00007768f0000000| Untracked |  0
|   34|0x00007768f2000000, 0x00007768f4000000, 0x00007768f4000000|100%| O|  |TAMS 0x00007768f2000000| PB 0x00007768f2000000| Untracked |  0
|   35|0x00007768f4000000, 0x00007768f6000000, 0x00007768f6000000|100%| O|  |TAMS 0x00007768f4000000| PB 0x00007768f4000000| Untracked |  0
|   36|0x00007768f6000000, 0x00007768f8000000, 0x00007768f8000000|100%| O|  |TAMS 0x00007768f6000000| PB 0x00007768f6000000| Untracked |  0
|   37|0x00007768f8000000, 0x00007768fa000000, 0x00007768fa000000|100%| O|  |TAMS 0x00007768f8000000| PB 0x00007768f8000000| Untracked |  0
|   38|0x00007768fa000000, 0x00007768fc000000, 0x00007768fc000000|100%| O|  |TAMS 0x00007768fa000000| PB 0x00007768fa000000| Untracked |  0
|   39|0x00007768fc000000, 0x00007768fe000000, 0x00007768fe000000|100%| O|  |TAMS 0x00007768fc000000| PB 0x00007768fc000000| Untracked |  0
|   40|0x00007768fe000000, 0x0000776900000000, 0x0000776900000000|100%| O|  |TAMS 0x00007768fe000000| PB 0x00007768fe000000| Untracked |  0
|   41|0x0000776900000000, 0x0000776902000000, 0x0000776902000000|100%| O|  |TAMS 0x0000776900000000| PB 0x0000776900000000| Untracked |  0
|   42|0x0000776902000000, 0x0000776904000000, 0x0000776904000000|100%| O|  |TAMS 0x0000776902000000| PB 0x0000776902000000| Untracked |  0
|   43|0x0000776904000000, 0x0000776906000000, 0x0000776906000000|100%| O|  |TAMS 0x0000776904000000| PB 0x0000776904000000| Untracked |  0
|   44|0x0000776906000000, 0x0000776908000000, 0x0000776908000000|100%| O|  |TAMS 0x0000776906000000| PB 0x0000776906000000| Untracked |  0
|   45|0x0000776908000000, 0x000077690a000000, 0x000077690a000000|100%| O|  |TAMS 0x0000776908000000| PB 0x0000776908000000| Untracked |  0
|   46|0x000077690a000000, 0x000077690c000000, 0x000077690c000000|100%|HS|  |TAMS 0x000077690a000000| PB 0x000077690a000000| Complete  |  0
|   47|0x000077690c000000, 0x000077690e000000, 0x000077690e000000|100%|HS|  |TAMS 0x000077690c000000| PB 0x000077690c000000| Complete  |  0
|   48|0x000077690e000000, 0x0000776910000000, 0x0000776910000000|100%|HS|  |TAMS 0x000077690e000000| PB 0x000077690e000000| Complete  |  0
|   49|0x0000776910000000, 0x0000776912000000, 0x0000776912000000|100%|HS|  |TAMS 0x0000776910000000| PB 0x0000776910000000| Complete  |  0
|   50|0x0000776912000000, 0x0000776914000000, 0x0000776914000000|100%|HS|  |TAMS 0x0000776912000000| PB 0x0000776912000000| Complete  |  0
|   51|0x0000776914000000, 0x0000776916000000, 0x0000776916000000|100%|HS|  |TAMS 0x0000776914000000| PB 0x0000776914000000| Complete  |  0
|   52|0x0000776916000000, 0x0000776918000000, 0x0000776918000000|100%| O|  |TAMS 0x0000776916000000| PB 0x0000776916000000| Untracked |  0
|   53|0x0000776918000000, 0x000077691a000000, 0x000077691a000000|100%| O|  |TAMS 0x0000776918000000| PB 0x0000776918000000| Untracked |  0
|   54|0x000077691a000000, 0x000077691c000000, 0x000077691c000000|100%| O|  |TAMS 0x000077691a000000| PB 0x000077691a000000| Untracked |  0
|   55|0x000077691c000000, 0x000077691e000000, 0x000077691e000000|100%| O|  |TAMS 0x000077691c000000| PB 0x000077691c000000| Untracked |  0
|   56|0x000077691e000000, 0x0000776920000000, 0x0000776920000000|100%| O|  |TAMS 0x000077691e000000| PB 0x000077691e000000| Untracked |  0
|   57|0x0000776920000000, 0x0000776922000000, 0x0000776922000000|100%| O|  |TAMS 0x0000776920000000| PB 0x0000776920000000| Untracked |  0
|   58|0x0000776922000000, 0x0000776924000000, 0x0000776924000000|100%| O|  |TAMS 0x0000776922000000| PB 0x0000776922000000| Untracked |  0
|   59|0x0000776924000000, 0x0000776926000000, 0x0000776926000000|100%| O|  |TAMS 0x0000776924000000| PB 0x0000776924000000| Untracked |  0
|   60|0x0000776926000000, 0x0000776928000000, 0x0000776928000000|100%| O|  |TAMS 0x0000776926000000| PB 0x0000776926000000| Untracked |  0
|   61|0x0000776928000000, 0x000077692a000000, 0x000077692a000000|100%| O|  |TAMS 0x0000776928000000| PB 0x0000776928000000| Untracked |  0
|   62|0x000077692a000000, 0x000077692c000000, 0x000077692c000000|100%| O|  |TAMS 0x000077692a000000| PB 0x000077692a000000| Untracked |  0
|   63|0x000077692c000000, 0x000077692e000000, 0x000077692e000000|100%| O|  |TAMS 0x000077692c000000| PB 0x000077692c000000| Untracked |  0
|   64|0x000077692e000000, 0x0000776930000000, 0x0000776930000000|100%| O|  |TAMS 0x000077692e000000| PB 0x000077692e000000| Untracked |  0
|   65|0x0000776930000000, 0x0000776932000000, 0x0000776932000000|100%| O|  |TAMS 0x0000776930000000| PB 0x0000776930000000| Untracked |  0
|   66|0x0000776932000000, 0x0000776934000000, 0x0000776934000000|100%| O|  |TAMS 0x0000776932000000| PB 0x0000776932000000| Untracked |  0
|   67|0x0000776934000000, 0x0000776936000000, 0x0000776936000000|100%| O|  |TAMS 0x0000776934000000| PB 0x0000776934000000| Untracked |  0
|   68|0x0000776936000000, 0x0000776938000000, 0x0000776938000000|100%| O|  |TAMS 0x0000776936000000| PB 0x0000776936000000| Untracked |  0
|   69|0x0000776938000000, 0x000077693a000000, 0x000077693a000000|100%|HS|  |TAMS 0x0000776938000000| PB 0x0000776938000000| Complete  |  0
|   70|0x000077693a000000, 0x000077693c000000, 0x000077693c000000|100%| O|  |TAMS 0x000077693a000000| PB 0x000077693a000000| Untracked |  0
|   71|0x000077693c000000, 0x000077693e000000, 0x000077693e000000|100%| O|  |TAMS 0x000077693c000000| PB 0x000077693c000000| Untracked |  0
|   72|0x000077693e000000, 0x0000776940000000, 0x0000776940000000|100%| O|  |TAMS 0x000077693e000000| PB 0x000077693e000000| Untracked |  0
|   73|0x0000776940000000, 0x0000776942000000, 0x0000776942000000|100%| O|  |TAMS 0x0000776940000000| PB 0x0000776940000000| Untracked |  0
|   74|0x0000776942000000, 0x0000776944000000, 0x0000776944000000|100%| O|  |TAMS 0x0000776942000000| PB 0x0000776942000000| Untracked |  0
|   75|0x0000776944000000, 0x0000776946000000, 0x0000776946000000|100%| O|  |TAMS 0x0000776944000000| PB 0x0000776944000000| Untracked |  0
|   76|0x0000776946000000, 0x0000776948000000, 0x0000776948000000|100%| O|  |TAMS 0x0000776946000000| PB 0x0000776946000000| Untracked |  0
|   77|0x0000776948000000, 0x000077694a000000, 0x000077694a000000|100%| O|  |TAMS 0x0000776948000000| PB 0x0000776948000000| Untracked |  0
|   78|0x000077694a000000, 0x000077694c000000, 0x000077694c000000|100%| O|  |TAMS 0x000077694a000000| PB 0x000077694a000000| Untracked |  0
|   79|0x000077694c000000, 0x000077694e000000, 0x000077694e000000|100%| O|  |TAMS 0x000077694c000000| PB 0x000077694c000000| Untracked |  0
|   80|0x000077694e000000, 0x0000776950000000, 0x0000776950000000|100%| O|  |TAMS 0x000077694e000000| PB 0x000077694e000000| Untracked |  0
|   81|0x0000776950000000, 0x0000776952000000, 0x0000776952000000|100%| O|  |TAMS 0x0000776950000000| PB 0x0000776950000000| Untracked |  0
|   82|0x0000776952000000, 0x0000776954000000, 0x0000776954000000|100%| O|  |TAMS 0x0000776952000000| PB 0x0000776952000000| Untracked |  0
|   83|0x0000776954000000, 0x0000776956000000, 0x0000776956000000|100%| O|  |TAMS 0x0000776954000000| PB 0x0000776954000000| Untracked |  0
|   84|0x0000776956000000, 0x0000776958000000, 0x0000776958000000|100%| O|  |TAMS 0x0000776956000000| PB 0x0000776956000000| Untracked |  0
|   85|0x0000776958000000, 0x000077695a000000, 0x000077695a000000|100%| O|  |TAMS 0x0000776958000000| PB 0x0000776958000000| Untracked |  0
|   86|0x000077695a000000, 0x000077695c000000, 0x000077695c000000|100%| O|  |TAMS 0x000077695a000000| PB 0x000077695a000000| Untracked |  0
|   87|0x000077695c000000, 0x000077695e000000, 0x000077695e000000|100%| O|  |TAMS 0x000077695c000000| PB 0x000077695c000000| Untracked |  0
|   88|0x000077695e000000, 0x000077695eab3900, 0x0000776960000000| 33%| O|  |TAMS 0x000077695e000000| PB 0x000077695e000000| Untracked |  0
|   89|0x0000776960000000, 0x0000776960000000, 0x0000776962000000|  0%| F|  |TAMS 0x0000776960000000| PB 0x0000776960000000| Untracked |  0
|   90|0x0000776962000000, 0x0000776962000000, 0x0000776964000000|  0%| F|  |TAMS 0x0000776962000000| PB 0x0000776962000000| Untracked |  0
|   91|0x0000776964000000, 0x0000776964000000, 0x0000776966000000|  0%| F|  |TAMS 0x0000776964000000| PB 0x0000776964000000| Untracked |  0
|   92|0x0000776966000000, 0x0000776966000000, 0x0000776968000000|  0%| F|  |TAMS 0x0000776966000000| PB 0x0000776966000000| Untracked |  0
|   93|0x0000776968000000, 0x0000776968000000, 0x000077696a000000|  0%| F|  |TAMS 0x0000776968000000| PB 0x0000776968000000| Untracked |  0
|   94|0x000077696a000000, 0x000077696a000000, 0x000077696c000000|  0%| F|  |TAMS 0x000077696a000000| PB 0x000077696a000000| Untracked |  0
|   95|0x000077696c000000, 0x000077696c000000, 0x000077696e000000|  0%| F|  |TAMS 0x000077696c000000| PB 0x000077696c000000| Untracked |  0
|   96|0x000077696e000000, 0x000077696e000000, 0x0000776970000000|  0%| F|  |TAMS 0x000077696e000000| PB 0x000077696e000000| Untracked |  0
|   97|0x0000776970000000, 0x0000776970000000, 0x0000776972000000|  0%| F|  |TAMS 0x0000776970000000| PB 0x0000776970000000| Untracked |  0
|   98|0x0000776972000000, 0x0000776972000000, 0x0000776974000000|  0%| F|  |TAMS 0x0000776972000000| PB 0x0000776972000000| Untracked |  0
|   99|0x0000776974000000, 0x0000776974000000, 0x0000776976000000|  0%| F|  |TAMS 0x0000776974000000| PB 0x0000776974000000| Untracked |  0
|  100|0x0000776976000000, 0x0000776976000000, 0x0000776978000000|  0%| F|  |TAMS 0x0000776976000000| PB 0x0000776976000000| Untracked |  0
|  101|0x0000776978000000, 0x0000776978000000, 0x000077697a000000|  0%| F|  |TAMS 0x0000776978000000| PB 0x0000776978000000| Untracked |  0
|  102|0x000077697a000000, 0x000077697a000000, 0x000077697c000000|  0%| F|  |TAMS 0x000077697a000000| PB 0x000077697a000000| Untracked |  0
|  103|0x000077697c000000, 0x000077697c000000, 0x000077697e000000|  0%| F|  |TAMS 0x000077697c000000| PB 0x000077697c000000| Untracked |  0
|  104|0x000077697e000000, 0x000077697e000000, 0x0000776980000000|  0%| F|  |TAMS 0x000077697e000000| PB 0x000077697e000000| Untracked |  0
|  105|0x0000776980000000, 0x0000776980000000, 0x0000776982000000|  0%| F|  |TAMS 0x0000776980000000| PB 0x0000776980000000| Untracked |  0
|  106|0x0000776982000000, 0x0000776982000000, 0x0000776984000000|  0%| F|  |TAMS 0x0000776982000000| PB 0x0000776982000000| Untracked |  0
|  107|0x0000776984000000, 0x0000776984000000, 0x0000776986000000|  0%| F|  |TAMS 0x0000776984000000| PB 0x0000776984000000| Untracked |  0
|  108|0x0000776986000000, 0x0000776986000000, 0x0000776988000000|  0%| F|  |TAMS 0x0000776986000000| PB 0x0000776986000000| Untracked |  0
|  109|0x0000776988000000, 0x0000776988000000, 0x000077698a000000|  0%| F|  |TAMS 0x0000776988000000| PB 0x0000776988000000| Untracked |  0
|  110|0x000077698a000000, 0x000077698a000000, 0x000077698c000000|  0%| F|  |TAMS 0x000077698a000000| PB 0x000077698a000000| Untracked |  0
|  111|0x000077698c000000, 0x000077698c000000, 0x000077698e000000|  0%| F|  |TAMS 0x000077698c000000| PB 0x000077698c000000| Untracked |  0
|  112|0x000077698e000000, 0x000077698e000000, 0x0000776990000000|  0%| F|  |TAMS 0x000077698e000000| PB 0x000077698e000000| Untracked |  0
|  113|0x0000776990000000, 0x0000776990000000, 0x0000776992000000|  0%| F|  |TAMS 0x0000776990000000| PB 0x0000776990000000| Untracked |  0
|  114|0x0000776992000000, 0x0000776992000000, 0x0000776994000000|  0%| F|  |TAMS 0x0000776992000000| PB 0x0000776992000000| Untracked |  0
|  115|0x0000776994000000, 0x0000776994000000, 0x0000776996000000|  0%| F|  |TAMS 0x0000776994000000| PB 0x0000776994000000| Untracked |  0
|  116|0x0000776996000000, 0x0000776996000000, 0x0000776998000000|  0%| F|  |TAMS 0x0000776996000000| PB 0x0000776996000000| Untracked |  0
|  117|0x0000776998000000, 0x0000776998000000, 0x000077699a000000|  0%| F|  |TAMS 0x0000776998000000| PB 0x0000776998000000| Untracked |  0
|  118|0x000077699a000000, 0x000077699a000000, 0x000077699c000000|  0%| F|  |TAMS 0x000077699a000000| PB 0x000077699a000000| Untracked |  0
|  119|0x000077699c000000, 0x000077699c000000, 0x000077699e000000|  0%| F|  |TAMS 0x000077699c000000| PB 0x000077699c000000| Untracked |  0
|  120|0x000077699e000000, 0x000077699e000000, 0x00007769a0000000|  0%| F|  |TAMS 0x000077699e000000| PB 0x000077699e000000| Untracked |  0
|  121|0x00007769a0000000, 0x00007769a0000000, 0x00007769a2000000|  0%| F|  |TAMS 0x00007769a0000000| PB 0x00007769a0000000| Untracked |  0
|  122|0x00007769a2000000, 0x00007769a2000000, 0x00007769a4000000|  0%| F|  |TAMS 0x00007769a2000000| PB 0x00007769a2000000| Untracked |  0
|  123|0x00007769a4000000, 0x00007769a4000000, 0x00007769a6000000|  0%| F|  |TAMS 0x00007769a4000000| PB 0x00007769a4000000| Untracked |  0
|  124|0x00007769a6000000, 0x00007769a6000000, 0x00007769a8000000|  0%| F|  |TAMS 0x00007769a6000000| PB 0x00007769a6000000| Untracked |  0
|  125|0x00007769a8000000, 0x00007769a8000000, 0x00007769aa000000|  0%| F|  |TAMS 0x00007769a8000000| PB 0x00007769a8000000| Untracked |  0
|  126|0x00007769aa000000, 0x00007769aa000000, 0x00007769ac000000|  0%| F|  |TAMS 0x00007769aa000000| PB 0x00007769aa000000| Untracked |  0
|  127|0x00007769ac000000, 0x00007769ac000000, 0x00007769ae000000|  0%| F|  |TAMS 0x00007769ac000000| PB 0x00007769ac000000| Untracked |  0
|  128|0x00007769ae000000, 0x00007769ae000000, 0x00007769b0000000|  0%| F|  |TAMS 0x00007769ae000000| PB 0x00007769ae000000| Untracked |  0
|  129|0x00007769b0000000, 0x00007769b0000000, 0x00007769b2000000|  0%| F|  |TAMS 0x00007769b0000000| PB 0x00007769b0000000| Untracked |  0
|  130|0x00007769b2000000, 0x00007769b2000000, 0x00007769b4000000|  0%| F|  |TAMS 0x00007769b2000000| PB 0x00007769b2000000| Untracked |  0
|  131|0x00007769b4000000, 0x00007769b4000000, 0x00007769b6000000|  0%| F|  |TAMS 0x00007769b4000000| PB 0x00007769b4000000| Untracked |  0
|  132|0x00007769b6000000, 0x00007769b6000000, 0x00007769b8000000|  0%| F|  |TAMS 0x00007769b6000000| PB 0x00007769b6000000| Untracked |  0
|  133|0x00007769b8000000, 0x00007769b8000000, 0x00007769ba000000|  0%| F|  |TAMS 0x00007769b8000000| PB 0x00007769b8000000| Untracked |  0
|  134|0x00007769ba000000, 0x00007769ba000000, 0x00007769bc000000|  0%| F|  |TAMS 0x00007769ba000000| PB 0x00007769ba000000| Untracked |  0
|  135|0x00007769bc000000, 0x00007769bc000000, 0x00007769be000000|  0%| F|  |TAMS 0x00007769bc000000| PB 0x00007769bc000000| Untracked |  0
|  136|0x00007769be000000, 0x00007769be000000, 0x00007769c0000000|  0%| F|  |TAMS 0x00007769be000000| PB 0x00007769be000000| Untracked |  0
|  137|0x00007769c0000000, 0x00007769c0000000, 0x00007769c2000000|  0%| F|  |TAMS 0x00007769c0000000| PB 0x00007769c0000000| Untracked |  0
|  138|0x00007769c2000000, 0x00007769c2000000, 0x00007769c4000000|  0%| F|  |TAMS 0x00007769c2000000| PB 0x00007769c2000000| Untracked |  0
|  139|0x00007769c4000000, 0x00007769c4000000, 0x00007769c6000000|  0%| F|  |TAMS 0x00007769c4000000| PB 0x00007769c4000000| Untracked |  0
|  140|0x00007769c6000000, 0x00007769c6000000, 0x00007769c8000000|  0%| F|  |TAMS 0x00007769c6000000| PB 0x00007769c6000000| Untracked |  0
|  141|0x00007769c8000000, 0x00007769c8000000, 0x00007769ca000000|  0%| F|  |TAMS 0x00007769c8000000| PB 0x00007769c8000000| Untracked |  0
|  142|0x00007769ca000000, 0x00007769ca000000, 0x00007769cc000000|  0%| F|  |TAMS 0x00007769ca000000| PB 0x00007769ca000000| Untracked |  0
|  143|0x00007769cc000000, 0x00007769cc000000, 0x00007769ce000000|  0%| F|  |TAMS 0x00007769cc000000| PB 0x00007769cc000000| Untracked |  0
|  144|0x00007769ce000000, 0x00007769ce000000, 0x00007769d0000000|  0%| F|  |TAMS 0x00007769ce000000| PB 0x00007769ce000000| Untracked |  0
|  145|0x00007769d0000000, 0x00007769d0000000, 0x00007769d2000000|  0%| F|  |TAMS 0x00007769d0000000| PB 0x00007769d0000000| Untracked |  0
|  146|0x00007769d2000000, 0x00007769d2000000, 0x00007769d4000000|  0%| F|  |TAMS 0x00007769d2000000| PB 0x00007769d2000000| Untracked |  0
|  147|0x00007769d4000000, 0x00007769d4000000, 0x00007769d6000000|  0%| F|  |TAMS 0x00007769d4000000| PB 0x00007769d4000000| Untracked |  0
|  148|0x00007769d6000000, 0x00007769d6000000, 0x00007769d8000000|  0%| F|  |TAMS 0x00007769d6000000| PB 0x00007769d6000000| Untracked |  0
|  149|0x00007769d8000000, 0x00007769d8000000, 0x00007769da000000|  0%| F|  |TAMS 0x00007769d8000000| PB 0x00007769d8000000| Untracked |  0
|  150|0x00007769da000000, 0x00007769da000000, 0x00007769dc000000|  0%| F|  |TAMS 0x00007769da000000| PB 0x00007769da000000| Untracked |  0
|  151|0x00007769dc000000, 0x00007769dc000000, 0x00007769de000000|  0%| F|  |TAMS 0x00007769dc000000| PB 0x00007769dc000000| Untracked |  0
|  152|0x00007769de000000, 0x00007769de000000, 0x00007769e0000000|  0%| F|  |TAMS 0x00007769de000000| PB 0x00007769de000000| Untracked |  0
|  153|0x00007769e0000000, 0x00007769e0000000, 0x00007769e2000000|  0%| F|  |TAMS 0x00007769e0000000| PB 0x00007769e0000000| Untracked |  0
|  154|0x00007769e2000000, 0x00007769e2000000, 0x00007769e4000000|  0%| F|  |TAMS 0x00007769e2000000| PB 0x00007769e2000000| Untracked |  0
|  155|0x00007769e4000000, 0x00007769e4000000, 0x00007769e6000000|  0%| F|  |TAMS 0x00007769e4000000| PB 0x00007769e4000000| Untracked |  0
|  156|0x00007769e6000000, 0x00007769e6000000, 0x00007769e8000000|  0%| F|  |TAMS 0x00007769e6000000| PB 0x00007769e6000000| Untracked |  0
|  157|0x00007769e8000000, 0x00007769e8000000, 0x00007769ea000000|  0%| F|  |TAMS 0x00007769e8000000| PB 0x00007769e8000000| Untracked |  0
|  158|0x00007769ea000000, 0x00007769ea000000, 0x00007769ec000000|  0%| F|  |TAMS 0x00007769ea000000| PB 0x00007769ea000000| Untracked |  0
|  159|0x00007769ec000000, 0x00007769ec000000, 0x00007769ee000000|  0%| F|  |TAMS 0x00007769ec000000| PB 0x00007769ec000000| Untracked |  0
|  160|0x00007769ee000000, 0x00007769ee000000, 0x00007769f0000000|  0%| F|  |TAMS 0x00007769ee000000| PB 0x00007769ee000000| Untracked |  0
|  161|0x00007769f0000000, 0x00007769f0000000, 0x00007769f2000000|  0%| F|  |TAMS 0x00007769f0000000| PB 0x00007769f0000000| Untracked |  0
|  162|0x00007769f2000000, 0x00007769f2000000, 0x00007769f4000000|  0%| F|  |TAMS 0x00007769f2000000| PB 0x00007769f2000000| Untracked |  0
|  163|0x00007769f4000000, 0x00007769f4000000, 0x00007769f6000000|  0%| F|  |TAMS 0x00007769f4000000| PB 0x00007769f4000000| Untracked |  0
|  164|0x00007769f6000000, 0x00007769f6000000, 0x00007769f8000000|  0%| F|  |TAMS 0x00007769f6000000| PB 0x00007769f6000000| Untracked |  0
|  165|0x00007769f8000000, 0x00007769f8000000, 0x00007769fa000000|  0%| F|  |TAMS 0x00007769f8000000| PB 0x00007769f8000000| Untracked |  0
|  166|0x00007769fa000000, 0x00007769fa000000, 0x00007769fc000000|  0%| F|  |TAMS 0x00007769fa000000| PB 0x00007769fa000000| Untracked |  0
|  167|0x00007769fc000000, 0x00007769fc000000, 0x00007769fe000000|  0%| F|  |TAMS 0x00007769fc000000| PB 0x00007769fc000000| Untracked |  0
|  168|0x00007769fe000000, 0x00007769fe000000, 0x0000776a00000000|  0%| F|  |TAMS 0x00007769fe000000| PB 0x00007769fe000000| Untracked |  0
|  169|0x0000776a00000000, 0x0000776a00000000, 0x0000776a02000000|  0%| F|  |TAMS 0x0000776a00000000| PB 0x0000776a00000000| Untracked |  0
|  170|0x0000776a02000000, 0x0000776a02000000, 0x0000776a04000000|  0%| F|  |TAMS 0x0000776a02000000| PB 0x0000776a02000000| Untracked |  0
|  171|0x0000776a04000000, 0x0000776a04000000, 0x0000776a06000000|  0%| F|  |TAMS 0x0000776a04000000| PB 0x0000776a04000000| Untracked |  0
|  172|0x0000776a06000000, 0x0000776a06000000, 0x0000776a08000000|  0%| F|  |TAMS 0x0000776a06000000| PB 0x0000776a06000000| Untracked |  0
|  173|0x0000776a08000000, 0x0000776a08000000, 0x0000776a0a000000|  0%| F|  |TAMS 0x0000776a08000000| PB 0x0000776a08000000| Untracked |  0
|  174|0x0000776a0a000000, 0x0000776a0a000000, 0x0000776a0c000000|  0%| F|  |TAMS 0x0000776a0a000000| PB 0x0000776a0a000000| Untracked |  0
|  175|0x0000776a0c000000, 0x0000776a0c000000, 0x0000776a0e000000|  0%| F|  |TAMS 0x0000776a0c000000| PB 0x0000776a0c000000| Untracked |  0
|  176|0x0000776a0e000000, 0x0000776a0e000000, 0x0000776a10000000|  0%| F|  |TAMS 0x0000776a0e000000| PB 0x0000776a0e000000| Untracked |  0
|  177|0x0000776a10000000, 0x0000776a10000000, 0x0000776a12000000|  0%| F|  |TAMS 0x0000776a10000000| PB 0x0000776a10000000| Untracked |  0
|  178|0x0000776a12000000, 0x0000776a12000000, 0x0000776a14000000|  0%| F|  |TAMS 0x0000776a12000000| PB 0x0000776a12000000| Untracked |  0
|  179|0x0000776a14000000, 0x0000776a14000000, 0x0000776a16000000|  0%| F|  |TAMS 0x0000776a14000000| PB 0x0000776a14000000| Untracked |  0
|  180|0x0000776a16000000, 0x0000776a16000000, 0x0000776a18000000|  0%| F|  |TAMS 0x0000776a16000000| PB 0x0000776a16000000| Untracked |  0
|  181|0x0000776a18000000, 0x0000776a18000000, 0x0000776a1a000000|  0%| F|  |TAMS 0x0000776a18000000| PB 0x0000776a18000000| Untracked |  0
|  182|0x0000776a1a000000, 0x0000776a1a000000, 0x0000776a1c000000|  0%| F|  |TAMS 0x0000776a1a000000| PB 0x0000776a1a000000| Untracked |  0
|  183|0x0000776a1c000000, 0x0000776a1c000000, 0x0000776a1e000000|  0%| F|  |TAMS 0x0000776a1c000000| PB 0x0000776a1c000000| Untracked |  0
|  184|0x0000776a1e000000, 0x0000776a1e000000, 0x0000776a20000000|  0%| F|  |TAMS 0x0000776a1e000000| PB 0x0000776a1e000000| Untracked |  0
|  185|0x0000776a20000000, 0x0000776a20000000, 0x0000776a22000000|  0%| F|  |TAMS 0x0000776a20000000| PB 0x0000776a20000000| Untracked |  0
|  186|0x0000776a22000000, 0x0000776a22000000, 0x0000776a24000000|  0%| F|  |TAMS 0x0000776a22000000| PB 0x0000776a22000000| Untracked |  0
|  187|0x0000776a24000000, 0x0000776a24000000, 0x0000776a26000000|  0%| F|  |TAMS 0x0000776a24000000| PB 0x0000776a24000000| Untracked |  0
|  188|0x0000776a26000000, 0x0000776a26000000, 0x0000776a28000000|  0%| F|  |TAMS 0x0000776a26000000| PB 0x0000776a26000000| Untracked |  0
|  189|0x0000776a28000000, 0x0000776a28000000, 0x0000776a2a000000|  0%| F|  |TAMS 0x0000776a28000000| PB 0x0000776a28000000| Untracked |  0
|  190|0x0000776a2a000000, 0x0000776a2a000000, 0x0000776a2c000000|  0%| F|  |TAMS 0x0000776a2a000000| PB 0x0000776a2a000000| Untracked |  0
|  191|0x0000776a2c000000, 0x0000776a2c000000, 0x0000776a2e000000|  0%| F|  |TAMS 0x0000776a2c000000| PB 0x0000776a2c000000| Untracked |  0
|  192|0x0000776a2e000000, 0x0000776a2e000000, 0x0000776a30000000|  0%| F|  |TAMS 0x0000776a2e000000| PB 0x0000776a2e000000| Untracked |  0
|  193|0x0000776a30000000, 0x0000776a30000000, 0x0000776a32000000|  0%| F|  |TAMS 0x0000776a30000000| PB 0x0000776a30000000| Untracked |  0
|  194|0x0000776a32000000, 0x0000776a32000000, 0x0000776a34000000|  0%| F|  |TAMS 0x0000776a32000000| PB 0x0000776a32000000| Untracked |  0
|  195|0x0000776a34000000, 0x0000776a34000000, 0x0000776a36000000|  0%| F|  |TAMS 0x0000776a34000000| PB 0x0000776a34000000| Untracked |  0
|  196|0x0000776a36000000, 0x0000776a36000000, 0x0000776a38000000|  0%| F|  |TAMS 0x0000776a36000000| PB 0x0000776a36000000| Untracked |  0
|  197|0x0000776a38000000, 0x0000776a38000000, 0x0000776a3a000000|  0%| F|  |TAMS 0x0000776a38000000| PB 0x0000776a38000000| Untracked |  0
|  198|0x0000776a3a000000, 0x0000776a3a000000, 0x0000776a3c000000|  0%| F|  |TAMS 0x0000776a3a000000| PB 0x0000776a3a000000| Untracked |  0
|  199|0x0000776a3c000000, 0x0000776a3c000000, 0x0000776a3e000000|  0%| F|  |TAMS 0x0000776a3c000000| PB 0x0000776a3c000000| Untracked |  0
|  200|0x0000776a3e000000, 0x0000776a3e000000, 0x0000776a40000000|  0%| F|  |TAMS 0x0000776a3e000000| PB 0x0000776a3e000000| Untracked |  0
|  201|0x0000776a40000000, 0x0000776a40000000, 0x0000776a42000000|  0%| F|  |TAMS 0x0000776a40000000| PB 0x0000776a40000000| Untracked |  0
|  202|0x0000776a42000000, 0x0000776a42000000, 0x0000776a44000000|  0%| F|  |TAMS 0x0000776a42000000| PB 0x0000776a42000000| Untracked |  0
|  203|0x0000776a44000000, 0x0000776a44000000, 0x0000776a46000000|  0%| F|  |TAMS 0x0000776a44000000| PB 0x0000776a44000000| Untracked |  0
|  204|0x0000776a46000000, 0x0000776a46000000, 0x0000776a48000000|  0%| F|  |TAMS 0x0000776a46000000| PB 0x0000776a46000000| Untracked |  0
|  205|0x0000776a48000000, 0x0000776a48000000, 0x0000776a4a000000|  0%| F|  |TAMS 0x0000776a48000000| PB 0x0000776a48000000| Untracked |  0
|  206|0x0000776a4a000000, 0x0000776a4a000000, 0x0000776a4c000000|  0%| F|  |TAMS 0x0000776a4a000000| PB 0x0000776a4a000000| Untracked |  0
|  207|0x0000776a4c000000, 0x0000776a4c000000, 0x0000776a4e000000|  0%| F|  |TAMS 0x0000776a4c000000| PB 0x0000776a4c000000| Untracked |  0
|  208|0x0000776a4e000000, 0x0000776a4e000000, 0x0000776a50000000|  0%| F|  |TAMS 0x0000776a4e000000| PB 0x0000776a4e000000| Untracked |  0
|  209|0x0000776a50000000, 0x0000776a50000000, 0x0000776a52000000|  0%| F|  |TAMS 0x0000776a50000000| PB 0x0000776a50000000| Untracked |  0
|  210|0x0000776a52000000, 0x0000776a52000000, 0x0000776a54000000|  0%| F|  |TAMS 0x0000776a52000000| PB 0x0000776a52000000| Untracked |  0
|  211|0x0000776a54000000, 0x0000776a54000000, 0x0000776a56000000|  0%| F|  |TAMS 0x0000776a54000000| PB 0x0000776a54000000| Untracked |  0
|  212|0x0000776a56000000, 0x0000776a56000000, 0x0000776a58000000|  0%| F|  |TAMS 0x0000776a56000000| PB 0x0000776a56000000| Untracked |  0
|  213|0x0000776a58000000, 0x0000776a58000000, 0x0000776a5a000000|  0%| F|  |TAMS 0x0000776a58000000| PB 0x0000776a58000000| Untracked |  0
|  214|0x0000776a5a000000, 0x0000776a5a000000, 0x0000776a5c000000|  0%| F|  |TAMS 0x0000776a5a000000| PB 0x0000776a5a000000| Untracked |  0
|  215|0x0000776a5c000000, 0x0000776a5c000000, 0x0000776a5e000000|  0%| F|  |TAMS 0x0000776a5c000000| PB 0x0000776a5c000000| Untracked |  0
|  216|0x0000776a5e000000, 0x0000776a5e000000, 0x0000776a60000000|  0%| F|  |TAMS 0x0000776a5e000000| PB 0x0000776a5e000000| Untracked |  0
|  217|0x0000776a60000000, 0x0000776a60000000, 0x0000776a62000000|  0%| F|  |TAMS 0x0000776a60000000| PB 0x0000776a60000000| Untracked |  0
|  218|0x0000776a62000000, 0x0000776a62000000, 0x0000776a64000000|  0%| F|  |TAMS 0x0000776a62000000| PB 0x0000776a62000000| Untracked |  0
|  219|0x0000776a64000000, 0x0000776a64000000, 0x0000776a66000000|  0%| F|  |TAMS 0x0000776a64000000| PB 0x0000776a64000000| Untracked |  0
|  220|0x0000776a66000000, 0x0000776a66000000, 0x0000776a68000000|  0%| F|  |TAMS 0x0000776a66000000| PB 0x0000776a66000000| Untracked |  0
|  221|0x0000776a68000000, 0x0000776a68000000, 0x0000776a6a000000|  0%| F|  |TAMS 0x0000776a68000000| PB 0x0000776a68000000| Untracked |  0
|  222|0x0000776a6a000000, 0x0000776a6a000000, 0x0000776a6c000000|  0%| F|  |TAMS 0x0000776a6a000000| PB 0x0000776a6a000000| Untracked |  0
|  223|0x0000776a6c000000, 0x0000776a6c000000, 0x0000776a6e000000|  0%| F|  |TAMS 0x0000776a6c000000| PB 0x0000776a6c000000| Untracked |  0
|  224|0x0000776a6e000000, 0x0000776a6e000000, 0x0000776a70000000|  0%| F|  |TAMS 0x0000776a6e000000| PB 0x0000776a6e000000| Untracked |  0
|  225|0x0000776a70000000, 0x0000776a70000000, 0x0000776a72000000|  0%| F|  |TAMS 0x0000776a70000000| PB 0x0000776a70000000| Untracked |  0
|  226|0x0000776a72000000, 0x0000776a72000000, 0x0000776a74000000|  0%| F|  |TAMS 0x0000776a72000000| PB 0x0000776a72000000| Untracked |  0
|  227|0x0000776a74000000, 0x0000776a74000000, 0x0000776a76000000|  0%| F|  |TAMS 0x0000776a74000000| PB 0x0000776a74000000| Untracked |  0
|  228|0x0000776a76000000, 0x0000776a76000000, 0x0000776a78000000|  0%| F|  |TAMS 0x0000776a76000000| PB 0x0000776a76000000| Untracked |  0
|  229|0x0000776a78000000, 0x0000776a78000000, 0x0000776a7a000000|  0%| F|  |TAMS 0x0000776a78000000| PB 0x0000776a78000000| Untracked |  0
|  230|0x0000776a7a000000, 0x0000776a7a000000, 0x0000776a7c000000|  0%| F|  |TAMS 0x0000776a7a000000| PB 0x0000776a7a000000| Untracked |  0
|  231|0x0000776a7c000000, 0x0000776a7c000000, 0x0000776a7e000000|  0%| F|  |TAMS 0x0000776a7c000000| PB 0x0000776a7c000000| Untracked |  0
|  232|0x0000776a7e000000, 0x0000776a7e000000, 0x0000776a80000000|  0%| F|  |TAMS 0x0000776a7e000000| PB 0x0000776a7e000000| Untracked |  0
|  233|0x0000776a80000000, 0x0000776a80000000, 0x0000776a82000000|  0%| F|  |TAMS 0x0000776a80000000| PB 0x0000776a80000000| Untracked |  0
|  234|0x0000776a82000000, 0x0000776a82000000, 0x0000776a84000000|  0%| F|  |TAMS 0x0000776a82000000| PB 0x0000776a82000000| Untracked |  0
|  235|0x0000776a84000000, 0x0000776a84000000, 0x0000776a86000000|  0%| F|  |TAMS 0x0000776a84000000| PB 0x0000776a84000000| Untracked |  0
|  236|0x0000776a86000000, 0x0000776a86000000, 0x0000776a88000000|  0%| F|  |TAMS 0x0000776a86000000| PB 0x0000776a86000000| Untracked |  0
|  237|0x0000776a88000000, 0x0000776a88000000, 0x0000776a8a000000|  0%| F|  |TAMS 0x0000776a88000000| PB 0x0000776a88000000| Untracked |  0
|  238|0x0000776a8a000000, 0x0000776a8a000000, 0x0000776a8c000000|  0%| F|  |TAMS 0x0000776a8a000000| PB 0x0000776a8a000000| Untracked |  0
|  239|0x0000776a8c000000, 0x0000776a8c000000, 0x0000776a8e000000|  0%| F|  |TAMS 0x0000776a8c000000| PB 0x0000776a8c000000| Untracked |  0
|  240|0x0000776a8e000000, 0x0000776a8e000000, 0x0000776a90000000|  0%| F|  |TAMS 0x0000776a8e000000| PB 0x0000776a8e000000| Untracked |  0
|  241|0x0000776a90000000, 0x0000776a90000000, 0x0000776a92000000|  0%| F|  |TAMS 0x0000776a90000000| PB 0x0000776a90000000| Untracked |  0
|  242|0x0000776a92000000, 0x0000776a92000000, 0x0000776a94000000|  0%| F|  |TAMS 0x0000776a92000000| PB 0x0000776a92000000| Untracked |  0
|  243|0x0000776a94000000, 0x0000776a94000000, 0x0000776a96000000|  0%| F|  |TAMS 0x0000776a94000000| PB 0x0000776a94000000| Untracked |  0
|  244|0x0000776a96000000, 0x0000776a96000000, 0x0000776a98000000|  0%| F|  |TAMS 0x0000776a96000000| PB 0x0000776a96000000| Untracked |  0
|  245|0x0000776a98000000, 0x0000776a98000000, 0x0000776a9a000000|  0%| F|  |TAMS 0x0000776a98000000| PB 0x0000776a98000000| Untracked |  0
|  246|0x0000776a9a000000, 0x0000776a9a000000, 0x0000776a9c000000|  0%| F|  |TAMS 0x0000776a9a000000| PB 0x0000776a9a000000| Untracked |  0
|  247|0x0000776a9c000000, 0x0000776a9c000000, 0x0000776a9e000000|  0%| F|  |TAMS 0x0000776a9c000000| PB 0x0000776a9c000000| Untracked |  0
|  248|0x0000776a9e000000, 0x0000776a9e000000, 0x0000776aa0000000|  0%| F|  |TAMS 0x0000776a9e000000| PB 0x0000776a9e000000| Untracked |  0
|  249|0x0000776aa0000000, 0x0000776aa0000000, 0x0000776aa2000000|  0%| F|  |TAMS 0x0000776aa0000000| PB 0x0000776aa0000000| Untracked |  0
|  250|0x0000776aa2000000, 0x0000776aa2000000, 0x0000776aa4000000|  0%| F|  |TAMS 0x0000776aa2000000| PB 0x0000776aa2000000| Untracked |  0
|  251|0x0000776aa4000000, 0x0000776aa4000000, 0x0000776aa6000000|  0%| F|  |TAMS 0x0000776aa4000000| PB 0x0000776aa4000000| Untracked |  0
|  252|0x0000776aa6000000, 0x0000776aa6000000, 0x0000776aa8000000|  0%| F|  |TAMS 0x0000776aa6000000| PB 0x0000776aa6000000| Untracked |  0
|  253|0x0000776aa8000000, 0x0000776aa8000000, 0x0000776aaa000000|  0%| F|  |TAMS 0x0000776aa8000000| PB 0x0000776aa8000000| Untracked |  0
|  254|0x0000776aaa000000, 0x0000776aaa000000, 0x0000776aac000000|  0%| F|  |TAMS 0x0000776aaa000000| PB 0x0000776aaa000000| Untracked |  0
|  255|0x0000776aac000000, 0x0000776aac000000, 0x0000776aae000000|  0%| F|  |TAMS 0x0000776aac000000| PB 0x0000776aac000000| Untracked |  0
|  256|0x0000776aae000000, 0x0000776aae000000, 0x0000776ab0000000|  0%| F|  |TAMS 0x0000776aae000000| PB 0x0000776aae000000| Untracked |  0
|  257|0x0000776ab0000000, 0x0000776ab0000000, 0x0000776ab2000000|  0%| F|  |TAMS 0x0000776ab0000000| PB 0x0000776ab0000000| Untracked |  0
|  258|0x0000776ab2000000, 0x0000776ab2000000, 0x0000776ab4000000|  0%| F|  |TAMS 0x0000776ab2000000| PB 0x0000776ab2000000| Untracked |  0
|  259|0x0000776ab4000000, 0x0000776ab4000000, 0x0000776ab6000000|  0%| F|  |TAMS 0x0000776ab4000000| PB 0x0000776ab4000000| Untracked |  0
|  260|0x0000776ab6000000, 0x0000776ab6000000, 0x0000776ab8000000|  0%| F|  |TAMS 0x0000776ab6000000| PB 0x0000776ab6000000| Untracked |  0
|  261|0x0000776ab8000000, 0x0000776ab8000000, 0x0000776aba000000|  0%| F|  |TAMS 0x0000776ab8000000| PB 0x0000776ab8000000| Untracked |  0
|  262|0x0000776aba000000, 0x0000776aba000000, 0x0000776abc000000|  0%| F|  |TAMS 0x0000776aba000000| PB 0x0000776aba000000| Untracked |  0
|  263|0x0000776abc000000, 0x0000776abc000000, 0x0000776abe000000|  0%| F|  |TAMS 0x0000776abc000000| PB 0x0000776abc000000| Untracked |  0
|  264|0x0000776abe000000, 0x0000776abe000000, 0x0000776ac0000000|  0%| F|  |TAMS 0x0000776abe000000| PB 0x0000776abe000000| Untracked |  0
|  265|0x0000776ac0000000, 0x0000776ac0000000, 0x0000776ac2000000|  0%| F|  |TAMS 0x0000776ac0000000| PB 0x0000776ac0000000| Untracked |  0
|  266|0x0000776ac2000000, 0x0000776ac2000000, 0x0000776ac4000000|  0%| F|  |TAMS 0x0000776ac2000000| PB 0x0000776ac2000000| Untracked |  0
|  267|0x0000776ac4000000, 0x0000776ac4000000, 0x0000776ac6000000|  0%| F|  |TAMS 0x0000776ac4000000| PB 0x0000776ac4000000| Untracked |  0
|  268|0x0000776ac6000000, 0x0000776ac6000000, 0x0000776ac8000000|  0%| F|  |TAMS 0x0000776ac6000000| PB 0x0000776ac6000000| Untracked |  0
|  269|0x0000776ac8000000, 0x0000776ac8000000, 0x0000776aca000000|  0%| F|  |TAMS 0x0000776ac8000000| PB 0x0000776ac8000000| Untracked |  0
|  270|0x0000776aca000000, 0x0000776aca000000, 0x0000776acc000000|  0%| F|  |TAMS 0x0000776aca000000| PB 0x0000776aca000000| Untracked |  0
|  271|0x0000776acc000000, 0x0000776acc000000, 0x0000776ace000000|  0%| F|  |TAMS 0x0000776acc000000| PB 0x0000776acc000000| Untracked |  0
|  272|0x0000776ace000000, 0x0000776ace000000, 0x0000776ad0000000|  0%| F|  |TAMS 0x0000776ace000000| PB 0x0000776ace000000| Untracked |  0
|  273|0x0000776ad0000000, 0x0000776ad0000000, 0x0000776ad2000000|  0%| F|  |TAMS 0x0000776ad0000000| PB 0x0000776ad0000000| Untracked |  0
|  274|0x0000776ad2000000, 0x0000776ad2000000, 0x0000776ad4000000|  0%| F|  |TAMS 0x0000776ad2000000| PB 0x0000776ad2000000| Untracked |  0
|  275|0x0000776ad4000000, 0x0000776ad4000000, 0x0000776ad6000000|  0%| F|  |TAMS 0x0000776ad4000000| PB 0x0000776ad4000000| Untracked |  0
|  276|0x0000776ad6000000, 0x0000776ad6000000, 0x0000776ad8000000|  0%| F|  |TAMS 0x0000776ad6000000| PB 0x0000776ad6000000| Untracked |  0
|  277|0x0000776ad8000000, 0x0000776ad8000000, 0x0000776ada000000|  0%| F|  |TAMS 0x0000776ad8000000| PB 0x0000776ad8000000| Untracked |  0
|  278|0x0000776ada000000, 0x0000776ada000000, 0x0000776adc000000|  0%| F|  |TAMS 0x0000776ada000000| PB 0x0000776ada000000| Untracked |  0
|  279|0x0000776adc000000, 0x0000776adc000000, 0x0000776ade000000|  0%| F|  |TAMS 0x0000776adc000000| PB 0x0000776adc000000| Untracked |  0
|  280|0x0000776ade000000, 0x0000776ade000000, 0x0000776ae0000000|  0%| F|  |TAMS 0x0000776ade000000| PB 0x0000776ade000000| Untracked |  0
|  281|0x0000776ae0000000, 0x0000776ae0000000, 0x0000776ae2000000|  0%| F|  |TAMS 0x0000776ae0000000| PB 0x0000776ae0000000| Untracked |  0
|  282|0x0000776ae2000000, 0x0000776ae2000000, 0x0000776ae4000000|  0%| F|  |TAMS 0x0000776ae2000000| PB 0x0000776ae2000000| Untracked |  0
|  283|0x0000776ae4000000, 0x0000776ae4000000, 0x0000776ae6000000|  0%| F|  |TAMS 0x0000776ae4000000| PB 0x0000776ae4000000| Untracked |  0
|  284|0x0000776ae6000000, 0x0000776ae6000000, 0x0000776ae8000000|  0%| F|  |TAMS 0x0000776ae6000000| PB 0x0000776ae6000000| Untracked |  0
|  285|0x0000776ae8000000, 0x0000776ae8000000, 0x0000776aea000000|  0%| F|  |TAMS 0x0000776ae8000000| PB 0x0000776ae8000000| Untracked |  0
|  286|0x0000776aea000000, 0x0000776aea000000, 0x0000776aec000000|  0%| F|  |TAMS 0x0000776aea000000| PB 0x0000776aea000000| Untracked |  0
|  287|0x0000776aec000000, 0x0000776aec000000, 0x0000776aee000000|  0%| F|  |TAMS 0x0000776aec000000| PB 0x0000776aec000000| Untracked |  0
|  288|0x0000776aee000000, 0x0000776aee000000, 0x0000776af0000000|  0%| F|  |TAMS 0x0000776aee000000| PB 0x0000776aee000000| Untracked |  0
|  289|0x0000776af0000000, 0x0000776af0000000, 0x0000776af2000000|  0%| F|  |TAMS 0x0000776af0000000| PB 0x0000776af0000000| Untracked |  0
|  290|0x0000776af2000000, 0x0000776af2000000, 0x0000776af4000000|  0%| F|  |TAMS 0x0000776af2000000| PB 0x0000776af2000000| Untracked |  0
|  291|0x0000776af4000000, 0x0000776af4000000, 0x0000776af6000000|  0%| F|  |TAMS 0x0000776af4000000| PB 0x0000776af4000000| Untracked |  0
|  292|0x0000776af6000000, 0x0000776af6000000, 0x0000776af8000000|  0%| F|  |TAMS 0x0000776af6000000| PB 0x0000776af6000000| Untracked |  0
|  293|0x0000776af8000000, 0x0000776af8000000, 0x0000776afa000000|  0%| F|  |TAMS 0x0000776af8000000| PB 0x0000776af8000000| Untracked |  0
|  294|0x0000776afa000000, 0x0000776afa000000, 0x0000776afc000000|  0%| F|  |TAMS 0x0000776afa000000| PB 0x0000776afa000000| Untracked |  0
|  295|0x0000776afc000000, 0x0000776afc000000, 0x0000776afe000000|  0%| F|  |TAMS 0x0000776afc000000| PB 0x0000776afc000000| Untracked |  0
|  296|0x0000776afe000000, 0x0000776afe000000, 0x0000776b00000000|  0%| F|  |TAMS 0x0000776afe000000| PB 0x0000776afe000000| Untracked |  0
|  297|0x0000776b00000000, 0x0000776b00000000, 0x0000776b02000000|  0%| F|  |TAMS 0x0000776b00000000| PB 0x0000776b00000000| Untracked |  0
|  298|0x0000776b02000000, 0x0000776b02000000, 0x0000776b04000000|  0%| F|  |TAMS 0x0000776b02000000| PB 0x0000776b02000000| Untracked |  0
|  299|0x0000776b04000000, 0x0000776b04000000, 0x0000776b06000000|  0%| F|  |TAMS 0x0000776b04000000| PB 0x0000776b04000000| Untracked |  0
|  300|0x0000776b06000000, 0x0000776b06000000, 0x0000776b08000000|  0%| F|  |TAMS 0x0000776b06000000| PB 0x0000776b06000000| Untracked |  0
|  301|0x0000776b08000000, 0x0000776b08000000, 0x0000776b0a000000|  0%| F|  |TAMS 0x0000776b08000000| PB 0x0000776b08000000| Untracked |  0
|  302|0x0000776b0a000000, 0x0000776b0a000000, 0x0000776b0c000000|  0%| F|  |TAMS 0x0000776b0a000000| PB 0x0000776b0a000000| Untracked |  0
|  303|0x0000776b0c000000, 0x0000776b0c000000, 0x0000776b0e000000|  0%| F|  |TAMS 0x0000776b0c000000| PB 0x0000776b0c000000| Untracked |  0
|  304|0x0000776b0e000000, 0x0000776b0e000000, 0x0000776b10000000|  0%| F|  |TAMS 0x0000776b0e000000| PB 0x0000776b0e000000| Untracked |  0
|  305|0x0000776b10000000, 0x0000776b10000000, 0x0000776b12000000|  0%| F|  |TAMS 0x0000776b10000000| PB 0x0000776b10000000| Untracked |  0
|  306|0x0000776b12000000, 0x0000776b12000000, 0x0000776b14000000|  0%| F|  |TAMS 0x0000776b12000000| PB 0x0000776b12000000| Untracked |  0
|  307|0x0000776b14000000, 0x0000776b14000000, 0x0000776b16000000|  0%| F|  |TAMS 0x0000776b14000000| PB 0x0000776b14000000| Untracked |  0
|  308|0x0000776b16000000, 0x0000776b16000000, 0x0000776b18000000|  0%| F|  |TAMS 0x0000776b16000000| PB 0x0000776b16000000| Untracked |  0
|  309|0x0000776b18000000, 0x0000776b18000000, 0x0000776b1a000000|  0%| F|  |TAMS 0x0000776b18000000| PB 0x0000776b18000000| Untracked |  0
|  310|0x0000776b1a000000, 0x0000776b1a000000, 0x0000776b1c000000|  0%| F|  |TAMS 0x0000776b1a000000| PB 0x0000776b1a000000| Untracked |  0
|  311|0x0000776b1c000000, 0x0000776b1c000000, 0x0000776b1e000000|  0%| F|  |TAMS 0x0000776b1c000000| PB 0x0000776b1c000000| Untracked |  0
|  312|0x0000776b1e000000, 0x0000776b1e000000, 0x0000776b20000000|  0%| F|  |TAMS 0x0000776b1e000000| PB 0x0000776b1e000000| Untracked |  0
|  313|0x0000776b20000000, 0x0000776b20000000, 0x0000776b22000000|  0%| F|  |TAMS 0x0000776b20000000| PB 0x0000776b20000000| Untracked |  0
|  314|0x0000776b22000000, 0x0000776b22000000, 0x0000776b24000000|  0%| F|  |TAMS 0x0000776b22000000| PB 0x0000776b22000000| Untracked |  0
|  315|0x0000776b24000000, 0x0000776b24000000, 0x0000776b26000000|  0%| F|  |TAMS 0x0000776b24000000| PB 0x0000776b24000000| Untracked |  0
|  316|0x0000776b26000000, 0x0000776b26000000, 0x0000776b28000000|  0%| F|  |TAMS 0x0000776b26000000| PB 0x0000776b26000000| Untracked |  0
|  317|0x0000776b28000000, 0x0000776b28000000, 0x0000776b2a000000|  0%| F|  |TAMS 0x0000776b28000000| PB 0x0000776b28000000| Untracked |  0
|  318|0x0000776b2a000000, 0x0000776b2a000000, 0x0000776b2c000000|  0%| F|  |TAMS 0x0000776b2a000000| PB 0x0000776b2a000000| Untracked |  0
|  319|0x0000776b2c000000, 0x0000776b2c000000, 0x0000776b2e000000|  0%| F|  |TAMS 0x0000776b2c000000| PB 0x0000776b2c000000| Untracked |  0
|  320|0x0000776b2e000000, 0x0000776b2e000000, 0x0000776b30000000|  0%| F|  |TAMS 0x0000776b2e000000| PB 0x0000776b2e000000| Untracked |  0
|  321|0x0000776b30000000, 0x0000776b30000000, 0x0000776b32000000|  0%| F|  |TAMS 0x0000776b30000000| PB 0x0000776b30000000| Untracked |  0
|  322|0x0000776b32000000, 0x0000776b32000000, 0x0000776b34000000|  0%| F|  |TAMS 0x0000776b32000000| PB 0x0000776b32000000| Untracked |  0
|  323|0x0000776b34000000, 0x0000776b34000000, 0x0000776b36000000|  0%| F|  |TAMS 0x0000776b34000000| PB 0x0000776b34000000| Untracked |  0
|  324|0x0000776b36000000, 0x0000776b36000000, 0x0000776b38000000|  0%| F|  |TAMS 0x0000776b36000000| PB 0x0000776b36000000| Untracked |  0
|  325|0x0000776b38000000, 0x0000776b38000000, 0x0000776b3a000000|  0%| F|  |TAMS 0x0000776b38000000| PB 0x0000776b38000000| Untracked |  0
|  326|0x0000776b3a000000, 0x0000776b3a000000, 0x0000776b3c000000|  0%| F|  |TAMS 0x0000776b3a000000| PB 0x0000776b3a000000| Untracked |  0
|  327|0x0000776b3c000000, 0x0000776b3c000000, 0x0000776b3e000000|  0%| F|  |TAMS 0x0000776b3c000000| PB 0x0000776b3c000000| Untracked |  0
|  328|0x0000776b3e000000, 0x0000776b3e000000, 0x0000776b40000000|  0%| F|  |TAMS 0x0000776b3e000000| PB 0x0000776b3e000000| Untracked |  0
|  329|0x0000776b40000000, 0x0000776b40000000, 0x0000776b42000000|  0%| F|  |TAMS 0x0000776b40000000| PB 0x0000776b40000000| Untracked |  0
|  330|0x0000776b42000000, 0x0000776b42000000, 0x0000776b44000000|  0%| F|  |TAMS 0x0000776b42000000| PB 0x0000776b42000000| Untracked |  0
|  331|0x0000776b44000000, 0x0000776b44000000, 0x0000776b46000000|  0%| F|  |TAMS 0x0000776b44000000| PB 0x0000776b44000000| Untracked |  0
|  332|0x0000776b46000000, 0x0000776b46000000, 0x0000776b48000000|  0%| F|  |TAMS 0x0000776b46000000| PB 0x0000776b46000000| Untracked |  0
|  333|0x0000776b48000000, 0x0000776b48000000, 0x0000776b4a000000|  0%| F|  |TAMS 0x0000776b48000000| PB 0x0000776b48000000| Untracked |  0
|  334|0x0000776b4a000000, 0x0000776b4a000000, 0x0000776b4c000000|  0%| F|  |TAMS 0x0000776b4a000000| PB 0x0000776b4a000000| Untracked |  0
|  335|0x0000776b4c000000, 0x0000776b4c000000, 0x0000776b4e000000|  0%| F|  |TAMS 0x0000776b4c000000| PB 0x0000776b4c000000| Untracked |  0
|  336|0x0000776b4e000000, 0x0000776b4e000000, 0x0000776b50000000|  0%| F|  |TAMS 0x0000776b4e000000| PB 0x0000776b4e000000| Untracked |  0
|  337|0x0000776b50000000, 0x0000776b50000000, 0x0000776b52000000|  0%| F|  |TAMS 0x0000776b50000000| PB 0x0000776b50000000| Untracked |  0
|  338|0x0000776b52000000, 0x0000776b52000000, 0x0000776b54000000|  0%| F|  |TAMS 0x0000776b52000000| PB 0x0000776b52000000| Untracked |  0
|  339|0x0000776b54000000, 0x0000776b54000000, 0x0000776b56000000|  0%| F|  |TAMS 0x0000776b54000000| PB 0x0000776b54000000| Untracked |  0
|  340|0x0000776b56000000, 0x0000776b56000000, 0x0000776b58000000|  0%| F|  |TAMS 0x0000776b56000000| PB 0x0000776b56000000| Untracked |  0
|  341|0x0000776b58000000, 0x0000776b58000000, 0x0000776b5a000000|  0%| F|  |TAMS 0x0000776b58000000| PB 0x0000776b58000000| Untracked |  0
|  342|0x0000776b5a000000, 0x0000776b5a000000, 0x0000776b5c000000|  0%| F|  |TAMS 0x0000776b5a000000| PB 0x0000776b5a000000| Untracked |  0
|  343|0x0000776b5c000000, 0x0000776b5c000000, 0x0000776b5e000000|  0%| F|  |TAMS 0x0000776b5c000000| PB 0x0000776b5c000000| Untracked |  0
|  344|0x0000776b5e000000, 0x0000776b5e000000, 0x0000776b60000000|  0%| F|  |TAMS 0x0000776b5e000000| PB 0x0000776b5e000000| Untracked |  0
|  345|0x0000776b60000000, 0x0000776b60000000, 0x0000776b62000000|  0%| F|  |TAMS 0x0000776b60000000| PB 0x0000776b60000000| Untracked |  0
|  346|0x0000776b62000000, 0x0000776b62000000, 0x0000776b64000000|  0%| F|  |TAMS 0x0000776b62000000| PB 0x0000776b62000000| Untracked |  0
|  347|0x0000776b64000000, 0x0000776b64000000, 0x0000776b66000000|  0%| F|  |TAMS 0x0000776b64000000| PB 0x0000776b64000000| Untracked |  0
|  348|0x0000776b66000000, 0x0000776b66000000, 0x0000776b68000000|  0%| F|  |TAMS 0x0000776b66000000| PB 0x0000776b66000000| Untracked |  0
|  349|0x0000776b68000000, 0x0000776b68000000, 0x0000776b6a000000|  0%| F|  |TAMS 0x0000776b68000000| PB 0x0000776b68000000| Untracked |  0
|  350|0x0000776b6a000000, 0x0000776b6a000000, 0x0000776b6c000000|  0%| F|  |TAMS 0x0000776b6a000000| PB 0x0000776b6a000000| Untracked |  0
|  351|0x0000776b6c000000, 0x0000776b6c000000, 0x0000776b6e000000|  0%| F|  |TAMS 0x0000776b6c000000| PB 0x0000776b6c000000| Untracked |  0
|  352|0x0000776b6e000000, 0x0000776b6e000000, 0x0000776b70000000|  0%| F|  |TAMS 0x0000776b6e000000| PB 0x0000776b6e000000| Untracked |  0
|  353|0x0000776b70000000, 0x0000776b70000000, 0x0000776b72000000|  0%| F|  |TAMS 0x0000776b70000000| PB 0x0000776b70000000| Untracked |  0
|  354|0x0000776b72000000, 0x0000776b72000000, 0x0000776b74000000|  0%| F|  |TAMS 0x0000776b72000000| PB 0x0000776b72000000| Untracked |  0
|  355|0x0000776b74000000, 0x0000776b74000000, 0x0000776b76000000|  0%| F|  |TAMS 0x0000776b74000000| PB 0x0000776b74000000| Untracked |  0
|  356|0x0000776b76000000, 0x0000776b76000000, 0x0000776b78000000|  0%| F|  |TAMS 0x0000776b76000000| PB 0x0000776b76000000| Untracked |  0
|  357|0x0000776b78000000, 0x0000776b78000000, 0x0000776b7a000000|  0%| F|  |TAMS 0x0000776b78000000| PB 0x0000776b78000000| Untracked |  0
|  358|0x0000776b7a000000, 0x0000776b7a000000, 0x0000776b7c000000|  0%| F|  |TAMS 0x0000776b7a000000| PB 0x0000776b7a000000| Untracked |  0
|  359|0x0000776b7c000000, 0x0000776b7c000000, 0x0000776b7e000000|  0%| F|  |TAMS 0x0000776b7c000000| PB 0x0000776b7c000000| Untracked |  0
|  360|0x0000776b7e000000, 0x0000776b7e000000, 0x0000776b80000000|  0%| F|  |TAMS 0x0000776b7e000000| PB 0x0000776b7e000000| Untracked |  0
|  361|0x0000776b80000000, 0x0000776b80000000, 0x0000776b82000000|  0%| F|  |TAMS 0x0000776b80000000| PB 0x0000776b80000000| Untracked |  0
|  362|0x0000776b82000000, 0x0000776b82000000, 0x0000776b84000000|  0%| F|  |TAMS 0x0000776b82000000| PB 0x0000776b82000000| Untracked |  0
|  363|0x0000776b84000000, 0x0000776b84000000, 0x0000776b86000000|  0%| F|  |TAMS 0x0000776b84000000| PB 0x0000776b84000000| Untracked |  0
|  364|0x0000776b86000000, 0x0000776b86000000, 0x0000776b88000000|  0%| F|  |TAMS 0x0000776b86000000| PB 0x0000776b86000000| Untracked |  0
|  365|0x0000776b88000000, 0x0000776b88000000, 0x0000776b8a000000|  0%| F|  |TAMS 0x0000776b88000000| PB 0x0000776b88000000| Untracked |  0
|  366|0x0000776b8a000000, 0x0000776b8a000000, 0x0000776b8c000000|  0%| F|  |TAMS 0x0000776b8a000000| PB 0x0000776b8a000000| Untracked |  0
|  367|0x0000776b8c000000, 0x0000776b8c000000, 0x0000776b8e000000|  0%| F|  |TAMS 0x0000776b8c000000| PB 0x0000776b8c000000| Untracked |  0
|  368|0x0000776b8e000000, 0x0000776b8e000000, 0x0000776b90000000|  0%| F|  |TAMS 0x0000776b8e000000| PB 0x0000776b8e000000| Untracked |  0
|  369|0x0000776b90000000, 0x0000776b90000000, 0x0000776b92000000|  0%| F|  |TAMS 0x0000776b90000000| PB 0x0000776b90000000| Untracked |  0
|  370|0x0000776b92000000, 0x0000776b92000000, 0x0000776b94000000|  0%| F|  |TAMS 0x0000776b92000000| PB 0x0000776b92000000| Untracked |  0
|  371|0x0000776b94000000, 0x0000776b94000000, 0x0000776b96000000|  0%| F|  |TAMS 0x0000776b94000000| PB 0x0000776b94000000| Untracked |  0
|  372|0x0000776b96000000, 0x0000776b96000000, 0x0000776b98000000|  0%| F|  |TAMS 0x0000776b96000000| PB 0x0000776b96000000| Untracked |  0
|  373|0x0000776b98000000, 0x0000776b98000000, 0x0000776b9a000000|  0%| F|  |TAMS 0x0000776b98000000| PB 0x0000776b98000000| Untracked |  0
|  374|0x0000776b9a000000, 0x0000776b9a000000, 0x0000776b9c000000|  0%| F|  |TAMS 0x0000776b9a000000| PB 0x0000776b9a000000| Untracked |  0
|  375|0x0000776b9c000000, 0x0000776b9c000000, 0x0000776b9e000000|  0%| F|  |TAMS 0x0000776b9c000000| PB 0x0000776b9c000000| Untracked |  0
|  376|0x0000776b9e000000, 0x0000776b9e000000, 0x0000776ba0000000|  0%| F|  |TAMS 0x0000776b9e000000| PB 0x0000776b9e000000| Untracked |  0
|  377|0x0000776ba0000000, 0x0000776ba0000000, 0x0000776ba2000000|  0%| F|  |TAMS 0x0000776ba0000000| PB 0x0000776ba0000000| Untracked |  0
|  378|0x0000776ba2000000, 0x0000776ba2000000, 0x0000776ba4000000|  0%| F|  |TAMS 0x0000776ba2000000| PB 0x0000776ba2000000| Untracked |  0
|  379|0x0000776ba4000000, 0x0000776ba4000000, 0x0000776ba6000000|  0%| F|  |TAMS 0x0000776ba4000000| PB 0x0000776ba4000000| Untracked |  0
|  380|0x0000776ba6000000, 0x0000776ba6000000, 0x0000776ba8000000|  0%| F|  |TAMS 0x0000776ba6000000| PB 0x0000776ba6000000| Untracked |  0
|  381|0x0000776ba8000000, 0x0000776ba8000000, 0x0000776baa000000|  0%| F|  |TAMS 0x0000776ba8000000| PB 0x0000776ba8000000| Untracked |  0
|  382|0x0000776baa000000, 0x0000776baa000000, 0x0000776bac000000|  0%| F|  |TAMS 0x0000776baa000000| PB 0x0000776baa000000| Untracked |  0
|  383|0x0000776bac000000, 0x0000776bac000000, 0x0000776bae000000|  0%| F|  |TAMS 0x0000776bac000000| PB 0x0000776bac000000| Untracked |  0
|  384|0x0000776bae000000, 0x0000776bae000000, 0x0000776bb0000000|  0%| F|  |TAMS 0x0000776bae000000| PB 0x0000776bae000000| Untracked |  0
|  385|0x0000776bb0000000, 0x0000776bb0000000, 0x0000776bb2000000|  0%| F|  |TAMS 0x0000776bb0000000| PB 0x0000776bb0000000| Untracked |  0
|  386|0x0000776bb2000000, 0x0000776bb2000000, 0x0000776bb4000000|  0%| F|  |TAMS 0x0000776bb2000000| PB 0x0000776bb2000000| Untracked |  0
|  387|0x0000776bb4000000, 0x0000776bb4000000, 0x0000776bb6000000|  0%| F|  |TAMS 0x0000776bb4000000| PB 0x0000776bb4000000| Untracked |  0
|  388|0x0000776bb6000000, 0x0000776bb6000000, 0x0000776bb8000000|  0%| F|  |TAMS 0x0000776bb6000000| PB 0x0000776bb6000000| Untracked |  0
|  389|0x0000776bb8000000, 0x0000776bb8000000, 0x0000776bba000000|  0%| F|  |TAMS 0x0000776bb8000000| PB 0x0000776bb8000000| Untracked |  0
|  390|0x0000776bba000000, 0x0000776bba000000, 0x0000776bbc000000|  0%| F|  |TAMS 0x0000776bba000000| PB 0x0000776bba000000| Untracked |  0
|  391|0x0000776bbc000000, 0x0000776bbc000000, 0x0000776bbe000000|  0%| F|  |TAMS 0x0000776bbc000000| PB 0x0000776bbc000000| Untracked |  0
|  392|0x0000776bbe000000, 0x0000776bbe000000, 0x0000776bc0000000|  0%| F|  |TAMS 0x0000776bbe000000| PB 0x0000776bbe000000| Untracked |  0
|  393|0x0000776bc0000000, 0x0000776bc0000000, 0x0000776bc2000000|  0%| F|  |TAMS 0x0000776bc0000000| PB 0x0000776bc0000000| Untracked |  0
|  394|0x0000776bc2000000, 0x0000776bc2000000, 0x0000776bc4000000|  0%| F|  |TAMS 0x0000776bc2000000| PB 0x0000776bc2000000| Untracked |  0
|  395|0x0000776bc4000000, 0x0000776bc4000000, 0x0000776bc6000000|  0%| F|  |TAMS 0x0000776bc4000000| PB 0x0000776bc4000000| Untracked |  0
|  396|0x0000776bc6000000, 0x0000776bc6000000, 0x0000776bc8000000|  0%| F|  |TAMS 0x0000776bc6000000| PB 0x0000776bc6000000| Untracked |  0
|  397|0x0000776bc8000000, 0x0000776bc8000000, 0x0000776bca000000|  0%| F|  |TAMS 0x0000776bc8000000| PB 0x0000776bc8000000| Untracked |  0
|  398|0x0000776bca000000, 0x0000776bca000000, 0x0000776bcc000000|  0%| F|  |TAMS 0x0000776bca000000| PB 0x0000776bca000000| Untracked |  0
|  399|0x0000776bcc000000, 0x0000776bcc000000, 0x0000776bce000000|  0%| F|  |TAMS 0x0000776bcc000000| PB 0x0000776bcc000000| Untracked |  0
|  400|0x0000776bce000000, 0x0000776bce000000, 0x0000776bd0000000|  0%| F|  |TAMS 0x0000776bce000000| PB 0x0000776bce000000| Untracked |  0
|  401|0x0000776bd0000000, 0x0000776bd0000000, 0x0000776bd2000000|  0%| F|  |TAMS 0x0000776bd0000000| PB 0x0000776bd0000000| Untracked |  0
|  402|0x0000776bd2000000, 0x0000776bd2000000, 0x0000776bd4000000|  0%| F|  |TAMS 0x0000776bd2000000| PB 0x0000776bd2000000| Untracked |  0
|  403|0x0000776bd4000000, 0x0000776bd4000000, 0x0000776bd6000000|  0%| F|  |TAMS 0x0000776bd4000000| PB 0x0000776bd4000000| Untracked |  0
|  404|0x0000776bd6000000, 0x0000776bd6000000, 0x0000776bd8000000|  0%| F|  |TAMS 0x0000776bd6000000| PB 0x0000776bd6000000| Untracked |  0
|  405|0x0000776bd8000000, 0x0000776bd8000000, 0x0000776bda000000|  0%| F|  |TAMS 0x0000776bd8000000| PB 0x0000776bd8000000| Untracked |  0
|  406|0x0000776bda000000, 0x0000776bda000000, 0x0000776bdc000000|  0%| F|  |TAMS 0x0000776bda000000| PB 0x0000776bda000000| Untracked |  0
|  407|0x0000776bdc000000, 0x0000776bdc000000, 0x0000776bde000000|  0%| F|  |TAMS 0x0000776bdc000000| PB 0x0000776bdc000000| Untracked |  0
|  408|0x0000776bde000000, 0x0000776bde000000, 0x0000776be0000000|  0%| F|  |TAMS 0x0000776bde000000| PB 0x0000776bde000000| Untracked |  0
|  409|0x0000776be0000000, 0x0000776be0000000, 0x0000776be2000000|  0%| F|  |TAMS 0x0000776be0000000| PB 0x0000776be0000000| Untracked |  0
|  410|0x0000776be2000000, 0x0000776be2000000, 0x0000776be4000000|  0%| F|  |TAMS 0x0000776be2000000| PB 0x0000776be2000000| Untracked |  0
|  411|0x0000776be4000000, 0x0000776be4000000, 0x0000776be6000000|  0%| F|  |TAMS 0x0000776be4000000| PB 0x0000776be4000000| Untracked |  0
|  412|0x0000776be6000000, 0x0000776be6000000, 0x0000776be8000000|  0%| F|  |TAMS 0x0000776be6000000| PB 0x0000776be6000000| Untracked |  0
|  413|0x0000776be8000000, 0x0000776be8000000, 0x0000776bea000000|  0%| F|  |TAMS 0x0000776be8000000| PB 0x0000776be8000000| Untracked |  0
|  414|0x0000776bea000000, 0x0000776bea000000, 0x0000776bec000000|  0%| F|  |TAMS 0x0000776bea000000| PB 0x0000776bea000000| Untracked |  0
|  415|0x0000776bec000000, 0x0000776bec000000, 0x0000776bee000000|  0%| F|  |TAMS 0x0000776bec000000| PB 0x0000776bec000000| Untracked |  0
|  416|0x0000776bee000000, 0x0000776bee000000, 0x0000776bf0000000|  0%| F|  |TAMS 0x0000776bee000000| PB 0x0000776bee000000| Untracked |  0
|  417|0x0000776bf0000000, 0x0000776bf0000000, 0x0000776bf2000000|  0%| F|  |TAMS 0x0000776bf0000000| PB 0x0000776bf0000000| Untracked |  0
|  418|0x0000776bf2000000, 0x0000776bf2000000, 0x0000776bf4000000|  0%| F|  |TAMS 0x0000776bf2000000| PB 0x0000776bf2000000| Untracked |  0
|  419|0x0000776bf4000000, 0x0000776bf4000000, 0x0000776bf6000000|  0%| F|  |TAMS 0x0000776bf4000000| PB 0x0000776bf4000000| Untracked |  0
|  420|0x0000776bf6000000, 0x0000776bf6000000, 0x0000776bf8000000|  0%| F|  |TAMS 0x0000776bf6000000| PB 0x0000776bf6000000| Untracked |  0
|  421|0x0000776bf8000000, 0x0000776bf8000000, 0x0000776bfa000000|  0%| F|  |TAMS 0x0000776bf8000000| PB 0x0000776bf8000000| Untracked |  0
|  422|0x0000776bfa000000, 0x0000776bfa000000, 0x0000776bfc000000|  0%| F|  |TAMS 0x0000776bfa000000| PB 0x0000776bfa000000| Untracked |  0
|  423|0x0000776bfc000000, 0x0000776bfc000000, 0x0000776bfe000000|  0%| F|  |TAMS 0x0000776bfc000000| PB 0x0000776bfc000000| Untracked |  0
|  424|0x0000776bfe000000, 0x0000776bfe000000, 0x0000776c00000000|  0%| F|  |TAMS 0x0000776bfe000000| PB 0x0000776bfe000000| Untracked |  0
|  425|0x0000776c00000000, 0x0000776c00000000, 0x0000776c02000000|  0%| F|  |TAMS 0x0000776c00000000| PB 0x0000776c00000000| Untracked |  0
|  426|0x0000776c02000000, 0x0000776c02000000, 0x0000776c04000000|  0%| F|  |TAMS 0x0000776c02000000| PB 0x0000776c02000000| Untracked |  0
|  427|0x0000776c04000000, 0x0000776c04000000, 0x0000776c06000000|  0%| F|  |TAMS 0x0000776c04000000| PB 0x0000776c04000000| Untracked |  0
|  428|0x0000776c06000000, 0x0000776c06000000, 0x0000776c08000000|  0%| F|  |TAMS 0x0000776c06000000| PB 0x0000776c06000000| Untracked |  0
|  429|0x0000776c08000000, 0x0000776c08000000, 0x0000776c0a000000|  0%| F|  |TAMS 0x0000776c08000000| PB 0x0000776c08000000| Untracked |  0
|  430|0x0000776c0a000000, 0x0000776c0a000000, 0x0000776c0c000000|  0%| F|  |TAMS 0x0000776c0a000000| PB 0x0000776c0a000000| Untracked |  0
|  431|0x0000776c0c000000, 0x0000776c0c000000, 0x0000776c0e000000|  0%| F|  |TAMS 0x0000776c0c000000| PB 0x0000776c0c000000| Untracked |  0
|  432|0x0000776c0e000000, 0x0000776c0e000000, 0x0000776c10000000|  0%| F|  |TAMS 0x0000776c0e000000| PB 0x0000776c0e000000| Untracked |  0
|  433|0x0000776c10000000, 0x0000776c10000000, 0x0000776c12000000|  0%| F|  |TAMS 0x0000776c10000000| PB 0x0000776c10000000| Untracked |  0
|  434|0x0000776c12000000, 0x0000776c12000000, 0x0000776c14000000|  0%| F|  |TAMS 0x0000776c12000000| PB 0x0000776c12000000| Untracked |  0
|  435|0x0000776c14000000, 0x0000776c14000000, 0x0000776c16000000|  0%| F|  |TAMS 0x0000776c14000000| PB 0x0000776c14000000| Untracked |  0
|  436|0x0000776c16000000, 0x0000776c16000000, 0x0000776c18000000|  0%| F|  |TAMS 0x0000776c16000000| PB 0x0000776c16000000| Untracked |  0
|  437|0x0000776c18000000, 0x0000776c18000000, 0x0000776c1a000000|  0%| F|  |TAMS 0x0000776c18000000| PB 0x0000776c18000000| Untracked |  0
|  438|0x0000776c1a000000, 0x0000776c1a000000, 0x0000776c1c000000|  0%| F|  |TAMS 0x0000776c1a000000| PB 0x0000776c1a000000| Untracked |  0
|  439|0x0000776c1c000000, 0x0000776c1c000000, 0x0000776c1e000000|  0%| F|  |TAMS 0x0000776c1c000000| PB 0x0000776c1c000000| Untracked |  0
|  440|0x0000776c1e000000, 0x0000776c1e000000, 0x0000776c20000000|  0%| F|  |TAMS 0x0000776c1e000000| PB 0x0000776c1e000000| Untracked |  0
|  441|0x0000776c20000000, 0x0000776c20000000, 0x0000776c22000000|  0%| F|  |TAMS 0x0000776c20000000| PB 0x0000776c20000000| Untracked |  0
|  442|0x0000776c22000000, 0x0000776c22000000, 0x0000776c24000000|  0%| F|  |TAMS 0x0000776c22000000| PB 0x0000776c22000000| Untracked |  0
|  443|0x0000776c24000000, 0x0000776c24000000, 0x0000776c26000000|  0%| F|  |TAMS 0x0000776c24000000| PB 0x0000776c24000000| Untracked |  0
|  444|0x0000776c26000000, 0x0000776c26000000, 0x0000776c28000000|  0%| F|  |TAMS 0x0000776c26000000| PB 0x0000776c26000000| Untracked |  0
|  445|0x0000776c28000000, 0x0000776c28000000, 0x0000776c2a000000|  0%| F|  |TAMS 0x0000776c28000000| PB 0x0000776c28000000| Untracked |  0
|  446|0x0000776c2a000000, 0x0000776c2a000000, 0x0000776c2c000000|  0%| F|  |TAMS 0x0000776c2a000000| PB 0x0000776c2a000000| Untracked |  0
|  447|0x0000776c2c000000, 0x0000776c2c000000, 0x0000776c2e000000|  0%| F|  |TAMS 0x0000776c2c000000| PB 0x0000776c2c000000| Untracked |  0
|  448|0x0000776c2e000000, 0x0000776c2e000000, 0x0000776c30000000|  0%| F|  |TAMS 0x0000776c2e000000| PB 0x0000776c2e000000| Untracked |  0
|  449|0x0000776c30000000, 0x0000776c30000000, 0x0000776c32000000|  0%| F|  |TAMS 0x0000776c30000000| PB 0x0000776c30000000| Untracked |  0
|  450|0x0000776c32000000, 0x0000776c32000000, 0x0000776c34000000|  0%| F|  |TAMS 0x0000776c32000000| PB 0x0000776c32000000| Untracked |  0
|  451|0x0000776c34000000, 0x0000776c34000000, 0x0000776c36000000|  0%| F|  |TAMS 0x0000776c34000000| PB 0x0000776c34000000| Untracked |  0
|  452|0x0000776c36000000, 0x0000776c36000000, 0x0000776c38000000|  0%| F|  |TAMS 0x0000776c36000000| PB 0x0000776c36000000| Untracked |  0
|  453|0x0000776c38000000, 0x0000776c38000000, 0x0000776c3a000000|  0%| F|  |TAMS 0x0000776c38000000| PB 0x0000776c38000000| Untracked |  0
|  454|0x0000776c3a000000, 0x0000776c3a000000, 0x0000776c3c000000|  0%| F|  |TAMS 0x0000776c3a000000| PB 0x0000776c3a000000| Untracked |  0
|  455|0x0000776c3c000000, 0x0000776c3c000000, 0x0000776c3e000000|  0%| F|  |TAMS 0x0000776c3c000000| PB 0x0000776c3c000000| Untracked |  0
|  456|0x0000776c3e000000, 0x0000776c3e000000, 0x0000776c40000000|  0%| F|  |TAMS 0x0000776c3e000000| PB 0x0000776c3e000000| Untracked |  0
|  457|0x0000776c40000000, 0x0000776c40000000, 0x0000776c42000000|  0%| F|  |TAMS 0x0000776c40000000| PB 0x0000776c40000000| Untracked |  0
|  458|0x0000776c42000000, 0x0000776c42000000, 0x0000776c44000000|  0%| F|  |TAMS 0x0000776c42000000| PB 0x0000776c42000000| Untracked |  0
|  459|0x0000776c44000000, 0x0000776c44000000, 0x0000776c46000000|  0%| F|  |TAMS 0x0000776c44000000| PB 0x0000776c44000000| Untracked |  0
|  460|0x0000776c46000000, 0x0000776c46000000, 0x0000776c48000000|  0%| F|  |TAMS 0x0000776c46000000| PB 0x0000776c46000000| Untracked |  0
|  461|0x0000776c48000000, 0x0000776c48000000, 0x0000776c4a000000|  0%| F|  |TAMS 0x0000776c48000000| PB 0x0000776c48000000| Untracked |  0
|  462|0x0000776c4a000000, 0x0000776c4a000000, 0x0000776c4c000000|  0%| F|  |TAMS 0x0000776c4a000000| PB 0x0000776c4a000000| Untracked |  0
|  463|0x0000776c4c000000, 0x0000776c4c000000, 0x0000776c4e000000|  0%| F|  |TAMS 0x0000776c4c000000| PB 0x0000776c4c000000| Untracked |  0
|  464|0x0000776c4e000000, 0x0000776c4e000000, 0x0000776c50000000|  0%| F|  |TAMS 0x0000776c4e000000| PB 0x0000776c4e000000| Untracked |  0
|  465|0x0000776c50000000, 0x0000776c50000000, 0x0000776c52000000|  0%| F|  |TAMS 0x0000776c50000000| PB 0x0000776c50000000| Untracked |  0
|  466|0x0000776c52000000, 0x0000776c52000000, 0x0000776c54000000|  0%| F|  |TAMS 0x0000776c52000000| PB 0x0000776c52000000| Untracked |  0
|  467|0x0000776c54000000, 0x0000776c54000000, 0x0000776c56000000|  0%| F|  |TAMS 0x0000776c54000000| PB 0x0000776c54000000| Untracked |  0
|  468|0x0000776c56000000, 0x0000776c56000000, 0x0000776c58000000|  0%| F|  |TAMS 0x0000776c56000000| PB 0x0000776c56000000| Untracked |  0
|  469|0x0000776c58000000, 0x0000776c58000000, 0x0000776c5a000000|  0%| F|  |TAMS 0x0000776c58000000| PB 0x0000776c58000000| Untracked |  0
|  470|0x0000776c5a000000, 0x0000776c5a000000, 0x0000776c5c000000|  0%| F|  |TAMS 0x0000776c5a000000| PB 0x0000776c5a000000| Untracked |  0
|  471|0x0000776c5c000000, 0x0000776c5c000000, 0x0000776c5e000000|  0%| F|  |TAMS 0x0000776c5c000000| PB 0x0000776c5c000000| Untracked |  0
|  472|0x0000776c5e000000, 0x0000776c5e000000, 0x0000776c60000000|  0%| F|  |TAMS 0x0000776c5e000000| PB 0x0000776c5e000000| Untracked |  0
|  473|0x0000776c60000000, 0x0000776c60000000, 0x0000776c62000000|  0%| F|  |TAMS 0x0000776c60000000| PB 0x0000776c60000000| Untracked |  0
|  474|0x0000776c62000000, 0x0000776c62000000, 0x0000776c64000000|  0%| F|  |TAMS 0x0000776c62000000| PB 0x0000776c62000000| Untracked |  0
|  475|0x0000776c64000000, 0x0000776c64000000, 0x0000776c66000000|  0%| F|  |TAMS 0x0000776c64000000| PB 0x0000776c64000000| Untracked |  0
|  476|0x0000776c66000000, 0x0000776c66000000, 0x0000776c68000000|  0%| F|  |TAMS 0x0000776c66000000| PB 0x0000776c66000000| Untracked |  0
|  477|0x0000776c68000000, 0x0000776c68000000, 0x0000776c6a000000|  0%| F|  |TAMS 0x0000776c68000000| PB 0x0000776c68000000| Untracked |  0
|  478|0x0000776c6a000000, 0x0000776c6a000000, 0x0000776c6c000000|  0%| F|  |TAMS 0x0000776c6a000000| PB 0x0000776c6a000000| Untracked |  0
|  479|0x0000776c6c000000, 0x0000776c6c000000, 0x0000776c6e000000|  0%| F|  |TAMS 0x0000776c6c000000| PB 0x0000776c6c000000| Untracked |  0
|  480|0x0000776c6e000000, 0x0000776c6e000000, 0x0000776c70000000|  0%| F|  |TAMS 0x0000776c6e000000| PB 0x0000776c6e000000| Untracked |  0
|  481|0x0000776c70000000, 0x0000776c70000000, 0x0000776c72000000|  0%| F|  |TAMS 0x0000776c70000000| PB 0x0000776c70000000| Untracked |  0
|  482|0x0000776c72000000, 0x0000776c72000000, 0x0000776c74000000|  0%| F|  |TAMS 0x0000776c72000000| PB 0x0000776c72000000| Untracked |  0
|  483|0x0000776c74000000, 0x0000776c74000000, 0x0000776c76000000|  0%| F|  |TAMS 0x0000776c74000000| PB 0x0000776c74000000| Untracked |  0
|  484|0x0000776c76000000, 0x0000776c76000000, 0x0000776c78000000|  0%| F|  |TAMS 0x0000776c76000000| PB 0x0000776c76000000| Untracked |  0
|  485|0x0000776c78000000, 0x0000776c78000000, 0x0000776c7a000000|  0%| F|  |TAMS 0x0000776c78000000| PB 0x0000776c78000000| Untracked |  0
|  486|0x0000776c7a000000, 0x0000776c7a000000, 0x0000776c7c000000|  0%| F|  |TAMS 0x0000776c7a000000| PB 0x0000776c7a000000| Untracked |  0
|  487|0x0000776c7c000000, 0x0000776c7c000000, 0x0000776c7e000000|  0%| F|  |TAMS 0x0000776c7c000000| PB 0x0000776c7c000000| Untracked |  0
|  488|0x0000776c7e000000, 0x0000776c7e000000, 0x0000776c80000000|  0%| F|  |TAMS 0x0000776c7e000000| PB 0x0000776c7e000000| Untracked |  0
|  489|0x0000776c80000000, 0x0000776c80000000, 0x0000776c82000000|  0%| F|  |TAMS 0x0000776c80000000| PB 0x0000776c80000000| Untracked |  0
|  490|0x0000776c82000000, 0x0000776c82000000, 0x0000776c84000000|  0%| F|  |TAMS 0x0000776c82000000| PB 0x0000776c82000000| Untracked |  0
|  491|0x0000776c84000000, 0x0000776c84000000, 0x0000776c86000000|  0%| F|  |TAMS 0x0000776c84000000| PB 0x0000776c84000000| Untracked |  0
|  492|0x0000776c86000000, 0x0000776c86000000, 0x0000776c88000000|  0%| F|  |TAMS 0x0000776c86000000| PB 0x0000776c86000000| Untracked |  0
|  493|0x0000776c88000000, 0x0000776c88000000, 0x0000776c8a000000|  0%| F|  |TAMS 0x0000776c88000000| PB 0x0000776c88000000| Untracked |  0
|  494|0x0000776c8a000000, 0x0000776c8a000000, 0x0000776c8c000000|  0%| F|  |TAMS 0x0000776c8a000000| PB 0x0000776c8a000000| Untracked |  0
|  495|0x0000776c8c000000, 0x0000776c8c000000, 0x0000776c8e000000|  0%| F|  |TAMS 0x0000776c8c000000| PB 0x0000776c8c000000| Untracked |  0
|  496|0x0000776c8e000000, 0x0000776c8e000000, 0x0000776c90000000|  0%| F|  |TAMS 0x0000776c8e000000| PB 0x0000776c8e000000| Untracked |  0
|  497|0x0000776c90000000, 0x0000776c90000000, 0x0000776c92000000|  0%| F|  |TAMS 0x0000776c90000000| PB 0x0000776c90000000| Untracked |  0
|  498|0x0000776c92000000, 0x0000776c92000000, 0x0000776c94000000|  0%| F|  |TAMS 0x0000776c92000000| PB 0x0000776c92000000| Untracked |  0
|  499|0x0000776c94000000, 0x0000776c94000000, 0x0000776c96000000|  0%| F|  |TAMS 0x0000776c94000000| PB 0x0000776c94000000| Untracked |  0
|  500|0x0000776c96000000, 0x0000776c96000000, 0x0000776c98000000|  0%| F|  |TAMS 0x0000776c96000000| PB 0x0000776c96000000| Untracked |  0
|  501|0x0000776c98000000, 0x0000776c98000000, 0x0000776c9a000000|  0%| F|  |TAMS 0x0000776c98000000| PB 0x0000776c98000000| Untracked |  0
|  502|0x0000776c9a000000, 0x0000776c9a000000, 0x0000776c9c000000|  0%| F|  |TAMS 0x0000776c9a000000| PB 0x0000776c9a000000| Untracked |  0
|  503|0x0000776c9c000000, 0x0000776c9c000000, 0x0000776c9e000000|  0%| F|  |TAMS 0x0000776c9c000000| PB 0x0000776c9c000000| Untracked |  0
|  504|0x0000776c9e000000, 0x0000776c9e000000, 0x0000776ca0000000|  0%| F|  |TAMS 0x0000776c9e000000| PB 0x0000776c9e000000| Untracked |  0
|  505|0x0000776ca0000000, 0x0000776ca0000000, 0x0000776ca2000000|  0%| F|  |TAMS 0x0000776ca0000000| PB 0x0000776ca0000000| Untracked |  0
|  506|0x0000776ca2000000, 0x0000776ca2000000, 0x0000776ca4000000|  0%| F|  |TAMS 0x0000776ca2000000| PB 0x0000776ca2000000| Untracked |  0
|  507|0x0000776ca4000000, 0x0000776ca4000000, 0x0000776ca6000000|  0%| F|  |TAMS 0x0000776ca4000000| PB 0x0000776ca4000000| Untracked |  0
|  508|0x0000776ca6000000, 0x0000776ca6000000, 0x0000776ca8000000|  0%| F|  |TAMS 0x0000776ca6000000| PB 0x0000776ca6000000| Untracked |  0
|  509|0x0000776ca8000000, 0x0000776ca8000000, 0x0000776caa000000|  0%| F|  |TAMS 0x0000776ca8000000| PB 0x0000776ca8000000| Untracked |  0
|  510|0x0000776caa000000, 0x0000776caa000000, 0x0000776cac000000|  0%| F|  |TAMS 0x0000776caa000000| PB 0x0000776caa000000| Untracked |  0
|  511|0x0000776cac000000, 0x0000776cac000000, 0x0000776cae000000|  0%| F|  |TAMS 0x0000776cac000000| PB 0x0000776cac000000| Untracked |  0
|  512|0x0000776cae000000, 0x0000776cae000000, 0x0000776cb0000000|  0%| F|  |TAMS 0x0000776cae000000| PB 0x0000776cae000000| Untracked |  0
|  513|0x0000776cb0000000, 0x0000776cb0000000, 0x0000776cb2000000|  0%| F|  |TAMS 0x0000776cb0000000| PB 0x0000776cb0000000| Untracked |  0
|  514|0x0000776cb2000000, 0x0000776cb2000000, 0x0000776cb4000000|  0%| F|  |TAMS 0x0000776cb2000000| PB 0x0000776cb2000000| Untracked |  0
|  515|0x0000776cb4000000, 0x0000776cb4000000, 0x0000776cb6000000|  0%| F|  |TAMS 0x0000776cb4000000| PB 0x0000776cb4000000| Untracked |  0
|  516|0x0000776cb6000000, 0x0000776cb6000000, 0x0000776cb8000000|  0%| F|  |TAMS 0x0000776cb6000000| PB 0x0000776cb6000000| Untracked |  0
|  517|0x0000776cb8000000, 0x0000776cb8000000, 0x0000776cba000000|  0%| F|  |TAMS 0x0000776cb8000000| PB 0x0000776cb8000000| Untracked |  0
|  518|0x0000776cba000000, 0x0000776cba000000, 0x0000776cbc000000|  0%| F|  |TAMS 0x0000776cba000000| PB 0x0000776cba000000| Untracked |  0
|  519|0x0000776cbc000000, 0x0000776cbc000000, 0x0000776cbe000000|  0%| F|  |TAMS 0x0000776cbc000000| PB 0x0000776cbc000000| Untracked |  0
|  520|0x0000776cbe000000, 0x0000776cbe000000, 0x0000776cc0000000|  0%| F|  |TAMS 0x0000776cbe000000| PB 0x0000776cbe000000| Untracked |  0
|  521|0x0000776cc0000000, 0x0000776cc0000000, 0x0000776cc2000000|  0%| F|  |TAMS 0x0000776cc0000000| PB 0x0000776cc0000000| Untracked |  0
|  522|0x0000776cc2000000, 0x0000776cc2000000, 0x0000776cc4000000|  0%| F|  |TAMS 0x0000776cc2000000| PB 0x0000776cc2000000| Untracked |  0
|  523|0x0000776cc4000000, 0x0000776cc4000000, 0x0000776cc6000000|  0%| F|  |TAMS 0x0000776cc4000000| PB 0x0000776cc4000000| Untracked |  0
|  524|0x0000776cc6000000, 0x0000776cc6000000, 0x0000776cc8000000|  0%| F|  |TAMS 0x0000776cc6000000| PB 0x0000776cc6000000| Untracked |  0
|  525|0x0000776cc8000000, 0x0000776cc8000000, 0x0000776cca000000|  0%| F|  |TAMS 0x0000776cc8000000| PB 0x0000776cc8000000| Untracked |  0
|  526|0x0000776cca000000, 0x0000776cca000000, 0x0000776ccc000000|  0%| F|  |TAMS 0x0000776cca000000| PB 0x0000776cca000000| Untracked |  0
|  527|0x0000776ccc000000, 0x0000776ccc000000, 0x0000776cce000000|  0%| F|  |TAMS 0x0000776ccc000000| PB 0x0000776ccc000000| Untracked |  0
|  528|0x0000776cce000000, 0x0000776cce000000, 0x0000776cd0000000|  0%| F|  |TAMS 0x0000776cce000000| PB 0x0000776cce000000| Untracked |  0
|  529|0x0000776cd0000000, 0x0000776cd0000000, 0x0000776cd2000000|  0%| F|  |TAMS 0x0000776cd0000000| PB 0x0000776cd0000000| Untracked |  0
|  530|0x0000776cd2000000, 0x0000776cd2000000, 0x0000776cd4000000|  0%| F|  |TAMS 0x0000776cd2000000| PB 0x0000776cd2000000| Untracked |  0
|  531|0x0000776cd4000000, 0x0000776cd4000000, 0x0000776cd6000000|  0%| F|  |TAMS 0x0000776cd4000000| PB 0x0000776cd4000000| Untracked |  0
|  532|0x0000776cd6000000, 0x0000776cd6000000, 0x0000776cd8000000|  0%| F|  |TAMS 0x0000776cd6000000| PB 0x0000776cd6000000| Untracked |  0
|  533|0x0000776cd8000000, 0x0000776cd8000000, 0x0000776cda000000|  0%| F|  |TAMS 0x0000776cd8000000| PB 0x0000776cd8000000| Untracked |  0
|  534|0x0000776cda000000, 0x0000776cda000000, 0x0000776cdc000000|  0%| F|  |TAMS 0x0000776cda000000| PB 0x0000776cda000000| Untracked |  0
|  535|0x0000776cdc000000, 0x0000776cdc000000, 0x0000776cde000000|  0%| F|  |TAMS 0x0000776cdc000000| PB 0x0000776cdc000000| Untracked |  0
|  536|0x0000776cde000000, 0x0000776cde000000, 0x0000776ce0000000|  0%| F|  |TAMS 0x0000776cde000000| PB 0x0000776cde000000| Untracked |  0
|  537|0x0000776ce0000000, 0x0000776ce0000000, 0x0000776ce2000000|  0%| F|  |TAMS 0x0000776ce0000000| PB 0x0000776ce0000000| Untracked |  0
|  538|0x0000776ce2000000, 0x0000776ce2000000, 0x0000776ce4000000|  0%| F|  |TAMS 0x0000776ce2000000| PB 0x0000776ce2000000| Untracked |  0
|  539|0x0000776ce4000000, 0x0000776ce4000000, 0x0000776ce6000000|  0%| F|  |TAMS 0x0000776ce4000000| PB 0x0000776ce4000000| Untracked |  0
|  540|0x0000776ce6000000, 0x0000776ce6000000, 0x0000776ce8000000|  0%| F|  |TAMS 0x0000776ce6000000| PB 0x0000776ce6000000| Untracked |  0
|  541|0x0000776ce8000000, 0x0000776ce8000000, 0x0000776cea000000|  0%| F|  |TAMS 0x0000776ce8000000| PB 0x0000776ce8000000| Untracked |  0
|  542|0x0000776cea000000, 0x0000776cea000000, 0x0000776cec000000|  0%| F|  |TAMS 0x0000776cea000000| PB 0x0000776cea000000| Untracked |  0
|  543|0x0000776cec000000, 0x0000776cec000000, 0x0000776cee000000|  0%| F|  |TAMS 0x0000776cec000000| PB 0x0000776cec000000| Untracked |  0
|  544|0x0000776cee000000, 0x0000776cee000000, 0x0000776cf0000000|  0%| F|  |TAMS 0x0000776cee000000| PB 0x0000776cee000000| Untracked |  0
|  545|0x0000776cf0000000, 0x0000776cf0000000, 0x0000776cf2000000|  0%| F|  |TAMS 0x0000776cf0000000| PB 0x0000776cf0000000| Untracked |  0
|  546|0x0000776cf2000000, 0x0000776cf2000000, 0x0000776cf4000000|  0%| F|  |TAMS 0x0000776cf2000000| PB 0x0000776cf2000000| Untracked |  0
|  547|0x0000776cf4000000, 0x0000776cf4000000, 0x0000776cf6000000|  0%| F|  |TAMS 0x0000776cf4000000| PB 0x0000776cf4000000| Untracked |  0
|  548|0x0000776cf6000000, 0x0000776cf6000000, 0x0000776cf8000000|  0%| F|  |TAMS 0x0000776cf6000000| PB 0x0000776cf6000000| Untracked |  0
|  549|0x0000776cf8000000, 0x0000776cf8000000, 0x0000776cfa000000|  0%| F|  |TAMS 0x0000776cf8000000| PB 0x0000776cf8000000| Untracked |  0
|  550|0x0000776cfa000000, 0x0000776cfa000000, 0x0000776cfc000000|  0%| F|  |TAMS 0x0000776cfa000000| PB 0x0000776cfa000000| Untracked |  0
|  551|0x0000776cfc000000, 0x0000776cfc000000, 0x0000776cfe000000|  0%| F|  |TAMS 0x0000776cfc000000| PB 0x0000776cfc000000| Untracked |  0
|  552|0x0000776cfe000000, 0x0000776cfe000000, 0x0000776d00000000|  0%| F|  |TAMS 0x0000776cfe000000| PB 0x0000776cfe000000| Untracked |  0
|  553|0x0000776d00000000, 0x0000776d00000000, 0x0000776d02000000|  0%| F|  |TAMS 0x0000776d00000000| PB 0x0000776d00000000| Untracked |  0
|  554|0x0000776d02000000, 0x0000776d02000000, 0x0000776d04000000|  0%| F|  |TAMS 0x0000776d02000000| PB 0x0000776d02000000| Untracked |  0
|  555|0x0000776d04000000, 0x0000776d04000000, 0x0000776d06000000|  0%| F|  |TAMS 0x0000776d04000000| PB 0x0000776d04000000| Untracked |  0
|  556|0x0000776d06000000, 0x0000776d06000000, 0x0000776d08000000|  0%| F|  |TAMS 0x0000776d06000000| PB 0x0000776d06000000| Untracked |  0
|  557|0x0000776d08000000, 0x0000776d08000000, 0x0000776d0a000000|  0%| F|  |TAMS 0x0000776d08000000| PB 0x0000776d08000000| Untracked |  0
|  558|0x0000776d0a000000, 0x0000776d0a000000, 0x0000776d0c000000|  0%| F|  |TAMS 0x0000776d0a000000| PB 0x0000776d0a000000| Untracked |  0
|  559|0x0000776d0c000000, 0x0000776d0c000000, 0x0000776d0e000000|  0%| F|  |TAMS 0x0000776d0c000000| PB 0x0000776d0c000000| Untracked |  0
|  560|0x0000776d0e000000, 0x0000776d0e000000, 0x0000776d10000000|  0%| F|  |TAMS 0x0000776d0e000000| PB 0x0000776d0e000000| Untracked |  0
|  561|0x0000776d10000000, 0x0000776d10000000, 0x0000776d12000000|  0%| F|  |TAMS 0x0000776d10000000| PB 0x0000776d10000000| Untracked |  0
|  562|0x0000776d12000000, 0x0000776d12000000, 0x0000776d14000000|  0%| F|  |TAMS 0x0000776d12000000| PB 0x0000776d12000000| Untracked |  0
|  563|0x0000776d14000000, 0x0000776d14000000, 0x0000776d16000000|  0%| F|  |TAMS 0x0000776d14000000| PB 0x0000776d14000000| Untracked |  0
|  564|0x0000776d16000000, 0x0000776d16000000, 0x0000776d18000000|  0%| F|  |TAMS 0x0000776d16000000| PB 0x0000776d16000000| Untracked |  0
|  565|0x0000776d18000000, 0x0000776d18000000, 0x0000776d1a000000|  0%| F|  |TAMS 0x0000776d18000000| PB 0x0000776d18000000| Untracked |  0
|  566|0x0000776d1a000000, 0x0000776d1a000000, 0x0000776d1c000000|  0%| F|  |TAMS 0x0000776d1a000000| PB 0x0000776d1a000000| Untracked |  0
|  567|0x0000776d1c000000, 0x0000776d1c000000, 0x0000776d1e000000|  0%| F|  |TAMS 0x0000776d1c000000| PB 0x0000776d1c000000| Untracked |  0
|  568|0x0000776d1e000000, 0x0000776d1e000000, 0x0000776d20000000|  0%| F|  |TAMS 0x0000776d1e000000| PB 0x0000776d1e000000| Untracked |  0
|  569|0x0000776d20000000, 0x0000776d20000000, 0x0000776d22000000|  0%| F|  |TAMS 0x0000776d20000000| PB 0x0000776d20000000| Untracked |  0
|  570|0x0000776d22000000, 0x0000776d22000000, 0x0000776d24000000|  0%| F|  |TAMS 0x0000776d22000000| PB 0x0000776d22000000| Untracked |  0
|  571|0x0000776d24000000, 0x0000776d24000000, 0x0000776d26000000|  0%| F|  |TAMS 0x0000776d24000000| PB 0x0000776d24000000| Untracked |  0
|  572|0x0000776d26000000, 0x0000776d26000000, 0x0000776d28000000|  0%| F|  |TAMS 0x0000776d26000000| PB 0x0000776d26000000| Untracked |  0
|  573|0x0000776d28000000, 0x0000776d28000000, 0x0000776d2a000000|  0%| F|  |TAMS 0x0000776d28000000| PB 0x0000776d28000000| Untracked |  0
|  574|0x0000776d2a000000, 0x0000776d2a000000, 0x0000776d2c000000|  0%| F|  |TAMS 0x0000776d2a000000| PB 0x0000776d2a000000| Untracked |  0
|  575|0x0000776d2c000000, 0x0000776d2c000000, 0x0000776d2e000000|  0%| F|  |TAMS 0x0000776d2c000000| PB 0x0000776d2c000000| Untracked |  0
|  576|0x0000776d2e000000, 0x0000776d2e000000, 0x0000776d30000000|  0%| F|  |TAMS 0x0000776d2e000000| PB 0x0000776d2e000000| Untracked |  0
|  577|0x0000776d30000000, 0x0000776d30000000, 0x0000776d32000000|  0%| F|  |TAMS 0x0000776d30000000| PB 0x0000776d30000000| Untracked |  0
|  578|0x0000776d32000000, 0x0000776d32000000, 0x0000776d34000000|  0%| F|  |TAMS 0x0000776d32000000| PB 0x0000776d32000000| Untracked |  0
|  579|0x0000776d34000000, 0x0000776d34000000, 0x0000776d36000000|  0%| F|  |TAMS 0x0000776d34000000| PB 0x0000776d34000000| Untracked |  0
|  580|0x0000776d36000000, 0x0000776d36000000, 0x0000776d38000000|  0%| F|  |TAMS 0x0000776d36000000| PB 0x0000776d36000000| Untracked |  0
|  581|0x0000776d38000000, 0x0000776d38000000, 0x0000776d3a000000|  0%| F|  |TAMS 0x0000776d38000000| PB 0x0000776d38000000| Untracked |  0
|  582|0x0000776d3a000000, 0x0000776d3a000000, 0x0000776d3c000000|  0%| F|  |TAMS 0x0000776d3a000000| PB 0x0000776d3a000000| Untracked |  0
|  583|0x0000776d3c000000, 0x0000776d3c000000, 0x0000776d3e000000|  0%| F|  |TAMS 0x0000776d3c000000| PB 0x0000776d3c000000| Untracked |  0
|  584|0x0000776d3e000000, 0x0000776d3e000000, 0x0000776d40000000|  0%| F|  |TAMS 0x0000776d3e000000| PB 0x0000776d3e000000| Untracked |  0
|  585|0x0000776d40000000, 0x0000776d40000000, 0x0000776d42000000|  0%| F|  |TAMS 0x0000776d40000000| PB 0x0000776d40000000| Untracked |  0
|  586|0x0000776d42000000, 0x0000776d42000000, 0x0000776d44000000|  0%| F|  |TAMS 0x0000776d42000000| PB 0x0000776d42000000| Untracked |  0
|  587|0x0000776d44000000, 0x0000776d44000000, 0x0000776d46000000|  0%| F|  |TAMS 0x0000776d44000000| PB 0x0000776d44000000| Untracked |  0
|  588|0x0000776d46000000, 0x0000776d46000000, 0x0000776d48000000|  0%| F|  |TAMS 0x0000776d46000000| PB 0x0000776d46000000| Untracked |  0
|  589|0x0000776d48000000, 0x0000776d48000000, 0x0000776d4a000000|  0%| F|  |TAMS 0x0000776d48000000| PB 0x0000776d48000000| Untracked |  0
|  590|0x0000776d4a000000, 0x0000776d4a000000, 0x0000776d4c000000|  0%| F|  |TAMS 0x0000776d4a000000| PB 0x0000776d4a000000| Untracked |  0
|  591|0x0000776d4c000000, 0x0000776d4c000000, 0x0000776d4e000000|  0%| F|  |TAMS 0x0000776d4c000000| PB 0x0000776d4c000000| Untracked |  0
|  592|0x0000776d4e000000, 0x0000776d4e000000, 0x0000776d50000000|  0%| F|  |TAMS 0x0000776d4e000000| PB 0x0000776d4e000000| Untracked |  0
|  593|0x0000776d50000000, 0x0000776d50000000, 0x0000776d52000000|  0%| F|  |TAMS 0x0000776d50000000| PB 0x0000776d50000000| Untracked |  0
|  594|0x0000776d52000000, 0x0000776d52000000, 0x0000776d54000000|  0%| F|  |TAMS 0x0000776d52000000| PB 0x0000776d52000000| Untracked |  0
|  595|0x0000776d54000000, 0x0000776d54000000, 0x0000776d56000000|  0%| F|  |TAMS 0x0000776d54000000| PB 0x0000776d54000000| Untracked |  0
|  596|0x0000776d56000000, 0x0000776d56000000, 0x0000776d58000000|  0%| F|  |TAMS 0x0000776d56000000| PB 0x0000776d56000000| Untracked |  0
|  597|0x0000776d58000000, 0x0000776d58000000, 0x0000776d5a000000|  0%| F|  |TAMS 0x0000776d58000000| PB 0x0000776d58000000| Untracked |  0
|  598|0x0000776d5a000000, 0x0000776d5a000000, 0x0000776d5c000000|  0%| F|  |TAMS 0x0000776d5a000000| PB 0x0000776d5a000000| Untracked |  0
|  599|0x0000776d5c000000, 0x0000776d5c000000, 0x0000776d5e000000|  0%| F|  |TAMS 0x0000776d5c000000| PB 0x0000776d5c000000| Untracked |  0
|  600|0x0000776d5e000000, 0x0000776d5e000000, 0x0000776d60000000|  0%| F|  |TAMS 0x0000776d5e000000| PB 0x0000776d5e000000| Untracked |  0
|  601|0x0000776d60000000, 0x0000776d60000000, 0x0000776d62000000|  0%| F|  |TAMS 0x0000776d60000000| PB 0x0000776d60000000| Untracked |  0
|  602|0x0000776d62000000, 0x0000776d62000000, 0x0000776d64000000|  0%| F|  |TAMS 0x0000776d62000000| PB 0x0000776d62000000| Untracked |  0
|  603|0x0000776d64000000, 0x0000776d64000000, 0x0000776d66000000|  0%| F|  |TAMS 0x0000776d64000000| PB 0x0000776d64000000| Untracked |  0
|  604|0x0000776d66000000, 0x0000776d66000000, 0x0000776d68000000|  0%| F|  |TAMS 0x0000776d66000000| PB 0x0000776d66000000| Untracked |  0
|  605|0x0000776d68000000, 0x0000776d68000000, 0x0000776d6a000000|  0%| F|  |TAMS 0x0000776d68000000| PB 0x0000776d68000000| Untracked |  0
|  606|0x0000776d6a000000, 0x0000776d6a000000, 0x0000776d6c000000|  0%| F|  |TAMS 0x0000776d6a000000| PB 0x0000776d6a000000| Untracked |  0
|  607|0x0000776d6c000000, 0x0000776d6c000000, 0x0000776d6e000000|  0%| F|  |TAMS 0x0000776d6c000000| PB 0x0000776d6c000000| Untracked |  0
|  608|0x0000776d6e000000, 0x0000776d6e000000, 0x0000776d70000000|  0%| F|  |TAMS 0x0000776d6e000000| PB 0x0000776d6e000000| Untracked |  0
|  609|0x0000776d70000000, 0x0000776d70000000, 0x0000776d72000000|  0%| F|  |TAMS 0x0000776d70000000| PB 0x0000776d70000000| Untracked |  0
|  610|0x0000776d72000000, 0x0000776d72000000, 0x0000776d74000000|  0%| F|  |TAMS 0x0000776d72000000| PB 0x0000776d72000000| Untracked |  0
|  611|0x0000776d74000000, 0x0000776d74000000, 0x0000776d76000000|  0%| F|  |TAMS 0x0000776d74000000| PB 0x0000776d74000000| Untracked |  0
|  612|0x0000776d76000000, 0x0000776d76000000, 0x0000776d78000000|  0%| F|  |TAMS 0x0000776d76000000| PB 0x0000776d76000000| Untracked |  0
|  613|0x0000776d78000000, 0x0000776d78000000, 0x0000776d7a000000|  0%| F|  |TAMS 0x0000776d78000000| PB 0x0000776d78000000| Untracked |  0
|  614|0x0000776d7a000000, 0x0000776d7a000000, 0x0000776d7c000000|  0%| F|  |TAMS 0x0000776d7a000000| PB 0x0000776d7a000000| Untracked |  0
|  615|0x0000776d7c000000, 0x0000776d7c000000, 0x0000776d7e000000|  0%| F|  |TAMS 0x0000776d7c000000| PB 0x0000776d7c000000| Untracked |  0
|  616|0x0000776d7e000000, 0x0000776d7e000000, 0x0000776d80000000|  0%| F|  |TAMS 0x0000776d7e000000| PB 0x0000776d7e000000| Untracked |  0
|  617|0x0000776d80000000, 0x0000776d80000000, 0x0000776d82000000|  0%| F|  |TAMS 0x0000776d80000000| PB 0x0000776d80000000| Untracked |  0
|  618|0x0000776d82000000, 0x0000776d82000000, 0x0000776d84000000|  0%| F|  |TAMS 0x0000776d82000000| PB 0x0000776d82000000| Untracked |  0
|  619|0x0000776d84000000, 0x0000776d84000000, 0x0000776d86000000|  0%| F|  |TAMS 0x0000776d84000000| PB 0x0000776d84000000| Untracked |  0
|  620|0x0000776d86000000, 0x0000776d86000000, 0x0000776d88000000|  0%| F|  |TAMS 0x0000776d86000000| PB 0x0000776d86000000| Untracked |  0
|  621|0x0000776d88000000, 0x0000776d88000000, 0x0000776d8a000000|  0%| F|  |TAMS 0x0000776d88000000| PB 0x0000776d88000000| Untracked |  0
|  622|0x0000776d8a000000, 0x0000776d8a000000, 0x0000776d8c000000|  0%| F|  |TAMS 0x0000776d8a000000| PB 0x0000776d8a000000| Untracked |  0
|  623|0x0000776d8c000000, 0x0000776d8c000000, 0x0000776d8e000000|  0%| F|  |TAMS 0x0000776d8c000000| PB 0x0000776d8c000000| Untracked |  0
|  624|0x0000776d8e000000, 0x0000776d8e000000, 0x0000776d90000000|  0%| F|  |TAMS 0x0000776d8e000000| PB 0x0000776d8e000000| Untracked |  0
|  625|0x0000776d90000000, 0x0000776d90000000, 0x0000776d92000000|  0%| F|  |TAMS 0x0000776d90000000| PB 0x0000776d90000000| Untracked |  0
|  626|0x0000776d92000000, 0x0000776d92000000, 0x0000776d94000000|  0%| F|  |TAMS 0x0000776d92000000| PB 0x0000776d92000000| Untracked |  0
|  627|0x0000776d94000000, 0x0000776d94000000, 0x0000776d96000000|  0%| F|  |TAMS 0x0000776d94000000| PB 0x0000776d94000000| Untracked |  0
|  628|0x0000776d96000000, 0x0000776d96000000, 0x0000776d98000000|  0%| F|  |TAMS 0x0000776d96000000| PB 0x0000776d96000000| Untracked |  0
|  629|0x0000776d98000000, 0x0000776d98000000, 0x0000776d9a000000|  0%| F|  |TAMS 0x0000776d98000000| PB 0x0000776d98000000| Untracked |  0
|  630|0x0000776d9a000000, 0x0000776d9a000000, 0x0000776d9c000000|  0%| F|  |TAMS 0x0000776d9a000000| PB 0x0000776d9a000000| Untracked |  0
|  631|0x0000776d9c000000, 0x0000776d9c000000, 0x0000776d9e000000|  0%| F|  |TAMS 0x0000776d9c000000| PB 0x0000776d9c000000| Untracked |  0
|  632|0x0000776d9e000000, 0x0000776d9e000000, 0x0000776da0000000|  0%| F|  |TAMS 0x0000776d9e000000| PB 0x0000776d9e000000| Untracked |  0
|  633|0x0000776da0000000, 0x0000776da0000000, 0x0000776da2000000|  0%| F|  |TAMS 0x0000776da0000000| PB 0x0000776da0000000| Untracked |  0
|  634|0x0000776da2000000, 0x0000776da2000000, 0x0000776da4000000|  0%| F|  |TAMS 0x0000776da2000000| PB 0x0000776da2000000| Untracked |  0
|  635|0x0000776da4000000, 0x0000776da4000000, 0x0000776da6000000|  0%| F|  |TAMS 0x0000776da4000000| PB 0x0000776da4000000| Untracked |  0
|  636|0x0000776da6000000, 0x0000776da6000000, 0x0000776da8000000|  0%| F|  |TAMS 0x0000776da6000000| PB 0x0000776da6000000| Untracked |  0
|  637|0x0000776da8000000, 0x0000776da8000000, 0x0000776daa000000|  0%| F|  |TAMS 0x0000776da8000000| PB 0x0000776da8000000| Untracked |  0
|  638|0x0000776daa000000, 0x0000776daa000000, 0x0000776dac000000|  0%| F|  |TAMS 0x0000776daa000000| PB 0x0000776daa000000| Untracked |  0
|  639|0x0000776dac000000, 0x0000776dac000000, 0x0000776dae000000|  0%| F|  |TAMS 0x0000776dac000000| PB 0x0000776dac000000| Untracked |  0
|  640|0x0000776dae000000, 0x0000776dae000000, 0x0000776db0000000|  0%| F|  |TAMS 0x0000776dae000000| PB 0x0000776dae000000| Untracked |  0
|  641|0x0000776db0000000, 0x0000776db0000000, 0x0000776db2000000|  0%| F|  |TAMS 0x0000776db0000000| PB 0x0000776db0000000| Untracked |  0
|  642|0x0000776db2000000, 0x0000776db2000000, 0x0000776db4000000|  0%| F|  |TAMS 0x0000776db2000000| PB 0x0000776db2000000| Untracked |  0
|  643|0x0000776db4000000, 0x0000776db4000000, 0x0000776db6000000|  0%| F|  |TAMS 0x0000776db4000000| PB 0x0000776db4000000| Untracked |  0
|  644|0x0000776db6000000, 0x0000776db6000000, 0x0000776db8000000|  0%| F|  |TAMS 0x0000776db6000000| PB 0x0000776db6000000| Untracked |  0
|  645|0x0000776db8000000, 0x0000776db8000000, 0x0000776dba000000|  0%| F|  |TAMS 0x0000776db8000000| PB 0x0000776db8000000| Untracked |  0
|  646|0x0000776dba000000, 0x0000776dba000000, 0x0000776dbc000000|  0%| F|  |TAMS 0x0000776dba000000| PB 0x0000776dba000000| Untracked |  0
|  647|0x0000776dbc000000, 0x0000776dbc000000, 0x0000776dbe000000|  0%| F|  |TAMS 0x0000776dbc000000| PB 0x0000776dbc000000| Untracked |  0
|  648|0x0000776dbe000000, 0x0000776dbe000000, 0x0000776dc0000000|  0%| F|  |TAMS 0x0000776dbe000000| PB 0x0000776dbe000000| Untracked |  0
|  649|0x0000776dc0000000, 0x0000776dc0000000, 0x0000776dc2000000|  0%| F|  |TAMS 0x0000776dc0000000| PB 0x0000776dc0000000| Untracked |  0
|  650|0x0000776dc2000000, 0x0000776dc2000000, 0x0000776dc4000000|  0%| F|  |TAMS 0x0000776dc2000000| PB 0x0000776dc2000000| Untracked |  0
|  651|0x0000776dc4000000, 0x0000776dc4000000, 0x0000776dc6000000|  0%| F|  |TAMS 0x0000776dc4000000| PB 0x0000776dc4000000| Untracked |  0
|  652|0x0000776dc6000000, 0x0000776dc6000000, 0x0000776dc8000000|  0%| F|  |TAMS 0x0000776dc6000000| PB 0x0000776dc6000000| Untracked |  0
|  653|0x0000776dc8000000, 0x0000776dc8000000, 0x0000776dca000000|  0%| F|  |TAMS 0x0000776dc8000000| PB 0x0000776dc8000000| Untracked |  0
|  654|0x0000776dca000000, 0x0000776dca000000, 0x0000776dcc000000|  0%| F|  |TAMS 0x0000776dca000000| PB 0x0000776dca000000| Untracked |  0
|  655|0x0000776dcc000000, 0x0000776dcc000000, 0x0000776dce000000|  0%| F|  |TAMS 0x0000776dcc000000| PB 0x0000776dcc000000| Untracked |  0
|  656|0x0000776dce000000, 0x0000776dce000000, 0x0000776dd0000000|  0%| F|  |TAMS 0x0000776dce000000| PB 0x0000776dce000000| Untracked |  0
|  657|0x0000776dd0000000, 0x0000776dd0000000, 0x0000776dd2000000|  0%| F|  |TAMS 0x0000776dd0000000| PB 0x0000776dd0000000| Untracked |  0
|  658|0x0000776dd2000000, 0x0000776dd2000000, 0x0000776dd4000000|  0%| F|  |TAMS 0x0000776dd2000000| PB 0x0000776dd2000000| Untracked |  0
|  659|0x0000776dd4000000, 0x0000776dd4000000, 0x0000776dd6000000|  0%| F|  |TAMS 0x0000776dd4000000| PB 0x0000776dd4000000| Untracked |  0
|  660|0x0000776dd6000000, 0x0000776dd6000000, 0x0000776dd8000000|  0%| F|  |TAMS 0x0000776dd6000000| PB 0x0000776dd6000000| Untracked |  0
|  661|0x0000776dd8000000, 0x0000776dd8000000, 0x0000776dda000000|  0%| F|  |TAMS 0x0000776dd8000000| PB 0x0000776dd8000000| Untracked |  0
|  662|0x0000776dda000000, 0x0000776dda000000, 0x0000776ddc000000|  0%| F|  |TAMS 0x0000776dda000000| PB 0x0000776dda000000| Untracked |  0
|  663|0x0000776ddc000000, 0x0000776ddc000000, 0x0000776dde000000|  0%| F|  |TAMS 0x0000776ddc000000| PB 0x0000776ddc000000| Untracked |  0
|  664|0x0000776dde000000, 0x0000776dde000000, 0x0000776de0000000|  0%| F|  |TAMS 0x0000776dde000000| PB 0x0000776dde000000| Untracked |  0
|  665|0x0000776de0000000, 0x0000776de0000000, 0x0000776de2000000|  0%| F|  |TAMS 0x0000776de0000000| PB 0x0000776de0000000| Untracked |  0
|  666|0x0000776de2000000, 0x0000776de2000000, 0x0000776de4000000|  0%| F|  |TAMS 0x0000776de2000000| PB 0x0000776de2000000| Untracked |  0
|  667|0x0000776de4000000, 0x0000776de4000000, 0x0000776de6000000|  0%| F|  |TAMS 0x0000776de4000000| PB 0x0000776de4000000| Untracked |  0
|  668|0x0000776de6000000, 0x0000776de6000000, 0x0000776de8000000|  0%| F|  |TAMS 0x0000776de6000000| PB 0x0000776de6000000| Untracked |  0
|  669|0x0000776de8000000, 0x0000776de8000000, 0x0000776dea000000|  0%| F|  |TAMS 0x0000776de8000000| PB 0x0000776de8000000| Untracked |  0
|  670|0x0000776dea000000, 0x0000776dea000000, 0x0000776dec000000|  0%| F|  |TAMS 0x0000776dea000000| PB 0x0000776dea000000| Untracked |  0
|  671|0x0000776dec000000, 0x0000776dec000000, 0x0000776dee000000|  0%| F|  |TAMS 0x0000776dec000000| PB 0x0000776dec000000| Untracked |  0
|  672|0x0000776dee000000, 0x0000776dee000000, 0x0000776df0000000|  0%| F|  |TAMS 0x0000776dee000000| PB 0x0000776dee000000| Untracked |  0
|  673|0x0000776df0000000, 0x0000776df0000000, 0x0000776df2000000|  0%| F|  |TAMS 0x0000776df0000000| PB 0x0000776df0000000| Untracked |  0
|  674|0x0000776df2000000, 0x0000776df2000000, 0x0000776df4000000|  0%| F|  |TAMS 0x0000776df2000000| PB 0x0000776df2000000| Untracked |  0
|  675|0x0000776df4000000, 0x0000776df4000000, 0x0000776df6000000|  0%| F|  |TAMS 0x0000776df4000000| PB 0x0000776df4000000| Untracked |  0
|  676|0x0000776df6000000, 0x0000776df6000000, 0x0000776df8000000|  0%| F|  |TAMS 0x0000776df6000000| PB 0x0000776df6000000| Untracked |  0
|  677|0x0000776df8000000, 0x0000776df8000000, 0x0000776dfa000000|  0%| F|  |TAMS 0x0000776df8000000| PB 0x0000776df8000000| Untracked |  0
|  678|0x0000776dfa000000, 0x0000776dfa000000, 0x0000776dfc000000|  0%| F|  |TAMS 0x0000776dfa000000| PB 0x0000776dfa000000| Untracked |  0
|  679|0x0000776dfc000000, 0x0000776dfc000000, 0x0000776dfe000000|  0%| F|  |TAMS 0x0000776dfc000000| PB 0x0000776dfc000000| Untracked |  0
|  680|0x0000776dfe000000, 0x0000776dfe000000, 0x0000776e00000000|  0%| F|  |TAMS 0x0000776dfe000000| PB 0x0000776dfe000000| Untracked |  0
|  681|0x0000776e00000000, 0x0000776e00000000, 0x0000776e02000000|  0%| F|  |TAMS 0x0000776e00000000| PB 0x0000776e00000000| Untracked |  0
|  682|0x0000776e02000000, 0x0000776e02000000, 0x0000776e04000000|  0%| F|  |TAMS 0x0000776e02000000| PB 0x0000776e02000000| Untracked |  0
|  683|0x0000776e04000000, 0x0000776e04000000, 0x0000776e06000000|  0%| F|  |TAMS 0x0000776e04000000| PB 0x0000776e04000000| Untracked |  0
|  684|0x0000776e06000000, 0x0000776e06000000, 0x0000776e08000000|  0%| F|  |TAMS 0x0000776e06000000| PB 0x0000776e06000000| Untracked |  0
|  685|0x0000776e08000000, 0x0000776e08000000, 0x0000776e0a000000|  0%| F|  |TAMS 0x0000776e08000000| PB 0x0000776e08000000| Untracked |  0
|  686|0x0000776e0a000000, 0x0000776e0a000000, 0x0000776e0c000000|  0%| F|  |TAMS 0x0000776e0a000000| PB 0x0000776e0a000000| Untracked |  0
|  687|0x0000776e0c000000, 0x0000776e0c000000, 0x0000776e0e000000|  0%| F|  |TAMS 0x0000776e0c000000| PB 0x0000776e0c000000| Untracked |  0
|  688|0x0000776e0e000000, 0x0000776e10000000, 0x0000776e10000000|100%| S|CS|TAMS 0x0000776e0e000000| PB 0x0000776e0e000000| Complete  |  0
|  689|0x0000776e10000000, 0x0000776e12000000, 0x0000776e12000000|100%| S|CS|TAMS 0x0000776e10000000| PB 0x0000776e10000000| Complete  |  0
|  690|0x0000776e12000000, 0x0000776e14000000, 0x0000776e14000000|100%| S|CS|TAMS 0x0000776e12000000| PB 0x0000776e12000000| Complete  |  0
|  691|0x0000776e14000000, 0x0000776e16000000, 0x0000776e16000000|100%| S|CS|TAMS 0x0000776e14000000| PB 0x0000776e14000000| Complete  |  0
|  692|0x0000776e16000000, 0x0000776e18000000, 0x0000776e18000000|100%| S|CS|TAMS 0x0000776e16000000| PB 0x0000776e16000000| Complete  |  0
|  693|0x0000776e18000000, 0x0000776e18000000, 0x0000776e1a000000|  0%| F|  |TAMS 0x0000776e18000000| PB 0x0000776e18000000| Untracked |  0
|  694|0x0000776e1a000000, 0x0000776e1a000000, 0x0000776e1c000000|  0%| F|  |TAMS 0x0000776e1a000000| PB 0x0000776e1a000000| Untracked |  0
|  695|0x0000776e1c000000, 0x0000776e1c000000, 0x0000776e1e000000|  0%| F|  |TAMS 0x0000776e1c000000| PB 0x0000776e1c000000| Untracked |  0
|  696|0x0000776e1e000000, 0x0000776e1e000000, 0x0000776e20000000|  0%| F|  |TAMS 0x0000776e1e000000| PB 0x0000776e1e000000| Untracked |  0
|  697|0x0000776e20000000, 0x0000776e20000000, 0x0000776e22000000|  0%| F|  |TAMS 0x0000776e20000000| PB 0x0000776e20000000| Untracked |  0
|  698|0x0000776e22000000, 0x0000776e22000000, 0x0000776e24000000|  0%| F|  |TAMS 0x0000776e22000000| PB 0x0000776e22000000| Untracked |  0
|  699|0x0000776e24000000, 0x0000776e24000000, 0x0000776e26000000|  0%| F|  |TAMS 0x0000776e24000000| PB 0x0000776e24000000| Untracked |  0
|  700|0x0000776e26000000, 0x0000776e26000000, 0x0000776e28000000|  0%| F|  |TAMS 0x0000776e26000000| PB 0x0000776e26000000| Untracked |  0
|  701|0x0000776e28000000, 0x0000776e28000000, 0x0000776e2a000000|  0%| F|  |TAMS 0x0000776e28000000| PB 0x0000776e28000000| Untracked |  0
|  702|0x0000776e2a000000, 0x0000776e2a000000, 0x0000776e2c000000|  0%| F|  |TAMS 0x0000776e2a000000| PB 0x0000776e2a000000| Untracked |  0
|  703|0x0000776e2c000000, 0x0000776e2c000000, 0x0000776e2e000000|  0%| F|  |TAMS 0x0000776e2c000000| PB 0x0000776e2c000000| Untracked |  0
|  704|0x0000776e2e000000, 0x0000776e2e000000, 0x0000776e30000000|  0%| F|  |TAMS 0x0000776e2e000000| PB 0x0000776e2e000000| Untracked |  0
|  705|0x0000776e30000000, 0x0000776e30000000, 0x0000776e32000000|  0%| F|  |TAMS 0x0000776e30000000| PB 0x0000776e30000000| Untracked |  0
|  706|0x0000776e32000000, 0x0000776e32000000, 0x0000776e34000000|  0%| F|  |TAMS 0x0000776e32000000| PB 0x0000776e32000000| Untracked |  0
|  707|0x0000776e34000000, 0x0000776e34000000, 0x0000776e36000000|  0%| F|  |TAMS 0x0000776e34000000| PB 0x0000776e34000000| Untracked |  0
|  708|0x0000776e36000000, 0x0000776e36000000, 0x0000776e38000000|  0%| F|  |TAMS 0x0000776e36000000| PB 0x0000776e36000000| Untracked |  0
|  709|0x0000776e38000000, 0x0000776e38000000, 0x0000776e3a000000|  0%| F|  |TAMS 0x0000776e38000000| PB 0x0000776e38000000| Untracked |  0
|  710|0x0000776e3a000000, 0x0000776e3a000000, 0x0000776e3c000000|  0%| F|  |TAMS 0x0000776e3a000000| PB 0x0000776e3a000000| Untracked |  0
|  711|0x0000776e3c000000, 0x0000776e3c000000, 0x0000776e3e000000|  0%| F|  |TAMS 0x0000776e3c000000| PB 0x0000776e3c000000| Untracked |  0
|  712|0x0000776e3e000000, 0x0000776e3e000000, 0x0000776e40000000|  0%| F|  |TAMS 0x0000776e3e000000| PB 0x0000776e3e000000| Untracked |  0
|  713|0x0000776e40000000, 0x0000776e40000000, 0x0000776e42000000|  0%| F|  |TAMS 0x0000776e40000000| PB 0x0000776e40000000| Untracked |  0
|  714|0x0000776e42000000, 0x0000776e42000000, 0x0000776e44000000|  0%| F|  |TAMS 0x0000776e42000000| PB 0x0000776e42000000| Untracked |  0
|  715|0x0000776e44000000, 0x0000776e44000000, 0x0000776e46000000|  0%| F|  |TAMS 0x0000776e44000000| PB 0x0000776e44000000| Untracked |  0
|  716|0x0000776e46000000, 0x0000776e46000000, 0x0000776e48000000|  0%| F|  |TAMS 0x0000776e46000000| PB 0x0000776e46000000| Untracked |  0
|  717|0x0000776e48000000, 0x0000776e48000000, 0x0000776e4a000000|  0%| F|  |TAMS 0x0000776e48000000| PB 0x0000776e48000000| Untracked |  0
|  718|0x0000776e4a000000, 0x0000776e4a000000, 0x0000776e4c000000|  0%| F|  |TAMS 0x0000776e4a000000| PB 0x0000776e4a000000| Untracked |  0
|  719|0x0000776e4c000000, 0x0000776e4c000000, 0x0000776e4e000000|  0%| F|  |TAMS 0x0000776e4c000000| PB 0x0000776e4c000000| Untracked |  0
|  720|0x0000776e4e000000, 0x0000776e4e000000, 0x0000776e50000000|  0%| F|  |TAMS 0x0000776e4e000000| PB 0x0000776e4e000000| Untracked |  0
|  721|0x0000776e50000000, 0x0000776e50000000, 0x0000776e52000000|  0%| F|  |TAMS 0x0000776e50000000| PB 0x0000776e50000000| Untracked |  0
|  722|0x0000776e52000000, 0x0000776e52000000, 0x0000776e54000000|  0%| F|  |TAMS 0x0000776e52000000| PB 0x0000776e52000000| Untracked |  0
|  723|0x0000776e54000000, 0x0000776e54000000, 0x0000776e56000000|  0%| F|  |TAMS 0x0000776e54000000| PB 0x0000776e54000000| Untracked |  0
|  724|0x0000776e56000000, 0x0000776e56000000, 0x0000776e58000000|  0%| F|  |TAMS 0x0000776e56000000| PB 0x0000776e56000000| Untracked |  0
|  725|0x0000776e58000000, 0x0000776e58000000, 0x0000776e5a000000|  0%| F|  |TAMS 0x0000776e58000000| PB 0x0000776e58000000| Untracked |  0
|  726|0x0000776e5a000000, 0x0000776e5a000000, 0x0000776e5c000000|  0%| F|  |TAMS 0x0000776e5a000000| PB 0x0000776e5a000000| Untracked |  0
|  727|0x0000776e5c000000, 0x0000776e5c000000, 0x0000776e5e000000|  0%| F|  |TAMS 0x0000776e5c000000| PB 0x0000776e5c000000| Untracked |  0
|  728|0x0000776e5e000000, 0x0000776e5e000000, 0x0000776e60000000|  0%| F|  |TAMS 0x0000776e5e000000| PB 0x0000776e5e000000| Untracked |  0

Card table byte_map: [0x0000775c9de00000,0x000077609de00000] _byte_map_base: 0x00007720e9890000
Refinement table byte_map: [0x000077609de00000,0x000077649de00000] _byte_map_base: 0x00007724e9890000

Marking Bits: (CMBitMap*) 0x00007f68c8075f00
 Bits: [0x0000773c9de00000, 0x0000775c9de00000)

Polling page: 0x00007f68d08a0000

Metaspace:
Metaspace        used 5284K, committed 5440K, reserved 1114112K
 class space     used 667K, committed 768K, reserved 1048576K

Usage:
  Non-class:      4.51 MB used.
      Class:    667.84 KB used.
       Both:      5.16 MB used.

Virtual space:
  Non-class space:       64.00 MB reserved,       4.56 MB (  7%) committed,  1 nodes.
      Class space:        1.00 GB reserved,     768.00 KB ( <1%) committed,  1 nodes.
             Both:        1.06 GB reserved,       5.31 MB ( <1%) committed. 

Chunk freelists:
   Non-Class:  9.70 MB
       Class:  15.28 MB
        Both:  24.98 MB

MaxMetaspaceSize: unlimited
CompressedClassSpaceSize: 1.00 GB
Initial GC threshold: 21.00 MB
Current GC threshold: 21.00 MB
CDS: on
 - commit_granule_bytes: 65536.
 - commit_granule_words: 8192.
 - virtual_space_node_default_size: 8388608.
 - enlarge_chunks_in_place: 1.
UseCompressedClassPointers 1, UseCompactObjectHeaders 0
Narrow klass pointer bits 32, Max shift 3
Narrow klass base: 0x0000000054000000, Narrow klass shift: 0
Encoding Range: [0x0000000054000000 - 0x0000000154000000), (4294967296 bytes)
Klass Range:    [0x0000000054000000 - 0x0000000095000000), (1090519040 bytes)
Klass ID Range:  [8 - 1090519033) (1090519025)
Protection zone: [0x0000000054000000 - 0x0000000054001000), (4096 bytes)


Internal statistics:

num_allocs_failed_limit: 0.
num_arena_births: 16.
num_arena_deaths: 0.
num_vsnodes_births: 2.
num_vsnodes_deaths: 0.
num_space_committed: 85.
num_space_uncommitted: 0.
num_chunks_returned_to_freelist: 0.
num_chunks_taken_from_freelist: 131.
num_chunk_merges: 0.
num_chunk_splits: 104.
num_chunks_enlarged: 91.
num_inconsistent_stats: 0.

CodeHeap 'non-profiled nmethods': size=120032Kb used=797Kb max_used=797Kb free=119234Kb
 bounds [0x00007f68b78c8000, 0x00007f68b7b38000, 0x00007f68bee00000]
CodeHeap 'profiled nmethods': size=120032Kb used=1606Kb max_used=1606Kb free=118425Kb
 bounds [0x00007f68afdfe000, 0x00007f68b006e000, 0x00007f68b7336000]
CodeHeap 'non-nmethods': size=5704Kb used=1485Kb max_used=1667Kb free=4218Kb
 bounds [0x00007f68b7336000, 0x00007f68b75a6000, 0x00007f68b78c8000]
CodeCache: size=245768Kb, used=3888Kb, max_used=4070Kb, free=241877Kb
 total_blobs=1686, nmethods=1234, adapters=358, full_count=0
Compilation: enabled, stopped_count=0, restarted_count=0

Compilation events (20 events):
Event: 4.901 Thread 0x00007f68c80f9ba0 1225       4       org.coode.owlapi.rdfxml.parser.OWLRDFConsumer::consumeTriple (10 bytes)
Event: 4.901 Thread 0x00007f68c80f9ba0 nmethod 1225 0x00007f68b798c408 code [0x00007f68b798c500, 0x00007f68b798c598]
Event: 5.950 Thread 0x00007f68c80fa850 1226       3       org.semanticweb.owlapi.util.MultiMap::put (57 bytes)
Event: 5.951 Thread 0x00007f68c80fa850 nmethod 1226 0x00007f68aff8c108 code [0x00007f68aff8c200, 0x00007f68aff8c710]
Event: 5.989 Thread 0x00007f68c80f9ba0 1227       4       org.semanticweb.owlapi.util.MultiMap::put (57 bytes)
Event: 6.009 Thread 0x00007f68c80f9ba0 nmethod 1227 0x00007f68b798c708 code [0x00007f68b798c800, 0x00007f68b798e1f0]
Event: 7.194 Thread 0x00007f68c80fa850 1228       3       org.coode.owlapi.rdfxml.parser.OWLRDFConsumer::isTriplePresent (167 bytes)
Event: 7.194 Thread 0x00007f68c80fa850 nmethod 1228 0x00007f68aff8c788 code [0x00007f68aff8c880, 0x00007f68aff8d800]
Event: 7.281 Thread 0x00007f68c80f9ba0 1229       4       org.coode.owlapi.rdfxml.parser.OWLRDFConsumer::isTriplePresent (167 bytes)
Event: 7.290 Thread 0x00007f68c80f9ba0 nmethod 1229 0x00007f68b798e208 code [0x00007f68b798e300, 0x00007f68b798eec0]
Event: 8.457 Thread 0x00007f68c80f9ba0 1230       4       java.util.WeakHashMap::transfer (104 bytes)
Event: 8.459 Thread 0x00007f68c80f9ba0 nmethod 1230 0x00007f68b798ef08 code [0x00007f68b798f000, 0x00007f68b798f420]
Event: 16.942 Thread 0x00007f68c80fa850 1231       3       uk.ac.manchester.cs.owl.owlapi.OWLNamedIndividualImpl::equals (38 bytes)
Event: 16.943 Thread 0x00007f68c80fa850 nmethod 1231 0x00007f68aff8d888 code [0x00007f68aff8d980, 0x00007f68aff8def8]
Event: 16.943 Thread 0x00007f68c80fa850 1232       3       uk.ac.manchester.cs.owl.owlapi.OWLIndividualImpl::equals (5 bytes)
Event: 16.943 Thread 0x00007f68c80fa850 nmethod 1232 0x00007f68aff8df08 code [0x00007f68aff8e000, 0x00007f68aff8e1e0]
Event: 23.281 Thread 0x00007f68c80fa850 1233       3       uk.ac.manchester.cs.owl.owlapi.OWLClassAssertionImpl::equals (62 bytes)
Event: 23.282 Thread 0x00007f68c80fa850 nmethod 1233 0x00007f68aff8e208 code [0x00007f68aff8e300, 0x00007f68aff8e9a0]
Event: 23.282 Thread 0x00007f68c80fa850 1234       3       uk.ac.manchester.cs.owl.owlapi.OWLAxiomImpl::equals (40 bytes)
Event: 23.283 Thread 0x00007f68c80fa850 nmethod 1234 0x00007f68aff8ea08 code [0x00007f68aff8eb00, 0x00007f68aff8fb18]

GC Heap Usage History (20 events):
Event: 7.859 {heap After GC invocations=13 (full 0):
 garbage-first heap   total reserved 8589934592K, committed 2654208K, used 828504K [0x00007768ae000000, 0x00007f68ae000000)
  region size 32M, 0 eden (0M), 5 survivor (160M), 21 old (672M), 0 humongous (0M), 55 free (1760M)
}
Event: 9.348 {heap Before GC invocations=13 (full 0):
 garbage-first heap   total reserved 8589934592K, committed 2654208K, used 2040920K [0x00007768ae000000, 0x00007f68ae000000)
  region size 32M, 37 eden (1184M), 5 survivor (160M), 21 old (672M), 0 humongous (0M), 18 free (576M)
}
Event: 9.498 {heap After GC invocations=14 (full 0):
 garbage-first heap   total reserved 8589934592K, committed 2654208K, used 1078222K [0x00007768ae000000, 0x00007f68ae000000)
  region size 32M, 0 eden (0M), 6 survivor (192M), 27 old (864M), 0 humongous (0M), 48 free (1536M)
}
Event: 11.057 {heap Before GC invocations=14 (full 0):
 garbage-first heap   total reserved 8589934592K, committed 2654208K, used 2159566K [0x00007768ae000000, 0x00007f68ae000000)
  region size 32M, 33 eden (1056M), 6 survivor (192M), 27 old (864M), 0 humongous (0M), 15 free (480M)
}
Event: 11.273 {heap After GC invocations=15 (full 0):
 garbage-first heap   total reserved 8589934592K, committed 7962624K, used 1259310K [0x00007768ae000000, 0x00007f68ae000000)
  region size 32M, 0 eden (0M), 5 survivor (160M), 34 old (1088M), 0 humongous (0M), 204 free (6528M)
}
Event: 13.478 {heap Before GC invocations=15 (full 0):
 garbage-first heap   total reserved 8589934592K, committed 7962624K, used 2340654K [0x00007768ae000000, 0x00007f68ae000000)
  region size 32M, 33 eden (1056M), 5 survivor (160M), 34 old (1088M), 0 humongous (0M), 171 free (5472M)
}
Event: 13.653 {heap After GC invocations=16 (full 0):
 garbage-first heap   total reserved 8589934592K, committed 7962624K, used 1452745K [0x00007768ae000000, 0x00007f68ae000000)
  region size 32M, 0 eden (0M), 5 survivor (160M), 40 old (1280M), 0 humongous (0M), 198 free (6336M)
}
Event: 15.562 {heap Before GC invocations=16 (full 0):
 garbage-first heap   total reserved 8589934592K, committed 7962624K, used 2534089K [0x00007768ae000000, 0x00007f68ae000000)
  region size 32M, 33 eden (1056M), 5 survivor (160M), 40 old (1280M), 0 humongous (0M), 165 free (5280M)
}
Event: 15.744 {heap After GC invocations=17 (full 0):
 garbage-first heap   total reserved 8589934592K, committed 7962624K, used 1644468K [0x00007768ae000000, 0x00007f68ae000000)
  region size 32M, 0 eden (0M), 5 survivor (160M), 46 old (1472M), 0 humongous (0M), 192 free (6144M)
}
Event: 17.509 {heap Before GC invocations=17 (full 0):
 garbage-first heap   total reserved 8589934592K, committed 7962624K, used 2824116K [0x00007768ae000000, 0x00007f68ae000000)
  region size 32M, 30 eden (960M), 5 survivor (160M), 46 old (1472M), 6 humongous (192M), 156 free (4992M)
}
Event: 17.691 {heap After GC invocations=18 (full 0):
 garbage-first heap   total reserved 8589934592K, committed 7962624K, used 2028158K [0x00007768ae000000, 0x00007f68ae000000)
  region size 32M, 0 eden (0M), 5 survivor (160M), 51 old (1632M), 6 humongous (192M), 181 free (5792M)
}
Event: 19.152 {heap Before GC invocations=18 (full 0):
 garbage-first heap   total reserved 8589934592K, committed 7962624K, used 2978430K [0x00007768ae000000, 0x00007f68ae000000)
  region size 32M, 29 eden (928M), 5 survivor (160M), 51 old (1632M), 6 humongous (192M), 152 free (4864M)
}
Event: 19.349 {heap After GC invocations=19 (full 0):
 garbage-first heap   total reserved 8589934592K, committed 23887872K, used 2215850K [0x00007768ae000000, 0x00007f68ae000000)
  region size 32M, 0 eden (0M), 5 survivor (160M), 57 old (1824M), 6 humongous (192M), 661 free (21152M)
}
Event: 21.541 {heap Before GC invocations=19 (full 0):
 garbage-first heap   total reserved 8589934592K, committed 23887872K, used 3231658K [0x00007768ae000000, 0x00007f68ae000000)
  region size 32M, 31 eden (992M), 5 survivor (160M), 57 old (1824M), 6 humongous (192M), 630 free (20160M)
}
Event: 21.717 {heap After GC invocations=20 (full 0):
 garbage-first heap   total reserved 8589934592K, committed 23887872K, used 2416097K [0x00007768ae000000, 0x00007f68ae000000)
  region size 32M, 0 eden (0M), 5 survivor (160M), 63 old (2016M), 6 humongous (192M), 655 free (20960M)
}
Event: 23.316 {heap Before GC invocations=20 (full 0):
 garbage-first heap   total reserved 8589934592K, committed 23887872K, used 3464673K [0x00007768ae000000, 0x00007f68ae000000)
  region size 32M, 31 eden (992M), 5 survivor (160M), 63 old (2016M), 7 humongous (224M), 623 free (19936M)
}
Event: 23.506 {heap After GC invocations=21 (full 0):
 garbage-first heap   total reserved 8589934592K, committed 23887872K, used 2645751K [0x00007768ae000000, 0x00007f68ae000000)
  region size 32M, 0 eden (0M), 5 survivor (160M), 69 old (2208M), 7 humongous (224M), 648 free (20736M)
}
Event: 24.898 {heap Before GC invocations=21 (full 0):
 garbage-first heap   total reserved 8589934592K, committed 23887872K, used 3661559K [0x00007768ae000000, 0x00007f68ae000000)
  region size 32M, 31 eden (992M), 5 survivor (160M), 69 old (2208M), 7 humongous (224M), 617 free (19744M)
}
Event: 25.064 {heap After GC invocations=22 (full 0):
 garbage-first heap   total reserved 8589934592K, committed 23887872K, used 2850065K [0x00007768ae000000, 0x00007f68ae000000)
  region size 32M, 0 eden (0M), 5 survivor (160M), 75 old (2400M), 7 humongous (224M), 642 free (20544M)
}
Event: 26.528 {heap Before GC invocations=22 (full 0):
 garbage-first heap   total reserved 8589934592K, committed 23887872K, used 3865873K [0x00007768ae000000, 0x00007f68ae000000)
  region size 32M, 31 eden (992M), 5 survivor (160M), 75 old (2400M), 7 humongous (224M), 611 free (19552M)
}

Metaspace Usage History (20 events):
Event: 7.859 {metaspace After GC invocations=13 (full 0):
 Metaspace       used 5281K, committed 5440K, reserved 1114112K
  class space    used 667K, committed 768K, reserved 1048576K
}
Event: 9.348 {metaspace Before GC invocations=13 (full 0):
 Metaspace       used 5281K, committed 5440K, reserved 1114112K
  class space    used 667K, committed 768K, reserved 1048576K
}
Event: 9.498 {metaspace After GC invocations=14 (full 0):
 Metaspace       used 5281K, committed 5440K, reserved 1114112K
  class space    used 667K, committed 768K, reserved 1048576K
}
Event: 11.057 {metaspace Before GC invocations=14 (full 0):
 Metaspace       used 5281K, committed 5440K, reserved 1114112K
  class space    used 667K, committed 768K, reserved 1048576K
}
Event: 11.273 {metaspace After GC invocations=15 (full 0):
 Metaspace       used 5281K, committed 5440K, reserved 1114112K
  class space    used 667K, committed 768K, reserved 1048576K
}
Event: 13.478 {metaspace Before GC invocations=15 (full 0):
 Metaspace       used 5281K, committed 5440K, reserved 1114112K
  class space    used 667K, committed 768K, reserved 1048576K
}
Event: 13.653 {metaspace After GC invocations=16 (full 0):
 Metaspace       used 5281K, committed 5440K, reserved 1114112K
  class space    used 667K, committed 768K, reserved 1048576K
}
Event: 15.562 {metaspace Before GC invocations=16 (full 0):
 Metaspace       used 5281K, committed 5440K, reserved 1114112K
  class space    used 667K, committed 768K, reserved 1048576K
}
Event: 15.745 {metaspace After GC invocations=17 (full 0):
 Metaspace       used 5281K, committed 5440K, reserved 1114112K
  class space    used 667K, committed 768K, reserved 1048576K
}
Event: 17.509 {metaspace Before GC invocations=17 (full 0):
 Metaspace       used 5282K, committed 5440K, reserved 1114112K
  class space    used 667K, committed 768K, reserved 1048576K
}
Event: 17.691 {metaspace After GC invocations=18 (full 0):
 Metaspace       used 5282K, committed 5440K, reserved 1114112K
  class space    used 667K, committed 768K, reserved 1048576K
}
Event: 19.152 {metaspace Before GC invocations=18 (full 0):
 Metaspace       used 5282K, committed 5440K, reserved 1114112K
  class space    used 667K, committed 768K, reserved 1048576K
}
Event: 19.349 {metaspace After GC invocations=19 (full 0):
 Metaspace       used 5282K, committed 5440K, reserved 1114112K
  class space    used 667K, committed 768K, reserved 1048576K
}
Event: 21.541 {metaspace Before GC invocations=19 (full 0):
 Metaspace       used 5282K, committed 5440K, reserved 1114112K
  class space    used 667K, committed 768K, reserved 1048576K
}
Event: 21.717 {metaspace After GC invocations=20 (full 0):
 Metaspace       used 5282K, committed 5440K, reserved 1114112K
  class space    used 667K, committed 768K, reserved 1048576K
}
Event: 23.316 {metaspace Before GC invocations=20 (full 0):
 Metaspace       used 5284K, committed 5440K, reserved 1114112K
  class space    used 667K, committed 768K, reserved 1048576K
}
Event: 23.506 {metaspace After GC invocations=21 (full 0):
 Metaspace       used 5284K, committed 5440K, reserved 1114112K
  class space    used 667K, committed 768K, reserved 1048576K
}
Event: 24.898 {metaspace Before GC invocations=21 (full 0):
 Metaspace       used 5284K, committed 5440K, reserved 1114112K
  class space    used 667K, committed 768K, reserved 1048576K
}
Event: 25.064 {metaspace After GC invocations=22 (full 0):
 Metaspace       used 5284K, committed 5440K, reserved 1114112K
  class space    used 667K, committed 768K, reserved 1048576K
}
Event: 26.528 {metaspace Before GC invocations=22 (full 0):
 Metaspace       used 5284K, committed 5440K, reserved 1114112K
  class space    used 667K, committed 768K, reserved 1048576K
}

Dll operation events (12 events):
Event: 0.004 Attempting to load shared library /usr/lib/jvm/java-26-openjdk/lib/libjava.so
Event: 0.004 Loaded shared library /usr/lib/jvm/java-26-openjdk/lib/libjava.so
Event: 0.052 Attempting to load shared library /usr/lib/jvm/java-26-openjdk/lib/libsimdsort.so
Event: 0.053 Loaded shared library /usr/lib/jvm/java-26-openjdk/lib/libsimdsort.so
Event: 0.060 Attempting to load shared library /usr/lib/jvm/java-26-openjdk/lib/libnio.so
Event: 0.061 Loaded shared library /usr/lib/jvm/java-26-openjdk/lib/libnio.so
Event: 0.067 Attempting to load shared library /usr/lib/jvm/java-26-openjdk/lib/libzip.so
Event: 0.067 Loaded shared library /usr/lib/jvm/java-26-openjdk/lib/libzip.so
Event: 0.072 Attempting to load shared library /usr/lib/jvm/java-26-openjdk/lib/libverify.so
Event: 0.072 Loaded shared library /usr/lib/jvm/java-26-openjdk/lib/libverify.so
Event: 0.083 Attempting to load shared library /usr/lib/jvm/java-26-openjdk/lib/libjimage.so
Event: 0.083 Loaded shared library /usr/lib/jvm/java-26-openjdk/lib/libjimage.so

Deoptimization events (20 events):
Event: 4.774 Thread 0x00007f68c8019360 DEOPT PACKING pc=0x00007f68b796264c sp=0x00007f68cebfe140
Event: 4.774 Thread 0x00007f68c8019360 DEOPT UNPACKING pc=0x00007f68b746cdf9 sp=0x00007f68cebfdf90 mode 2
Event: 5.948 Thread 0x00007f68c8019360 Uncommon trap: trap_request=0xffffff45 fr.pc=0x00007f68b7989194 relative=0x0000000000000414
Event: 5.948 Thread 0x00007f68c8019360 Uncommon trap: reason=unstable_if action=reinterpret pc=0x00007f68b7989194 method=java.util.HashMap.putVal(ILjava/lang/Object;Ljava/lang/Object;ZZ)Ljava/lang/Object; @ 162 c2
Event: 5.948 Thread 0x00007f68c8019360 DEOPT PACKING pc=0x00007f68b7989194 sp=0x00007f68cebfe060
Event: 5.949 Thread 0x00007f68c8019360 DEOPT UNPACKING pc=0x00007f68b746cdf9 sp=0x00007f68cebfdf10 mode 2
Event: 7.193 Thread 0x00007f68c8019360 Uncommon trap: trap_request=0xffffff45 fr.pc=0x00007f68b7963bbc relative=0x000000000000093c
Event: 7.193 Thread 0x00007f68c8019360 Uncommon trap: reason=unstable_if action=reinterpret pc=0x00007f68b7963bbc method=java.util.HashMap.getNode(Ljava/lang/Object;)Ljava/util/HashMap$Node; @ 66 c2
Event: 7.193 Thread 0x00007f68c8019360 DEOPT PACKING pc=0x00007f68b7963bbc sp=0x00007f68cebfe110
Event: 7.193 Thread 0x00007f68c8019360 DEOPT UNPACKING pc=0x00007f68b746cdf9 sp=0x00007f68cebfdfe8 mode 2
Event: 8.457 Thread 0x00007f68c8019360 DEOPT PACKING pc=0x00007f68aff8390a sp=0x00007f68cebfe020
Event: 8.457 Thread 0x00007f68c8019360 DEOPT UNPACKING pc=0x00007f68b7386e8f sp=0x00007f68cebfd518 mode 0
Event: 8.480 Thread 0x00007f68c8019360 Uncommon trap: trap_request=0xffffffde fr.pc=0x00007f68b792da00 relative=0x00000000000005e0
Event: 8.480 Thread 0x00007f68c8019360 Uncommon trap: reason=class_check action=maybe_recompile pc=0x00007f68b792da00 method=java.util.HashMap.resize()[Ljava/util/HashMap$Node; @ 200 c2
Event: 8.480 Thread 0x00007f68c8019360 DEOPT PACKING pc=0x00007f68b792da00 sp=0x00007f68cebfe010
Event: 8.480 Thread 0x00007f68c8019360 DEOPT UNPACKING pc=0x00007f68b746cdf9 sp=0x00007f68cebfdf80 mode 2
Event: 26.183 Thread 0x00007f68c8019360 Uncommon trap: trap_request=0xffffffde fr.pc=0x00007f68b792da00 relative=0x00000000000005e0
Event: 26.183 Thread 0x00007f68c8019360 Uncommon trap: reason=class_check action=maybe_recompile pc=0x00007f68b792da00 method=java.util.HashMap.resize()[Ljava/util/HashMap$Node; @ 200 c2
Event: 26.183 Thread 0x00007f68c8019360 DEOPT PACKING pc=0x00007f68b792da00 sp=0x00007f68cebfe010
Event: 26.183 Thread 0x00007f68c8019360 DEOPT UNPACKING pc=0x00007f68b746cdf9 sp=0x00007f68cebfdf80 mode 2

Classes loaded (20 events):
Event: 0.237 Loading class java/text/MessageFormat
Event: 0.237 Loading class java/text/MessageFormat done
Event: 0.238 Loading class java/text/MessageFormat$Field
Event: 0.238 Loading class java/text/MessageFormat$Field done
Event: 0.238 Loading class com/sun/org/apache/xerces/internal/xni/parser/XMLParseException
Event: 0.238 Loading class com/sun/org/apache/xerces/internal/xni/XNIException
Event: 0.238 Loading class com/sun/org/apache/xerces/internal/xni/XNIException done
Event: 0.238 Loading class com/sun/org/apache/xerces/internal/xni/parser/XMLParseException done
Event: 0.238 Loading class org/xml/sax/SAXParseException
Event: 0.238 Loading class org/xml/sax/SAXParseException done
Event: 0.238 Loading class com/sun/org/apache/xerces/internal/util/ErrorHandlerWrapper$1
Event: 0.238 Loading class com/sun/org/apache/xerces/internal/util/ErrorHandlerWrapper$1 done
Event: 0.238 Loading class com/sun/org/apache/xerces/internal/impl/io/MalformedByteSequenceException
Event: 0.239 Loading class java/io/CharConversionException
Event: 0.239 Loading class java/io/CharConversionException done
Event: 0.239 Loading class com/sun/org/apache/xerces/internal/impl/io/MalformedByteSequenceException done
Event: 0.249 Loading class java/io/UnsupportedEncodingException
Event: 0.249 Loading class java/io/UnsupportedEncodingException done
Event: 0.940 Loading class java/lang/foreign/MemorySegment
Event: 0.941 Loading class java/lang/foreign/MemorySegment done

Classes unloaded (0 events):
No events

Classes redefined (0 events):
No events

Internal exceptions (6 events):
Event: 0.081 Thread 0x00007f68c8019360 Exception <a 'java/lang/NoSuchMethodError'{0x00007768ae306e78}: 'java.lang.Object java.lang.invoke.DirectMethodHandle$Holder.invokeInterface(java.lang.Object, java.lang.Object)'> (0x00007768ae306e78) 
thrown [/usr/src/debug/java-openjdk/jdk26u-jdk-26.0.2-10/src/hotspot/share/interpreter/linkResolver.cpp, line 803]
Event: 0.089 Thread 0x00007f68c8019360 Exception <a 'java/lang/NoSuchMethodError'{0x00007768ae3412a0}: 'java.lang.Object java.lang.invoke.DirectMethodHandle$Holder.invokeStaticInit(java.lang.Object)'> (0x00007768ae3412a0) 
thrown [/usr/src/debug/java-openjdk/jdk26u-jdk-26.0.2-10/src/hotspot/share/interpreter/linkResolver.cpp, line 803]
Event: 0.164 Thread 0x00007f68c8019360 Exception <a 'java/lang/NoSuchMethodError'{0x00007768ae8ee500}: 'void java.lang.invoke.DirectMethodHandle$Holder.invokeStatic(java.lang.Object, java.lang.Object, java.lang.Object)'> (0x00007768ae8ee500) 
thrown [/usr/src/debug/java-openjdk/jdk26u-jdk-26.0.2-10/src/hotspot/share/interpreter/linkResolver.cpp, line 803]
Event: 0.189 Thread 0x00007f68c8019360 Implicit null exception at 0x00007f68b78e8ab0 to 0x00007f68b78e925c
Event: 0.189 Thread 0x00007f68c8019360 Implicit null exception at 0x00007f68b78e76b0 to 0x00007f68b78e7e28
Event: 0.235 Thread 0x00007f68c8019360 Exception <a 'java/lang/ClassNotFoundException'{0x00007768aed53c68}: com/sun/org/apache/xerces/internal/impl/msg/spi/XMLMessagesProvider> (0x00007768aed53c68) 
thrown [/usr/src/debug/java-openjdk/jdk26u-jdk-26.0.2-10/src/hotspot/share/classfile/systemDictionary.cpp, line 330]

VM Operations (20 events):
Event: 15.745 Executing safepoint VM operation: G1CollectForAllocation (G1 Evacuation Pause) done
Event: 17.509 Executing safepoint VM operation: G1CollectForAllocation (G1 Evacuation Pause)
Event: 17.691 Executing safepoint VM operation: G1CollectForAllocation (G1 Evacuation Pause) done
Event: 18.798 Executing non-safepoint VM operation: HandshakeAllThreads (G1 Java Thread CT swap)
Event: 18.798 Executing non-safepoint VM operation: HandshakeAllThreads (G1 Java Thread CT swap) done
Event: 18.798 Executing non-safepoint VM operation: G1RendezvousGCThreads
Event: 18.798 Executing non-safepoint VM operation: G1RendezvousGCThreads done
Event: 19.152 Executing safepoint VM operation: G1CollectForAllocation (G1 Evacuation Pause)
Event: 19.349 Executing safepoint VM operation: G1CollectForAllocation (G1 Evacuation Pause) done
Event: 21.150 Executing non-safepoint VM operation: HandshakeAllThreads (G1 Java Thread CT swap)
Event: 21.150 Executing non-safepoint VM operation: HandshakeAllThreads (G1 Java Thread CT swap) done
Event: 21.150 Executing non-safepoint VM operation: G1RendezvousGCThreads
Event: 21.150 Executing non-safepoint VM operation: G1RendezvousGCThreads done
Event: 21.541 Executing safepoint VM operation: G1CollectForAllocation (G1 Evacuation Pause)
Event: 21.717 Executing safepoint VM operation: G1CollectForAllocation (G1 Evacuation Pause) done
Event: 23.316 Executing safepoint VM operation: G1CollectForAllocation (G1 Evacuation Pause)
Event: 23.506 Executing safepoint VM operation: G1CollectForAllocation (G1 Evacuation Pause) done
Event: 24.898 Executing safepoint VM operation: G1CollectForAllocation (G1 Evacuation Pause)
Event: 25.064 Executing safepoint VM operation: G1CollectForAllocation (G1 Evacuation Pause) done
Event: 26.528 Executing safepoint VM operation: G1CollectForAllocation (G1 Evacuation Pause)

Memory protections (15 events):
Event: 0.003 Protecting memory [0x00007f68ceb00000,0x00007f68ceb04000] with protection modes 0
Event: 0.046 Protecting memory [0x0000000054000000,0x0000000054001000] with protection modes 0
Event: 0.046 Protecting memory [0x00007f68af2f4000,0x00007f68af2f8000] with protection modes 0
Event: 0.051 Protecting memory [0x00007f68aef49000,0x00007f68aef4d000] with protection modes 0
Event: 0.051 Protecting memory [0x00007f68aeb00000,0x00007f68aeb04000] with protection modes 0
Event: 0.051 Protecting memory [0x00007f68ae9ff000,0x00007f68aea03000] with protection modes 0
Event: 0.051 Protecting memory [0x00007f68af0f2000,0x00007f68af0f6000] with protection modes 0
Event: 0.051 Protecting memory [0x00007f68ae8fe000,0x00007f68ae902000] with protection modes 0
Event: 0.051 Protecting memory [0x00007f68af2f4000,0x00007f68af2f8000] with protection modes 0
Event: 0.051 Protecting memory [0x00007f68ae7fd000,0x00007f68ae801000] with protection modes 0
Event: 0.054 Protecting memory [0x00007f68ae6fc000,0x00007f68ae700000] with protection modes 0
Event: 0.055 Protecting memory [0x00007f68ae5fb000,0x00007f68ae5ff000] with protection modes 0
Event: 0.065 Protecting memory [0x00007f68ae4fa000,0x00007f68ae4fe000] with protection modes 0
Event: 0.298 Protecting memory [0x00007f68ae3f9000,0x00007f68ae3fd000] with protection modes 0
Event: 2.734 Protecting memory [0x00007f68ae3f9000,0x00007f68ae3fd000] with protection modes 0

Nmethod flushes (0 events):
No events

Events (20 events):
Event: 0.046 Thread 0x00007f68c8019360 Thread added: 0x00007f68c80bf880
Event: 0.049 Thread 0x00007f68c8019360 JVMTI - enter early start phase
Event: 0.051 Thread 0x00007f68c8019360 Thread added: 0x00007f68c80f22a0
Event: 0.051 Thread 0x00007f68c8019360 Thread added: 0x00007f68c80f3960
Event: 0.051 Thread 0x00007f68c8019360 Thread added: 0x00007f68c80f5490
Event: 0.051 Thread 0x00007f68c80bf880 Thread exited: 0x00007f68c80bf880
Event: 0.051 Thread 0x00007f68c8019360 Thread added: 0x00007f68c80f6d00
Event: 0.051 Thread 0x00007f68c8019360 Thread added: 0x00007f68c80f8550
Event: 0.051 Thread 0x00007f68c8019360 Thread added: 0x00007f68c80f9ba0
Event: 0.051 Thread 0x00007f68c8019360 Thread added: 0x00007f68c80fa850
Event: 0.053 Thread 0x00007f68c8019360 JVMTI - enter start phase
Event: 0.054 Thread 0x00007f68c8019360 JVMTI - enter live phase
Event: 0.054 Thread 0x00007f68c8019360 Thread added: 0x00007f68c81069b0
Event: 0.055 Thread 0x00007f68c8019360 Thread added: 0x00007f68c8109710
Event: 0.065 Thread 0x00007f68c80fa850 Thread added: 0x0000773c80074de0
Event: 0.298 Thread 0x00007f68c80fa850 Thread added: 0x0000773c803a8080
Event: 1.107 Thread 0x0000773c803a8080 Thread exited: 0x0000773c803a8080
Event: 1.107 Thread 0x0000773c80074de0 Thread exited: 0x0000773c80074de0
Event: 2.734 Thread 0x00007f68c80f9ba0 Thread added: 0x0000773c747b18d0
Event: 4.775 Thread 0x0000773c747b18d0 Thread exited: 0x0000773c747b18d0


Dynamic libraries:
54000000-54001000 ---p 00000000 00:00 0 
54001000-54d95000 rw-p 00001000 00:23 672531                             /usr/lib/jvm/java-26-openjdk/lib/server/classes_nocoops.jsa
54d95000-55000000 ---p 00000000 00:00 0 
55000000-55040000 rw-p 00000000 00:00 0 
55040000-550c0000 rw-p 00000000 00:00 0 
550c0000-95000000 ---p 00000000 00:00 0 
5652f77be000-5652f77bf000 r--p 00000000 00:23 672293                     /usr/lib/jvm/java-26-openjdk/bin/java
5652f77bf000-5652f77c0000 r-xp 00001000 00:23 672293                     /usr/lib/jvm/java-26-openjdk/bin/java
5652f77c0000-5652f77c1000 r--p 00002000 00:23 672293                     /usr/lib/jvm/java-26-openjdk/bin/java
5652f77c1000-5652f77c2000 r--p 00002000 00:23 672293                     /usr/lib/jvm/java-26-openjdk/bin/java
5652f77c2000-5652f77c3000 rw-p 00003000 00:23 672293                     /usr/lib/jvm/java-26-openjdk/bin/java
56530b5c9000-56530b611000 rw-p 00000000 00:00 0                          [heap]
773c68000000-773c68021000 rw-p 00000000 00:00 0 
773c68021000-773c6c000000 ---p 00000000 00:00 0 
773c70000000-773c70240000 rw-p 00000000 00:00 0 
773c70240000-773c70400000 ---p 00000000 00:00 0 
773c70400000-773c70650000 rw-p 00000000 00:00 0 
773c70650000-773c74000000 ---p 00000000 00:00 0 
773c74000000-773c7585c000 rw-p 00000000 00:00 0 
773c7585c000-773c78000000 ---p 00000000 00:00 0 
773c78000000-773c78021000 rw-p 00000000 00:00 0 
773c78021000-773c7c000000 ---p 00000000 00:00 0 
773c7c000000-773c7c021000 rw-p 00000000 00:00 0 
773c7c021000-773c80000000 ---p 00000000 00:00 0 
773c80000000-773c809cd000 rw-p 00000000 00:00 0 
773c809cd000-773c84000000 ---p 00000000 00:00 0 
773c84000000-773c85a12000 rw-p 00000000 00:00 0 
773c85a12000-773c88000000 ---p 00000000 00:00 0 
773c88000000-773c885d3000 rw-p 00000000 00:00 0 
773c885d3000-773c8c000000 ---p 00000000 00:00 0 
773c8c000000-773c8c021000 rw-p 00000000 00:00 0 
773c8c021000-773c90000000 ---p 00000000 00:00 0 
773c90000000-773c9189d000 rw-p 00000000 00:00 0 
773c9189d000-773c94000000 ---p 00000000 00:00 0 
773c94000000-773c94021000 rw-p 00000000 00:00 0 
773c94021000-773c98000000 ---p 00000000 00:00 0 
773c995fc000-773c99a00000 rw-p 00000000 00:00 0 
773c99a00000-773c9ba00000 rw-p 00000000 00:00 0 
773c9bafe000-773c9bbff000 rw-p 00000000 00:00 0 
773c9bbff000-773cb4a80000 rw-p 00000000 00:00 0 
773cb4a80000-775c9de00000 ---p 00000000 00:00 0 
775c9de00000-775ca0b90000 rw-p 00000000 00:00 0 
775ca0b90000-77609de00000 ---p 00000000 00:00 0 
77609de00000-7760a0b90000 rw-p 00000000 00:00 0 
7760a0b90000-77649de00000 ---p 00000000 00:00 0 
77649de00000-7764a0b90000 rw-p 00000000 00:00 0 
7764a0b90000-77689de00000 ---p 00000000 00:00 0 
77689defe000-77689dfff000 rw-p 00000000 00:00 0 
77689dfff000-776e60000000 rw-p 00000000 00:00 0 
776e60000000-7779c4000000 ---p 00000000 00:00 0 
7779c4000000-7f68ae000000 ---p 00000000 00:00 0 
7f68ae0f5000-7f68ae3f9000 rw-p 00000000 00:00 0 
7f68ae3f9000-7f68ae3fd000 ---p 00000000 00:00 0 
7f68ae3fd000-7f68ae4fa000 rw-p 00000000 00:00 0 
7f68ae4fa000-7f68ae4fe000 ---p 00000000 00:00 0 
7f68ae4fe000-7f68ae5fb000 rw-p 00000000 00:00 0 
7f68ae5fb000-7f68ae5ff000 ---p 00000000 00:00 0 
7f68ae5ff000-7f68ae6fc000 rw-p 00000000 00:00 0 
7f68ae6fc000-7f68ae700000 ---p 00000000 00:00 0 
7f68ae700000-7f68ae7fd000 rw-p 00000000 00:00 0 
7f68ae7fd000-7f68ae801000 ---p 00000000 00:00 0 
7f68ae801000-7f68ae8fe000 rw-p 00000000 00:00 0 
7f68ae8fe000-7f68ae902000 ---p 00000000 00:00 0 
7f68ae902000-7f68ae9ff000 rw-p 00000000 00:00 0 
7f68ae9ff000-7f68aea03000 ---p 00000000 00:00 0 
7f68aea03000-7f68aeb00000 rw-p 00000000 00:00 0 
7f68aeb00000-7f68aeb04000 ---p 00000000 00:00 0 
7f68aeb04000-7f68aec00000 rw-p 00000000 00:00 0 
7f68aec00000-7f68aeeed000 r--p 00000000 00:23 765994                     /usr/lib/locale/locale-archive
7f68aef48000-7f68aef49000 rw-p 00000000 00:00 0 
7f68aef49000-7f68aef4d000 ---p 00000000 00:00 0 
7f68aef4d000-7f68af049000 rw-p 00000000 00:00 0 
7f68af0e0000-7f68af0e2000 r--p 00000000 00:23 672521                     /usr/lib/jvm/java-26-openjdk/lib/libverify.so
7f68af0e2000-7f68af0ec000 r-xp 00002000 00:23 672521                     /usr/lib/jvm/java-26-openjdk/lib/libverify.so
7f68af0ec000-7f68af0ee000 r--p 0000c000 00:23 672521                     /usr/lib/jvm/java-26-openjdk/lib/libverify.so
7f68af0ee000-7f68af0f0000 r--p 0000d000 00:23 672521                     /usr/lib/jvm/java-26-openjdk/lib/libverify.so
7f68af0f0000-7f68af0f1000 rw-p 0000f000 00:23 672521                     /usr/lib/jvm/java-26-openjdk/lib/libverify.so
7f68af0f1000-7f68af0f2000 rw-p 00000000 00:00 0 
7f68af0f2000-7f68af0f6000 ---p 00000000 00:00 0 
7f68af0f6000-7f68af2f4000 rw-p 00000000 00:00 0 
7f68af2f4000-7f68af2f8000 ---p 00000000 00:00 0 
7f68af2f8000-7f68af4f5000 rw-p 00000000 00:00 0 
7f68af4f5000-7f68af5f6000 rw-p 00000000 00:00 0 
7f68af5f6000-7f68af8f9000 rw-p 00000000 00:00 0 
7f68af8f9000-7f68afdfe000 rw-p 00000000 00:00 0 
7f68afdfe000-7f68b006e000 rwxp 00000000 00:00 0 
7f68b006e000-7f68b7336000 ---p 00000000 00:00 0 
7f68b7336000-7f68b75a6000 rwxp 00000000 00:00 0 
7f68b75a6000-7f68b78c8000 ---p 00000000 00:00 0 
7f68b78c8000-7f68b7b38000 rwxp 00000000 00:00 0 
7f68b7b38000-7f68bee00000 ---p 00000000 00:00 0 
7f68bee00000-7f68c7e21000 r--s 00000000 00:23 672523                     /usr/lib/jvm/java-26-openjdk/lib/modules
7f68c7e23000-7f68c8267000 rw-p 00000000 00:00 0 
7f68c8267000-7f68cc000000 ---p 00000000 00:00 0 
7f68cc00c000-7f68cc552000 rw-p 00000000 00:00 0 
7f68cc552000-7f68cc754000 rw-p 00000000 00:00 0 
7f68cc754000-7f68cd358000 rw-p 00000000 00:00 0 
7f68cd358000-7f68cd459000 rw-p 00000000 00:00 0 
7f68cd459000-7f68ce92f000 rw-p 00000000 00:00 0 
7f68ce92f000-7f68cea15000 ---p 00000000 00:00 0 
7f68cea15000-7f68cea1a000 rw-p 00000000 00:00 0 
7f68cea1a000-7f68ceb00000 ---p 00000000 00:00 0 
7f68ceb00000-7f68ceb04000 ---p 00000000 00:00 0 
7f68ceb04000-7f68cec00000 rw-p 00000000 00:00 0 
7f68cec00000-7f68cec9a000 r--p 00000000 00:23 1483078                    /usr/lib/libstdc++.so.6.0.36
7f68cec9a000-7f68cee77000 r-xp 0009a000 00:23 1483078                    /usr/lib/libstdc++.so.6.0.36
7f68cee77000-7f68cef16000 r--p 00277000 00:23 1483078                    /usr/lib/libstdc++.so.6.0.36
7f68cef16000-7f68cef27000 r--p 00316000 00:23 1483078                    /usr/lib/libstdc++.so.6.0.36
7f68cef27000-7f68cef28000 rw-p 00327000 00:23 1483078                    /usr/lib/libstdc++.so.6.0.36
7f68cef28000-7f68cef2c000 rw-p 00000000 00:00 0 
7f68cef3c000-7f68cef3d000 r--p 00000000 00:23 672518                     /usr/lib/jvm/java-26-openjdk/lib/libsimdsort.so
7f68cef3d000-7f68cef77000 r-xp 00001000 00:23 672518                     /usr/lib/jvm/java-26-openjdk/lib/libsimdsort.so
7f68cef77000-7f68cef7d000 r--p 0003b000 00:23 672518                     /usr/lib/jvm/java-26-openjdk/lib/libsimdsort.so
7f68cef7d000-7f68cef7e000 r--p 00040000 00:23 672518                     /usr/lib/jvm/java-26-openjdk/lib/libsimdsort.so
7f68cef7e000-7f68cef7f000 rw-p 00041000 00:23 672518                     /usr/lib/jvm/java-26-openjdk/lib/libsimdsort.so
7f68cef7f000-7f68cf000000 rw-p 00000000 00:00 0 
7f68cf000000-7f68cf00e000 r--p 00000000 00:23 672534                     /usr/lib/jvm/java-26-openjdk/lib/server/libjvm.so
7f68cf00e000-7f68d00a9000 r-xp 0000e000 00:23 672534                     /usr/lib/jvm/java-26-openjdk/lib/server/libjvm.so
7f68d00a9000-7f68d02ec000 r--p 010a9000 00:23 672534                     /usr/lib/jvm/java-26-openjdk/lib/server/libjvm.so
7f68d02ec000-7f68d03de000 r--p 012eb000 00:23 672534                     /usr/lib/jvm/java-26-openjdk/lib/server/libjvm.so
7f68d03de000-7f68d03ff000 rw-p 013dd000 00:23 672534                     /usr/lib/jvm/java-26-openjdk/lib/server/libjvm.so
7f68d03ff000-7f68d0482000 rw-p 00000000 00:00 0 
7f68d0489000-7f68d048b000 r--p 00000000 00:23 672522                     /usr/lib/jvm/java-26-openjdk/lib/libzip.so
7f68d048b000-7f68d0498000 r-xp 00002000 00:23 672522                     /usr/lib/jvm/java-26-openjdk/lib/libzip.so
7f68d0498000-7f68d049e000 r--p 0000f000 00:23 672522                     /usr/lib/jvm/java-26-openjdk/lib/libzip.so
7f68d049e000-7f68d049f000 r--p 00014000 00:23 672522                     /usr/lib/jvm/java-26-openjdk/lib/libzip.so
7f68d049f000-7f68d04a0000 rw-p 00015000 00:23 672522                     /usr/lib/jvm/java-26-openjdk/lib/libzip.so
7f68d04a0000-7f68d04a7000 r--p 00000000 00:23 672513                     /usr/lib/jvm/java-26-openjdk/lib/libnio.so
7f68d04a7000-7f68d04b0000 r-xp 00007000 00:23 672513                     /usr/lib/jvm/java-26-openjdk/lib/libnio.so
7f68d04b0000-7f68d04b5000 r--p 00010000 00:23 672513                     /usr/lib/jvm/java-26-openjdk/lib/libnio.so
7f68d04b5000-7f68d04b6000 r--p 00014000 00:23 672513                     /usr/lib/jvm/java-26-openjdk/lib/libnio.so
7f68d04b6000-7f68d04b7000 rw-p 00015000 00:23 672513                     /usr/lib/jvm/java-26-openjdk/lib/libnio.so
7f68d04b7000-7f68d04f8000 rw-p 00000000 00:00 0 
7f68d04f8000-7f68d0508000 r--p 00000000 00:23 600543                     /usr/lib/libm.so.6
7f68d0508000-7f68d059e000 r-xp 00010000 00:23 600543                     /usr/lib/libm.so.6
7f68d059e000-7f68d05fe000 r--p 000a6000 00:23 600543                     /usr/lib/libm.so.6
7f68d05fe000-7f68d05ff000 r--p 00105000 00:23 600543                     /usr/lib/libm.so.6
7f68d05ff000-7f68d0600000 rw-p 00106000 00:23 600543                     /usr/lib/libm.so.6
7f68d0600000-7f68d0624000 r--p 00000000 00:23 600533                     /usr/lib/libc.so.6
7f68d0624000-7f68d07d1000 r-xp 00024000 00:23 600533                     /usr/lib/libc.so.6
7f68d07d1000-7f68d0849000 r--p 001d1000 00:23 600533                     /usr/lib/libc.so.6
7f68d0849000-7f68d084d000 r--p 00248000 00:23 600533                     /usr/lib/libc.so.6
7f68d084d000-7f68d084f000 rw-p 0024c000 00:23 600533                     /usr/lib/libc.so.6
7f68d084f000-7f68d0857000 rw-p 00000000 00:00 0 
7f68d0857000-7f68d085e000 r--s 00000000 00:23 765996                     /usr/lib/gconv/gconv-modules.cache
7f68d085e000-7f68d0860000 r--p 00000000 00:23 672512                     /usr/lib/jvm/java-26-openjdk/lib/libnet.so
7f68d0860000-7f68d0867000 r-xp 00002000 00:23 672512                     /usr/lib/jvm/java-26-openjdk/lib/libnet.so
7f68d0867000-7f68d0869000 r--p 00009000 00:23 672512                     /usr/lib/jvm/java-26-openjdk/lib/libnet.so
7f68d0869000-7f68d086a000 r--p 0000a000 00:23 672512                     /usr/lib/jvm/java-26-openjdk/lib/libnet.so
7f68d086a000-7f68d086b000 rw-p 0000b000 00:23 672512                     /usr/lib/jvm/java-26-openjdk/lib/libnet.so
7f68d086b000-7f68d0870000 rw-p 00000000 00:00 0 
7f68d0870000-7f68d0877000 ---p 00000000 00:00 0 
7f68d0877000-7f68d0881000 r--p 00000000 00:23 672498                     /usr/lib/jvm/java-26-openjdk/lib/libjava.so
7f68d0881000-7f68d0890000 r-xp 0000a000 00:23 672498                     /usr/lib/jvm/java-26-openjdk/lib/libjava.so
7f68d0890000-7f68d0895000 r--p 00019000 00:23 672498                     /usr/lib/jvm/java-26-openjdk/lib/libjava.so
7f68d0895000-7f68d0896000 r--p 0001e000 00:23 672498                     /usr/lib/jvm/java-26-openjdk/lib/libjava.so
7f68d0896000-7f68d0897000 rw-p 0001f000 00:23 672498                     /usr/lib/jvm/java-26-openjdk/lib/libjava.so
7f68d0897000-7f68d08a0000 rw-p 00000000 00:00 0 
7f68d08a0000-7f68d08a1000 ---p 00000000 00:00 0 
7f68d08a1000-7f68d08a2000 r--p 00000000 00:00 0 
7f68d08a2000-7f68d08a3000 ---p 00000000 00:00 0 
7f68d08a3000-7f68d08a4000 r--p 00000000 00:23 672502                     /usr/lib/jvm/java-26-openjdk/lib/libjimage.so
7f68d08a4000-7f68d08a6000 r-xp 00001000 00:23 672502                     /usr/lib/jvm/java-26-openjdk/lib/libjimage.so
7f68d08a6000-7f68d08a7000 r--p 00003000 00:23 672502                     /usr/lib/jvm/java-26-openjdk/lib/libjimage.so
7f68d08a7000-7f68d08a8000 r--p 00003000 00:23 672502                     /usr/lib/jvm/java-26-openjdk/lib/libjimage.so
7f68d08a8000-7f68d08a9000 rw-p 00004000 00:23 672502                     /usr/lib/jvm/java-26-openjdk/lib/libjimage.so
7f68d08a9000-7f68d08ad000 r--p 00000000 00:23 1483070                    /usr/lib/libgcc_s.so.1
7f68d08ad000-7f68d08d9000 r-xp 00004000 00:23 1483070                    /usr/lib/libgcc_s.so.1
7f68d08d9000-7f68d08dd000 r--p 00030000 00:23 1483070                    /usr/lib/libgcc_s.so.1
7f68d08dd000-7f68d08de000 r--p 00034000 00:23 1483070                    /usr/lib/libgcc_s.so.1
7f68d08de000-7f68d08df000 rw-p 00035000 00:23 1483070                    /usr/lib/libgcc_s.so.1
7f68d08df000-7f68d08e2000 rw-p 00000000 00:00 0 
7f68d08e2000-7f68d08e4000 r--p 00000000 00:23 672503                     /usr/lib/jvm/java-26-openjdk/lib/libjli.so
7f68d08e4000-7f68d08f4000 r-xp 00002000 00:23 672503                     /usr/lib/jvm/java-26-openjdk/lib/libjli.so
7f68d08f4000-7f68d08fa000 r--p 00012000 00:23 672503                     /usr/lib/jvm/java-26-openjdk/lib/libjli.so
7f68d08fa000-7f68d08fb000 r--p 00017000 00:23 672503                     /usr/lib/jvm/java-26-openjdk/lib/libjli.so
7f68d08fb000-7f68d08fc000 rw-p 00018000 00:23 672503                     /usr/lib/jvm/java-26-openjdk/lib/libjli.so
7f68d08fc000-7f68d08fe000 rw-p 00000000 00:00 0 
7f68d08fe000-7f68d092b000 r--p 00000000 00:23 1578493                    /etc/ld.so.cache
7f68d092b000-7f68d092f000 r--p 00000000 00:00 0                          [vvar]
7f68d092f000-7f68d0931000 r--p 00000000 00:00 0                          [vvar_vclock]
7f68d0931000-7f68d0933000 r-xp 00000000 00:00 0                          [vdso]
7f68d0933000-7f68d0934000 r--p 00000000 00:23 600524                     /usr/lib/ld-linux-x86-64.so.2
7f68d0934000-7f68d0965000 r-xp 00001000 00:23 600524                     /usr/lib/ld-linux-x86-64.so.2
7f68d0965000-7f68d0975000 r--p 00032000 00:23 600524                     /usr/lib/ld-linux-x86-64.so.2
7f68d0975000-7f68d0977000 r--p 00041000 00:23 600524                     /usr/lib/ld-linux-x86-64.so.2
7f68d0977000-7f68d0978000 rw-p 00043000 00:23 600524                     /usr/lib/ld-linux-x86-64.so.2
7f68d0978000-7f68d0979000 rw-p 00000000 00:00 0 
7ffd68149000-7ffd6816a000 rw-p 00000000 00:00 0                          [stack]
ffffffffff600000-ffffffffff601000 --xp 00000000 00:00 0                  [vsyscall]
Total number of mappings: 190

JVMTI agents: none


VM Arguments:
jvm_args: -Xmx8388608M 
java_command: org.semanticweb.HermiT.cli.CommandLine -c -O -D -I file:////var/tmp/tmpi2v19992 -Y
java_class_path (initial): /home/sainenco/code/onto-recomender/backend/env/lib/python3.14/site-packages/owlready2/hermit:/home/sainenco/code/onto-recomender/backend/env/lib/python3.14/site-packages/owlready2/hermit/HermiT.jar
Launcher Type: SUN_STANDARD

[Global flags]
     bool AOTAdapterCaching                        = false                                  {diagnostic} {ergonomic}
     bool AOTEagerlyLoadObjects                    = false                                  {diagnostic} {ergonomic}
     bool AOTInvokeDynamicLinking                  = false                                  {diagnostic} {ergonomic}
     bool AOTRecordTraining                        = false                                  {diagnostic} {ergonomic}
     bool AOTReplayTraining                        = false                                  {diagnostic} {ergonomic}
     bool AOTStubCaching                           = false                                  {diagnostic} {ergonomic}
     intx CICompilerCount                          = 4                                         {product} {ergonomic}
     uint ConcGCThreads                            = 3                                         {product} {ergonomic}
     uint G1ConcRefinementThreads                  = 10                                        {product} {ergonomic}
     uint G1EagerReclaimRemSetThreshold            = 256                                  {experimental} {ergonomic}
   size_t G1HeapRegionSize                         = 33554432                                  {product} {ergonomic}
     uint G1RemSetArrayOfCardsEntries              = 256                                  {experimental} {ergonomic}
     uint G1RemSetHowlMaxNumBuckets                = 8                                    {experimental} {ergonomic}
     uint G1RemSetHowlNumBuckets                   = 8                                    {experimental} {ergonomic}
   size_t InitialHeapSize                          = 33554432                                  {product} {ergonomic}
     bool IntelJccErratumMitigation                = false                             {ARCH diagnostic} {ergonomic}
   size_t MarkStackSize                            = 4194304                                   {product} {ergonomic}
   size_t MarkStackSizeMax                         = 536870912                                 {product} {ergonomic}
   size_t MaxHeapSize                              = 8796093022208                             {product} {command line}
   size_t MaxNewSize                               = 5277642391552                             {product} {ergonomic}
 uint64_t MaxRAM                                   = 16486813696                               {product} {ergonomic}
   size_t MinHeapDeltaBytes                        = 33554432                                  {product} {ergonomic}
   size_t MinHeapSize                              = 33554432                                  {product} {ergonomic}
   size_t NonNMethodCodeHeapSize                   = 5840896                                {pd product} {ergonomic}
   size_t NonProfiledCodeHeapSize                  = 122912768                              {pd product} {ergonomic}
     bool PerfDisableSharedMem                     = true                                      {product} {ergonomic}
   size_t ProfiledCodeHeapSize                     = 122912768                              {pd product} {ergonomic}
   size_t ReservedCodeCacheSize                    = 251666432                              {pd product} {ergonomic}
     bool SegmentedCodeCache                       = true                                      {product} {ergonomic}
   size_t SoftMaxHeapSize                          = 8796093022208                          {manageable} {ergonomic}
     bool UseCondCardMark                          = true                                      {product} {ergonomic}
     bool UseFastUnorderedTimeStamps               = true                                 {experimental} {ergonomic}
     bool UseG1GC                                  = true                                      {product} {ergonomic}
      int X86ICacheSync                            = 3                                 {ARCH diagnostic} {ergonomic}

Logging:
Log output configuration:
 #0: stdout all=warning uptime,level,tags foldmultilines=false
 #1: stderr all=off uptime,level,tags foldmultilines=false

Release file:
IMPLEMENTOR="Arch Linux"
JAVA_RUNTIME_VERSION="26.0.2"
JAVA_VERSION="26.0.2"
JAVA_VERSION_DATE="2026-07-21"
LIBC="gnu"
MODULES="java.base java.compiler java.datatransfer java.xml java.prefs java.desktop java.instrument java.logging java.management java.security.sasl java.naming java.rmi java.management.rmi java.net.http java.scripting java.security.jgss java.transaction.xa java.sql java.sql.rowset java.xml.crypto java.se java.smartcardio jdk.accessibility jdk.internal.jvmstat jdk.attach jdk.charsets jdk.internal.opt jdk.zipfs jdk.compiler jdk.crypto.cryptoki jdk.crypto.ec jdk.dynalink jdk.internal.ed jdk.editpad jdk.internal.vm.ci jdk.graal.compiler jdk.graal.compiler.management jdk.hotspot.agent jdk.httpserver jdk.incubator.vector jdk.internal.le jdk.internal.md jdk.jartool jdk.javadoc jdk.jcmd jdk.management jdk.management.agent jdk.jconsole jdk.jdeps jdk.jdwp.agent jdk.jdi jdk.jfr jdk.jlink jdk.jpackage jdk.jshell jdk.jstatd jdk.localedata jdk.management.jfr jdk.naming.dns jdk.naming.rmi jdk.net jdk.nio.mapmode jdk.sctp jdk.security.auth jdk.security.jgss jdk.unsupported jdk.unsupported.desktop jdk.xml.dom"
OS_ARCH="x86_64"
OS_NAME="Linux"
SOURCE=""

Environment Variables:
JAVA_HOME=/usr/lib/jvm/java-26-openjdk
PATH=/home/sainenco/code/onto-recomender/backend/env/bin:/home/sainenco/.local/bin:/home/sainenco/.local/bin:/home/sainenco/.local/bin:/home/sainenco/.local/bin:/usr/local/sbin:/usr/local/bin:/usr/sbin:/usr/bin:/sbin:/bin:/usr/lib/jvm/default/bin:/usr/bin/site_perl:/usr/bin/vendor_perl:/usr/bin/core_perl:/home/sainenco/.vscode-oss/extensions/ms-python.debugpy-2026.6.0-linux-x64/bundled/scripts/noConfigScripts
SHELL=/bin/fish
DISPLAY=:0
LANG=en_US.UTF-8
LC_NUMERIC=en_US.UTF-8
LC_TIME=en_US.UTF-8
TERM=xterm-256color

Active Locale:
LC_ALL=en_US.UTF-8
LC_COLLATE=en_US.UTF-8
LC_CTYPE=en_US.UTF-8
LC_MESSAGES=en_US.UTF-8
LC_MONETARY=en_US.UTF-8
LC_NUMERIC=en_US.UTF-8
LC_TIME=en_US.UTF-8

Signal Handlers:
   SIGSEGV: 0x00007f68cffc7bd0 in libjvm.so+16546768, mask=11100100010111111101111111111110, flags=SA_RESTART|SA_SIGINFO, unblocked
    SIGBUS: 0x00007f68cffc7bd0 in libjvm.so+16546768, mask=11100100010111111101111111111110, flags=SA_RESTART|SA_SIGINFO, unblocked
    SIGFPE: 0x00007f68cffc7bd0 in libjvm.so+16546768, mask=11100100010111111101111111111110, flags=SA_RESTART|SA_SIGINFO, unblocked
   SIGPIPE: 0x00007f68cfe0b980 in libjvm.so+14727552, mask=11100100010111111101111111111110, flags=SA_RESTART|SA_SIGINFO, unblocked
   SIGXFSZ: 0x00007f68cfe0b980 in libjvm.so+14727552, mask=11100100010111111101111111111110, flags=SA_RESTART|SA_SIGINFO, unblocked
    SIGILL: 0x00007f68cffc7bd0 in libjvm.so+16546768, mask=11100100010111111101111111111110, flags=SA_RESTART|SA_SIGINFO, unblocked
   SIGUSR2: 0x00007f68cfe0dbd0 in libjvm.so+14736336, mask=00000000000000000000000000000000, flags=SA_RESTART|SA_SIGINFO, unblocked
    SIGHUP: 0x00007f68cfe09690 in libjvm.so+14718608, mask=11100100010111111101111111111110, flags=SA_RESTART|SA_SIGINFO, unblocked
    SIGINT: 0x00007f68cfe09690 in libjvm.so+14718608, mask=11100100010111111101111111111110, flags=SA_RESTART|SA_SIGINFO, unblocked
   SIGTERM: 0x00007f68cfe09690 in libjvm.so+14718608, mask=11100100010111111101111111111110, flags=SA_RESTART|SA_SIGINFO, unblocked
   SIGQUIT: 0x00007f68cfe09690 in libjvm.so+14718608, mask=11100100010111111101111111111110, flags=SA_RESTART|SA_SIGINFO, unblocked
   SIGTRAP: 0x00007f68cffc7bd0 in libjvm.so+16546768, mask=11100100010111111101111111111110, flags=SA_RESTART|SA_SIGINFO, unblocked


Compilation memory statistics disabled.

Periodic native trim disabled

---------------  S Y S T E M  ---------------

OS:
DISTRIB_ID=cachyos
DISTRIB_RELEASE="rolling"
DISTRIB_DESCRIPTION="CachyOS"
uname: Linux 7.1.6-1-cachyos #1 SMP PREEMPT_DYNAMIC Wed, 05 Aug 2026 15:32:48 +0000 x86_64
OS uptime: 1 days 7:58 hours
libc: glibc 2.44 NPTL 2.44 
rlimit (soft/hard): STACK 16384k/infinity , CORE infinity/infinity , NPROC 61930/61930 , NOFILE 2097152/2097152 , AS infinity/infinity , CPU infinity/infinity , DATA infinity/infinity , FSIZE infinity/infinity , MEMLOCK 8192k/8192k
load average: 4.04 2.77 2.18

/proc/meminfo:
MemTotal:       16100404 kB
MemFree:         3978840 kB
MemAvailable:    4252364 kB
Buffers:              16 kB
Cached:          1165120 kB
SwapCached:         2336 kB
Active:          2565036 kB
Inactive:        5256048 kB
Active(anon):    2372880 kB
Inactive(anon):  4971144 kB
Active(file):     192156 kB
Inactive(file):   284904 kB
Unevictable:      311364 kB
Mlocked:               0 kB
SwapTotal:      16100348 kB
SwapFree:        3585204 kB
Zswap:                 0 kB
Zswapped:              0 kB
Dirty:                28 kB
Writeback:            48 kB
AnonPages:       6967160 kB
Mapped:           320420 kB
Shmem:            379860 kB
KReclaimable:     108860 kB
Slab:             332040 kB
SReclaimable:     108860 kB
SUnreclaim:       223180 kB
KernelStack:       18336 kB
PageTables:        62380 kB
SecPageTables:      2056 kB
NFS_Unstable:          0 kB
Bounce:                0 kB
WritebackTmp:          0 kB
CommitLimit:    24150548 kB
Committed_AS:   50336136 kB
VmallocTotal:   34359738367 kB
VmallocUsed:      181956 kB
VmallocChunk:          0 kB
Percpu:            11712 kB
HardwareCorrupted:     0 kB
AnonHugePages:    636928 kB
ShmemHugePages:    65536 kB
ShmemPmdMapped:        0 kB
FileHugePages:     38912 kB
FilePmdMapped:     38912 kB
CmaTotal:              0 kB
CmaFree:               0 kB
Unaccepted:            0 kB
Balloon:               0 kB
GPUActive:             0 kB
GPUReclaim:            0 kB
HugePages_Total:       0
HugePages_Free:        0
HugePages_Rsvd:        0
HugePages_Surp:        0
Hugepagesize:       2048 kB
Hugetlb:               0 kB
DirectMap4k:     2855220 kB
DirectMap2M:    13654016 kB
DirectMap1G:     1048576 kB

/sys/kernel/mm/transparent_hugepage/enabled: [always] madvise never
/sys/kernel/mm/transparent_hugepage/hpage_pmd_size: 2097152
/sys/kernel/mm/transparent_hugepage/shmem_enabled: always within_size [advise] never deny force
/sys/kernel/mm/transparent_hugepage/defrag (defrag/compaction efforts parameter): always defer [defer+madvise] madvise never

Process Memory:
Virtual Size: 8777170828K (peak: 8777219380K)
Resident Set Size: 5493664K (peak: 5499164K) (anon: 5478904K, file: 14760K, shmem: 0K)
Swapped out: 356736K
C-Heap outstanding allocations: 315205K, retained: 91066K
glibc malloc tunables: (default)

/proc/sys/kernel/threads-max (system-wide limit on the number of threads): 123860
/proc/sys/vm/max_map_count (maximum number of memory map areas a process may have): 1048576
/proc/sys/vm/swappiness (control to define how aggressively the kernel swaps out anonymous memory): 150
/proc/sys/kernel/pid_max (system-wide limit on number of process identifiers): 4194304

container information not found.
Steal ticks since vm start: 0
Steal ticks percentage since vm start:  0.000

CPU: total 12 (initial active 12) (6 cores per cpu, 2 threads per core) family 6 model 141 stepping 1 microcode 0x58, cx8, cmov, fxsr, ht, mmx, 3dnowpref, sse, sse2, sse3, ssse3, sse4.1, sse4.2, popcnt, lzcnt, tsc, tscinvbit, avx, avx2, aes, erms, clmul, bmi1, bmi2, adx, avx512f, avx512dq, avx512cd, avx512bw, avx512vl, sha, fma, vzeroupper, avx512_vpopcntdq, avx512_vpclmulqdq, avx512_vaes, avx512_vnni, clflush, clflushopt, clwb, avx512_vbmi2, avx512_vbmi, rdtscp, rdpid, fsrm, gfni, avx512_bitalg, f16c, pku, ospke, cet_ibt, cet_ss, avx512_ifma
CPU Model and flags from /proc/cpuinfo:
model name	: 11th Gen Intel(R) Core(TM) i5-11400H @ 2.70GHz
flags		: fpu vme de pse tsc msr pae mce cx8 apic sep mtrr pge mca cmov pat pse36 clflush dts acpi mmx fxsr sse sse2 ss ht tm pbe syscall nx pdpe1gb rdtscp lm constant_tsc art arch_perfmon pebs bts rep_good nopl xtopology nonstop_tsc cpuid aperfmperf tsc_known_freq pni pclmulqdq dtes64 monitor ds_cpl vmx est tm2 ssse3 sdbg fma cx16 xtpr pdcm pcid sse4_1 sse4_2 x2apic movbe popcnt tsc_deadline_timer aes xsave avx f16c rdrand lahf_lm abm 3dnowprefetch cpuid_fault epb cat_l2 cdp_l2 ssbd ibrs ibpb stibp ibrs_enhanced tpr_shadow flexpriority ept vpid ept_ad fsgsbase tsc_adjust bmi1 avx2 smep bmi2 erms invpcid rdt_a avx512f avx512dq rdseed adx smap avx512ifma clflushopt clwb intel_pt avx512cd sha_ni avx512bw avx512vl xsaveopt xsavec xgetbv1 xsaves split_lock_detect user_shstk dtherm ida arat pln pts hwp hwp_notify hwp_act_window hwp_epp hwp_pkg_req vnmi avx512vbmi umip pku ospke avx512_vbmi2 gfni vaes vpclmulqdq avx512_vnni avx512_bitalg avx512_vpopcntdq rdpid movdiri movdir64b fsrm avx512_vp2intersect md_clear ibt flush_l1d arch_capabilities

Online cpus: 0-11
Offline cpus: 
BIOS frequency limitation: <Not Available>
Frequency switch latency (ns): 0
Available cpu frequencies: <Not Available>
Current governor: powersave
Core performance/turbo boost: <Not Available>

Memory: 4k page, physical 16100404k(4252624k free), swap 16100348k(3585256k free)
Page Sizes: 4k

vm_info: OpenJDK 64-Bit Server VM (26.0.2) for linux-amd64 JRE (26.0.2), built on 2026-07-26T09:02:24Z with gcc 16.1.1 20260625

END.
